Plot Title: TwinFalls1,,,,,
#,"Date Time, GMT-10:00","Abs Pres, psi (LGR S/N: 20945531, SEN S/N: 20945531)","Temp, °F (LGR S/N: 20945531, SEN S/N: 20945531)","Abs Pres Barom., psi (LGR S/N: 10732841_duplicate, SEN S/N: 10732841)","Sensor Depth, feet (LGR S/N: 20945531_duplicate)"
1,1/28/2026 13:45,14.7061,74.271,,
2,1/28/2026 14:00,14.7073,70.824,14.4347,0.63
3,1/28/2026 14:15,14.706,70.995,14.4466,0.599
4,1/28/2026 14:30,14.7031,71.168,14.4616,0.558
5,1/28/2026 14:45,14.7,71.339,14.4603,0.554
6,1/28/2026 15:00,14.6949,71.339,14.4894,0.475
7,1/28/2026 15:15,14.6954,71.512,14.4838,0.489
8,1/28/2026 15:30,14.6971,71.512,14.2888,0.944
9,1/28/2026 15:45,14.6971,71.512,14.2888,0.944
10,1/28/2026 16:00,14.7013,71.168,14.2897,0.952
11,1/28/2026 16:15,14.7031,71.168,14.2897,0.956
12,1/28/2026 16:30,14.706,70.995,14.2936,0.953
13,1/28/2026 16:45,14.7042,70.995,14.2952,0.945
14,1/28/2026 17:00,14.706,70.995,14.2961,0.947
15,1/28/2026 17:15,14.706,70.995,14.2955,0.949
16,1/28/2026 17:30,14.7077,70.995,14.298,0.947
17,1/28/2026 17:45,14.7077,70.995,14.2972,0.949
18,1/28/2026 18:00,14.7106,70.824,14.2958,0.959
19,1/28/2026 18:15,14.7123,70.824,14.3013,0.95
20,1/28/2026 18:30,14.7119,70.651,14.3036,0.944
21,1/28/2026 18:45,14.7132,70.48,14.303,0.948
22,1/28/2026 19:00,14.7132,70.48,14.3055,0.942
23,1/28/2026 19:15,14.7161,70.308,14.308,0.943
24,1/28/2026 19:30,14.7196,70.308,14.3088,0.949
25,1/28/2026 19:45,14.7192,70.137,14.3097,0.946
26,1/28/2026 20:00,14.7225,70.137,14.3086,0.957
27,1/28/2026 20:15,14.7203,69.964,14.3113,0.945
28,1/28/2026 20:30,14.7238,69.964,14.313,0.949
29,1/28/2026 20:45,14.7238,69.964,14.3142,0.947
30,1/28/2026 21:00,14.7267,69.793,14.313,0.956
31,1/28/2026 21:15,14.7234,69.793,14.3112,0.953
32,1/28/2026 21:30,14.7234,69.793,14.313,0.948
33,1/28/2026 21:45,14.7251,69.793,14.3148,0.948
34,1/28/2026 22:00,14.7234,69.793,14.313,0.948
35,1/28/2026 22:15,14.7234,69.793,14.3117,0.951
36,1/28/2026 22:30,14.7194,69.622,14.3096,0.947
37,1/28/2026 22:45,14.7177,69.622,14.3059,0.952
38,1/28/2026 23:00,14.7126,69.622,14.3032,0.946
39,1/28/2026 23:15,14.7093,69.622,14.298,0.951
40,1/28/2026 23:30,14.7089,69.449,14.2952,0.956
41,1/28/2026 23:45,14.7054,69.449,14.293,0.953
42,1/29/2026 0:00,14.7071,69.449,14.2955,0.951
43,1/29/2026 0:15,14.7067,69.278,14.298,0.945
44,1/29/2026 0:30,14.7067,69.278,14.2968,0.947
45,1/29/2026 0:45,14.7083,69.278,14.2993,0.945
46,1/29/2026 1:00,14.7062,69.107,14.2985,0.942
47,1/29/2026 1:15,14.7045,69.107,14.298,0.94
48,1/29/2026 1:30,14.7096,69.107,14.2974,0.953
49,1/29/2026 1:45,14.7062,69.107,14.2983,0.943
50,1/29/2026 2:00,14.7078,69.107,14.2983,0.947
51,1/29/2026 2:15,14.7023,68.934,14.2946,0.942
52,1/29/2026 2:30,14.7023,68.934,14.29,0.953
53,1/29/2026 2:45,14.6973,68.934,14.2916,0.938
54,1/29/2026 3:00,14.6951,68.763,14.2907,0.934
55,1/29/2026 3:15,14.7002,68.763,14.2907,0.946
56,1/29/2026 3:30,14.6984,68.763,14.2907,0.942
57,1/29/2026 3:45,14.6984,68.763,14.2875,0.95
58,1/29/2026 4:00,14.7002,68.763,14.2897,0.949
59,1/29/2026 4:15,14.7002,68.763,14.2882,0.952
60,1/29/2026 4:30,14.7002,68.763,14.2913,0.945
61,1/29/2026 4:45,14.7002,68.763,14.2897,0.949
62,1/29/2026 5:00,14.6968,68.763,14.2882,0.944
63,1/29/2026 5:15,14.7019,68.763,14.2913,0.949
64,1/29/2026 5:30,14.7036,68.763,14.2913,0.953
65,1/29/2026 5:45,14.7019,68.763,14.2943,0.942
66,1/29/2026 6:00,14.7048,68.592,14.2927,0.952
67,1/29/2026 6:15,14.7065,68.592,14.2943,0.953
68,1/29/2026 6:30,14.7065,68.592,14.2958,0.949
69,1/29/2026 6:45,14.7065,68.592,14.2958,0.949
70,1/29/2026 7:00,14.7083,68.592,14.299,0.946
71,1/29/2026 7:15,14.7151,68.592,14.3035,0.951
72,1/29/2026 7:30,14.7168,68.592,14.3045,0.953
73,1/29/2026 7:45,14.7202,68.592,14.3122,0.943
74,1/29/2026 8:00,14.7219,68.592,14.3136,0.944
75,1/29/2026 8:15,14.727,68.592,14.3174,0.947
76,1/29/2026 8:30,14.727,68.592,14.3174,0.947
77,1/29/2026 8:45,14.7274,68.763,14.3194,0.943
78,1/29/2026 9:00,14.7274,68.763,14.3186,0.945
79,1/29/2026 9:15,14.7292,68.763,14.3216,0.942
80,1/29/2026 9:30,14.7326,68.763,14.3222,0.949
81,1/29/2026 9:45,14.7344,68.763,14.3235,0.95
82,1/29/2026 10:00,14.7313,68.934,14.3225,0.945
83,1/29/2026 10:15,14.7296,68.934,14.3216,0.943
84,1/29/2026 10:30,14.7296,68.934,14.3197,0.947
85,1/29/2026 10:45,14.73,69.107,14.3203,0.947
86,1/29/2026 11:00,14.7271,69.278,14.3186,0.944
87,1/29/2026 11:15,14.7237,69.278,14.3197,0.934
88,1/29/2026 11:30,14.7208,69.449,14.3158,0.936
89,1/29/2026 11:45,14.7216,69.793,14.3154,0.939
90,1/29/2026 12:00,14.717,69.964,14.313,0.934
91,1/29/2026 12:15,14.7144,70.308,14.309,0.937
92,1/29/2026 12:30,14.7149,70.48,14.3087,0.939
93,1/29/2026 12:45,14.7123,70.824,14.3032,0.946
94,1/29/2026 13:00,14.7055,70.824,14.3007,0.936
95,1/29/2026 13:15,14.7042,70.995,14.2967,0.942
96,1/29/2026 13:30,14.6978,71.168,14.2922,0.938
97,1/29/2026 13:45,14.6962,71.168,14.2881,0.943
98,1/29/2026 14:00,14.6949,71.339,14.2856,0.946
99,1/29/2026 14:15,14.6936,71.512,14.2864,0.942
100,1/29/2026 14:30,14.6936,71.512,14.2848,0.945
101,1/29/2026 14:45,14.6958,71.683,14.2878,0.943
102,1/29/2026 15:00,14.6941,71.683,14.2869,0.941
103,1/29/2026 15:15,14.6925,71.683,14.2884,0.934
104,1/29/2026 15:30,14.6941,71.683,14.2891,0.936
105,1/29/2026 15:45,14.6958,71.683,14.2922,0.933
106,1/29/2026 16:00,14.6993,71.683,14.2952,0.934
107,1/29/2026 16:15,14.6993,71.683,14.2968,0.93
108,1/29/2026 16:30,14.7004,71.512,14.2983,0.93
109,1/29/2026 16:45,14.7057,71.512,14.302,0.933
110,1/29/2026 17:00,14.7074,71.512,14.302,0.937
111,1/29/2026 17:15,14.709,71.512,14.3035,0.937
112,1/29/2026 17:30,14.7068,71.339,14.3081,0.922
113,1/29/2026 17:45,14.7154,71.339,14.3122,0.932
114,1/29/2026 18:00,14.7189,71.339,14.3152,0.933
115,1/29/2026 18:15,14.7235,71.168,14.3183,0.937
116,1/29/2026 18:30,14.7235,71.168,14.3197,0.933
117,1/29/2026 18:45,14.7252,71.168,14.3167,0.944
118,1/29/2026 19:00,14.7248,70.995,14.3177,0.941
119,1/29/2026 19:15,14.7266,70.995,14.3191,0.942
120,1/29/2026 19:30,14.7281,70.995,14.3177,0.949
121,1/29/2026 19:45,14.7281,70.995,14.3207,0.942
122,1/29/2026 20:00,14.7295,70.824,14.32,0.946
123,1/29/2026 20:15,14.7312,70.824,14.3216,0.947
124,1/29/2026 20:30,14.7345,70.824,14.3277,0.94
125,1/29/2026 20:45,14.7363,70.824,14.3257,0.949
126,1/29/2026 21:00,14.738,70.824,14.3296,0.944
127,1/29/2026 21:15,14.738,70.824,14.3312,0.94
128,1/29/2026 21:30,14.7413,70.824,14.3305,0.95
129,1/29/2026 21:45,14.7413,70.824,14.3351,0.939
130,1/29/2026 22:00,14.7413,70.824,14.3315,0.947
131,1/29/2026 22:15,14.7409,70.651,14.3329,0.943
132,1/29/2026 22:30,14.7409,70.651,14.3307,0.948
133,1/29/2026 22:45,14.7444,70.651,14.3339,0.949
134,1/29/2026 23:00,14.7409,70.651,14.3318,0.946
135,1/29/2026 23:15,14.7387,70.48,14.331,0.942
136,1/29/2026 23:30,14.7371,70.48,14.3265,0.949
137,1/29/2026 23:45,14.7354,70.48,14.3258,0.947
138,1/30/2026 0:00,14.735,70.308,14.3252,0.947
139,1/30/2026 0:15,14.7332,70.308,14.3216,0.951
140,1/30/2026 0:30,14.7315,70.308,14.3178,0.956
141,1/30/2026 0:45,14.7328,70.137,14.3219,0.95
142,1/30/2026 1:00,14.7277,70.137,14.3167,0.95
143,1/30/2026 1:15,14.7242,70.137,14.313,0.95
144,1/30/2026 1:30,14.7238,69.964,14.3123,0.951
145,1/30/2026 1:45,14.7255,69.964,14.3148,0.949
146,1/30/2026 2:00,14.7271,69.964,14.3189,0.944
147,1/30/2026 2:15,14.7234,69.793,14.312,0.951
148,1/30/2026 2:30,14.7199,69.793,14.3115,0.944
149,1/30/2026 2:45,14.7183,69.793,14.3109,0.942
150,1/30/2026 3:00,14.7144,69.622,14.3071,0.941
151,1/30/2026 3:15,14.7144,69.622,14.3051,0.946
152,1/30/2026 3:30,14.7144,69.622,14.3029,0.951
153,1/30/2026 3:45,14.7126,69.622,14.2983,0.958
154,1/30/2026 4:00,14.7139,69.449,14.3038,0.948
155,1/30/2026 4:15,14.7157,69.449,14.3048,0.95
156,1/30/2026 4:30,14.719,69.449,14.3078,0.95
157,1/30/2026 4:45,14.7168,69.278,14.3087,0.943
158,1/30/2026 5:00,14.7221,69.278,14.3097,0.953
159,1/30/2026 5:15,14.7203,69.278,14.3097,0.949
160,1/30/2026 5:30,14.7164,69.107,14.3029,0.956
161,1/30/2026 5:45,14.7181,69.107,14.3075,0.949
162,1/30/2026 6:00,14.7181,69.107,14.307,0.95
163,1/30/2026 6:15,14.7263,68.934,14.313,0.955
164,1/30/2026 6:30,14.7263,68.934,14.3146,0.951
165,1/30/2026 6:45,14.7245,68.934,14.3155,0.945
166,1/30/2026 7:00,14.7258,68.763,14.3155,0.948
167,1/30/2026 7:15,14.7309,68.763,14.318,0.954
168,1/30/2026 7:30,14.7338,68.592,14.321,0.954
169,1/30/2026 7:45,14.739,68.592,14.3265,0.953
170,1/30/2026 8:00,14.7408,68.592,14.3281,0.954
171,1/30/2026 8:15,14.7458,68.592,14.3306,0.96
172,1/30/2026 8:30,14.7476,68.592,14.332,0.96
173,1/30/2026 8:45,14.7492,68.592,14.3397,0.946
174,1/30/2026 9:00,14.7527,68.592,14.3397,0.954
175,1/30/2026 9:15,14.7492,68.592,14.3397,0.946
176,1/30/2026 9:30,14.7544,68.592,14.3403,0.957
177,1/30/2026 9:45,14.7509,68.592,14.3419,0.945
178,1/30/2026 10:00,14.756,68.592,14.3455,0.949
179,1/30/2026 10:15,14.756,68.592,14.3468,0.946
180,1/30/2026 10:30,14.756,68.592,14.3474,0.944
181,1/30/2026 10:45,14.7514,68.763,14.3441,0.941
182,1/30/2026 11:00,14.7518,68.934,14.3392,0.954
183,1/30/2026 11:15,14.7467,68.934,14.3342,0.953
184,1/30/2026 11:30,14.7403,69.107,14.3323,0.943
185,1/30/2026 11:45,14.7374,69.278,14.3326,0.936
186,1/30/2026 12:00,14.7361,69.449,14.3307,0.937
187,1/30/2026 12:15,14.7366,69.622,14.3274,0.946
188,1/30/2026 12:30,14.7319,69.793,14.3241,0.943
189,1/30/2026 12:45,14.7289,69.964,14.3206,0.944
190,1/30/2026 13:00,14.7242,70.137,14.3173,0.941
191,1/30/2026 13:15,14.7208,70.137,14.3947,0.754
192,1/30/2026 13:30,14.7178,70.308,14.3906,0.756
193,1/30/2026 13:45,14.7178,70.308,14.3136,0.934
194,1/30/2026 14:00,14.7144,70.308,14.3072,0.941
195,1/30/2026 14:15,14.711,70.308,14.3065,0.935
196,1/30/2026 14:30,14.7115,70.48,14.2996,0.952
197,1/30/2026 14:45,14.7097,70.48,14.3001,0.947
198,1/30/2026 15:00,14.708,70.48,14.2988,0.946
199,1/30/2026 15:15,14.7132,70.48,14.3004,0.954
200,1/30/2026 15:30,14.7115,70.48,14.3051,0.939
201,1/30/2026 15:45,14.7149,70.48,14.3054,0.947
202,1/30/2026 16:00,14.7183,70.48,14.3057,0.954
203,1/30/2026 16:15,14.72,70.48,14.3081,0.952
204,1/30/2026 16:30,14.7218,70.48,14.3093,0.953
205,1/30/2026 16:45,14.7268,70.48,14.3099,0.964
206,1/30/2026 17:00,14.7268,70.48,14.3117,0.959
207,1/30/2026 17:15,14.7319,70.48,14.3136,0.967
208,1/30/2026 17:30,14.7319,70.48,14.317,0.959
209,1/30/2026 17:45,14.7354,70.48,14.3173,0.967
210,1/30/2026 18:00,14.74,70.308,14.3191,0.973
211,1/30/2026 18:15,14.7383,70.308,14.3178,0.972
212,1/30/2026 18:30,14.74,70.308,14.3213,0.968
213,1/30/2026 18:45,14.7429,70.137,14.3238,0.969
214,1/30/2026 19:00,14.7447,70.137,14.3255,0.969
215,1/30/2026 19:15,14.7447,70.137,14.3265,0.966
216,1/30/2026 19:30,14.7499,70.137,14.3274,0.977
217,1/30/2026 19:45,14.7499,70.137,14.3277,0.976
218,1/30/2026 20:00,14.7528,69.964,14.3332,0.97
219,1/30/2026 20:15,14.7511,69.964,14.3326,0.967
220,1/30/2026 20:30,14.7545,69.964,14.3345,0.971
221,1/30/2026 20:45,14.7596,69.964,14.3354,0.981
222,1/30/2026 21:00,14.7596,69.964,14.3348,0.982
223,1/30/2026 21:15,14.7596,69.964,14.3342,0.983
224,1/30/2026 21:30,14.7579,69.964,14.3326,0.983
225,1/30/2026 21:45,14.7592,69.793,14.3336,0.984
226,1/30/2026 22:00,14.7627,69.793,14.3331,0.993
227,1/30/2026 22:15,14.7677,69.793,14.3339,1.003
228,1/30/2026 22:30,14.7728,69.793,14.3318,1.019
229,1/30/2026 22:45,14.7763,69.793,14.3312,1.029
230,1/30/2026 23:00,14.7759,69.622,14.3281,1.035
231,1/30/2026 23:15,14.7792,69.622,14.329,1.041
232,1/30/2026 23:30,14.7809,69.622,14.329,1.045
233,1/30/2026 23:45,14.7809,69.622,14.327,1.049
234,1/31/2026 0:00,14.7809,69.622,14.327,1.049
235,1/31/2026 0:15,14.7809,69.622,14.3284,1.046
236,1/31/2026 0:30,14.7809,69.622,14.3278,1.047
237,1/31/2026 0:45,14.786,69.622,14.3294,1.055
238,1/31/2026 1:00,14.7843,69.622,14.3232,1.066
239,1/31/2026 1:15,14.7843,69.622,14.3242,1.063
240,1/31/2026 1:30,14.7827,69.622,14.3226,1.063
241,1/31/2026 1:45,14.7843,69.622,14.3226,1.067
242,1/31/2026 2:00,14.786,69.622,14.3212,1.074
243,1/31/2026 2:15,14.7843,69.622,14.3181,1.077
244,1/31/2026 2:30,14.7843,69.622,14.3149,1.085
245,1/31/2026 2:45,14.7809,69.622,14.3149,1.077
246,1/31/2026 3:00,14.7827,69.622,14.3159,1.079
247,1/31/2026 3:15,14.7822,69.449,14.3174,1.074
248,1/31/2026 3:30,14.7856,69.449,14.3174,1.082
249,1/31/2026 3:45,14.7873,69.449,14.3154,1.091
250,1/31/2026 4:00,14.7873,69.449,14.3154,1.091
251,1/31/2026 4:15,14.7891,69.449,14.3116,1.104
252,1/31/2026 4:30,14.7907,69.449,14.3126,1.105
253,1/31/2026 4:45,14.7907,69.449,14.311,1.109
254,1/31/2026 5:00,14.7924,69.449,14.3104,1.114
255,1/31/2026 5:15,14.7924,69.449,14.3099,1.115
256,1/31/2026 5:30,14.7941,69.449,14.3123,1.114
257,1/31/2026 5:45,14.797,69.278,14.3117,1.122
258,1/31/2026 6:00,14.7954,69.278,14.3194,1.1
259,1/31/2026 6:15,14.7988,69.278,14.3189,1.109
260,1/31/2026 6:30,14.8005,69.278,14.3167,1.118
261,1/31/2026 6:45,14.804,69.278,14.3238,1.11
262,1/31/2026 7:00,14.8069,69.107,14.3262,1.111
263,1/31/2026 7:15,14.8086,69.107,14.3255,1.117
264,1/31/2026 7:30,14.812,69.107,14.3287,1.117
265,1/31/2026 7:45,14.8155,69.107,14.3332,1.115
266,1/31/2026 8:00,14.8172,69.107,14.3332,1.119
267,1/31/2026 8:15,14.8168,68.934,14.3363,1.11
268,1/31/2026 8:30,14.8201,68.934,14.3354,1.12
269,1/31/2026 8:45,14.8201,68.934,14.3387,1.112
270,1/31/2026 9:00,14.8201,68.934,14.3412,1.107
271,1/31/2026 9:15,14.8256,69.107,14.3435,1.114
272,1/31/2026 9:30,14.8256,69.107,14.3466,1.107
273,1/31/2026 9:45,14.8256,69.107,14.348,1.104
274,1/31/2026 10:00,14.8245,69.278,14.3474,1.102
275,1/31/2026 10:15,14.8227,69.278,14.3483,1.096
276,1/31/2026 10:30,14.8214,69.449,14.3452,1.1
277,1/31/2026 10:45,14.8202,69.622,14.3452,1.098
278,1/31/2026 11:00,14.8168,69.622,14.3415,1.099
279,1/31/2026 11:15,14.8121,69.793,14.3397,1.092
280,1/31/2026 11:30,14.8108,69.964,14.3339,1.102
281,1/31/2026 11:45,14.8079,70.137,14.3309,1.103
282,1/31/2026 12:00,14.8015,70.308,14.3278,1.095
283,1/31/2026 12:15,14.7985,70.48,14.3232,1.099
284,1/31/2026 12:30,14.7905,70.651,14.3212,1.085
285,1/31/2026 12:45,14.7888,70.651,14.3193,1.085
286,1/31/2026 13:00,14.7927,70.824,14.3129,1.109
287,1/31/2026 13:15,14.8648,70.995,14.3074,1.288
288,1/31/2026 13:30,14.9006,70.995,14.3046,1.378
289,1/31/2026 13:45,14.9023,70.995,14.3032,1.385
290,1/31/2026 14:00,14.8989,70.995,14.2996,1.385
291,1/31/2026 14:15,14.8926,71.168,14.2968,1.377
292,1/31/2026 14:30,14.8874,71.168,14.2984,1.362
293,1/31/2026 14:45,14.8828,71.339,14.2949,1.359
294,1/31/2026 15:00,14.8725,71.339,14.2922,1.341
295,1/31/2026 15:15,14.8674,71.339,14.2938,1.326
296,1/31/2026 15:30,14.8606,71.339,14.2925,1.313
297,1/31/2026 15:45,14.8593,71.512,14.2914,1.313
298,1/31/2026 16:00,14.8577,71.512,14.2948,1.301
299,1/31/2026 16:15,14.8524,71.512,14.292,1.296
300,1/31/2026 16:30,14.8507,71.512,14.2948,1.285
301,1/31/2026 16:45,14.8474,71.512,14.2929,1.282
302,1/31/2026 17:00,14.8423,71.512,14.2956,1.264
303,1/31/2026 17:15,14.8406,71.512,14.2952,1.261
304,1/31/2026 17:30,14.8371,71.512,14.298,1.246
305,1/31/2026 17:45,14.8355,71.512,14.2993,1.24
306,1/31/2026 18:00,14.8337,71.512,14.2988,1.237
307,1/31/2026 18:15,14.8316,71.339,14.2985,1.232
308,1/31/2026 18:30,14.8281,71.339,14.3022,1.216
309,1/31/2026 18:45,14.8281,71.339,14.3051,1.209
310,1/31/2026 19:00,14.8247,71.339,14.3062,1.199
311,1/31/2026 19:15,14.8208,71.168,14.3081,1.185
312,1/31/2026 19:30,14.8243,71.168,14.3109,1.187
313,1/31/2026 19:45,14.8208,71.168,14.3096,1.182
314,1/31/2026 20:00,14.8208,71.168,14.3145,1.17
315,1/31/2026 20:15,14.8175,71.168,14.3164,1.158
316,1/31/2026 20:30,14.8187,70.995,14.3183,1.157
317,1/31/2026 20:45,14.8187,70.995,14.3186,1.156
318,1/31/2026 21:00,14.8187,70.995,14.3204,1.152
319,1/31/2026 21:15,14.8165,70.824,14.3213,1.145
320,1/31/2026 21:30,14.8114,70.824,14.3186,1.139
321,1/31/2026 21:45,14.8114,70.824,14.319,1.138
322,1/31/2026 22:00,14.8075,70.651,14.3193,1.128
323,1/31/2026 22:15,14.811,70.651,14.3196,1.136
324,1/31/2026 22:30,14.8059,70.651,14.3199,1.123
325,1/31/2026 22:45,14.802,70.48,14.3178,1.119
326,1/31/2026 23:00,14.802,70.48,14.3165,1.122
327,1/31/2026 23:15,14.7963,70.308,14.3175,1.107
328,1/31/2026 23:30,14.793,70.308,14.3148,1.105
329,1/31/2026 23:45,14.7912,70.308,14.3112,1.11
330,2/1/2026 0:00,14.784,70.137,14.3084,1.099
331,2/1/2026 0:15,14.784,70.137,14.3078,1.101
332,2/1/2026 0:30,14.7772,70.137,14.3035,1.095
333,2/1/2026 0:45,14.7767,69.964,14.3023,1.097
334,2/1/2026 1:00,14.775,69.964,14.3026,1.092
335,2/1/2026 1:15,14.7763,69.793,14.3045,1.09
336,2/1/2026 1:30,14.7711,69.793,14.3009,1.087
337,2/1/2026 1:45,14.7643,69.793,14.2956,1.083
338,2/1/2026 2:00,14.7605,69.622,14.2975,1.07
339,2/1/2026 2:15,14.7588,69.622,14.2909,1.081
340,2/1/2026 2:30,14.7553,69.622,14.2903,1.075
341,2/1/2026 2:45,14.7532,69.449,14.2897,1.071
342,2/1/2026 3:00,14.7515,69.449,14.2875,1.072
343,2/1/2026 3:15,14.7493,69.278,14.2869,1.069
344,2/1/2026 3:30,14.7458,69.278,14.2864,1.062
345,2/1/2026 3:45,14.7438,69.107,14.2852,1.06
346,2/1/2026 4:00,14.7403,69.107,14.2861,1.05
347,2/1/2026 4:15,14.7386,69.107,14.2819,1.056
348,2/1/2026 4:30,14.7382,68.934,14.2813,1.056
349,2/1/2026 4:45,14.7399,68.934,14.2852,1.051
350,2/1/2026 5:00,14.7428,68.763,14.2909,1.044
351,2/1/2026 5:15,14.7428,68.763,14.2887,1.049
352,2/1/2026 5:30,14.739,68.592,14.2881,1.042
353,2/1/2026 5:45,14.7338,68.592,14.2845,1.038
354,2/1/2026 6:00,14.7338,68.592,14.2845,1.038
355,2/1/2026 6:15,14.73,68.421,14.2813,1.037
356,2/1/2026 6:30,14.7283,68.421,14.2823,1.031
357,2/1/2026 6:45,14.7334,68.421,14.2884,1.028
358,2/1/2026 7:00,14.7329,68.248,14.2878,1.029
359,2/1/2026 7:15,14.7329,68.248,14.2869,1.031
360,2/1/2026 7:30,14.7377,68.077,14.2914,1.031
361,2/1/2026 7:45,14.7393,68.077,14.2945,1.028
362,2/1/2026 8:00,14.736,68.077,14.2964,1.016
363,2/1/2026 8:15,14.7411,68.077,14.2971,1.026
364,2/1/2026 8:30,14.7441,67.906,14.3013,1.023
365,2/1/2026 8:45,14.7441,67.906,14.3045,1.016
366,2/1/2026 9:00,14.7457,67.906,14.302,1.025
367,2/1/2026 9:15,14.7461,68.077,14.3059,1.017
368,2/1/2026 9:30,14.7445,68.077,14.3083,1.008
369,2/1/2026 9:45,14.7461,68.077,14.3099,1.008
370,2/1/2026 10:00,14.7445,68.077,14.3072,1.01
371,2/1/2026 10:15,14.7411,68.077,14.3048,1.008
372,2/1/2026 10:30,14.7415,68.248,14.3042,1.011
373,2/1/2026 10:45,14.7347,68.248,14.3001,1.004
374,2/1/2026 11:00,14.7313,68.248,14.2991,0.999
375,2/1/2026 11:15,14.7266,68.421,14.2952,0.997
376,2/1/2026 11:30,14.7241,68.763,14.2884,1.007
377,2/1/2026 11:45,14.7177,68.934,14.2853,0.999
378,2/1/2026 12:00,14.7131,69.107,14.283,0.994
379,2/1/2026 12:15,14.7067,69.278,14.2769,0.993
380,2/1/2026 12:30,14.7058,69.622,14.2748,0.996
381,2/1/2026 12:45,14.6965,69.964,14.2697,0.987
382,2/1/2026 13:00,14.6917,70.137,14.2653,0.986
383,2/1/2026 13:15,14.6906,70.308,14.2559,1.005
384,2/1/2026 13:30,14.6858,70.48,14.2578,0.989
385,2/1/2026 13:45,14.68,70.824,14.2553,0.982
386,2/1/2026 14:00,14.6787,70.995,14.2529,0.984
387,2/1/2026 14:15,14.6756,71.168,14.2489,0.986
388,2/1/2026 14:30,14.6727,71.339,14.2437,0.992
389,2/1/2026 14:45,14.6703,71.683,14.2443,0.985
390,2/1/2026 15:00,14.6643,72.028,14.2437,0.972
391,2/1/2026 15:15,14.6648,72.199,14.243,0.975
392,2/1/2026 15:30,14.6635,72.372,14.244,0.97
393,2/1/2026 15:45,14.663,72.199,14.244,0.969
394,2/1/2026 16:00,14.663,72.199,14.2408,0.976
395,2/1/2026 16:15,14.6677,72.028,14.2469,0.973
396,2/1/2026 16:30,14.6707,71.856,14.2459,0.982
397,2/1/2026 16:45,14.6736,71.683,14.2494,0.981
398,2/1/2026 17:00,14.6736,71.683,14.2507,0.978
399,2/1/2026 17:15,14.6767,71.512,14.254,0.977
400,2/1/2026 17:30,14.6767,71.512,14.2549,0.975
401,2/1/2026 17:45,14.6778,71.339,14.255,0.977
402,2/1/2026 18:00,14.6813,71.339,14.2559,0.983
403,2/1/2026 18:15,14.6826,71.168,14.255,0.988
404,2/1/2026 18:30,14.6826,71.168,14.2556,0.987
405,2/1/2026 18:45,14.6855,70.995,14.2584,0.987
406,2/1/2026 19:00,14.6851,70.824,14.2595,0.984
407,2/1/2026 19:15,14.6901,70.824,14.2608,0.992
408,2/1/2026 19:30,14.688,70.651,14.2611,0.987
409,2/1/2026 19:45,14.688,70.651,14.26,0.989
410,2/1/2026 20:00,14.6893,70.48,14.2608,0.99
411,2/1/2026 20:15,14.6875,70.48,14.2642,0.979
412,2/1/2026 20:30,14.691,70.48,14.2661,0.982
413,2/1/2026 20:45,14.6957,70.308,14.2691,0.986
414,2/1/2026 21:00,14.6957,70.308,14.2679,0.989
415,2/1/2026 21:15,14.6935,70.137,14.2674,0.985
416,2/1/2026 21:30,14.6917,70.137,14.2668,0.982
417,2/1/2026 21:45,14.6935,70.137,14.2685,0.982
418,2/1/2026 22:00,14.6913,69.964,14.2655,0.984
419,2/1/2026 22:15,14.6862,69.964,14.264,0.976
420,2/1/2026 22:30,14.688,69.964,14.2633,0.982
421,2/1/2026 22:45,14.6858,69.793,14.2613,0.981
422,2/1/2026 23:00,14.6807,69.793,14.2545,0.985
423,2/1/2026 23:15,14.679,69.793,14.2555,0.979
424,2/1/2026 23:30,14.6751,69.622,14.2539,0.973
425,2/1/2026 23:45,14.6768,69.622,14.2524,0.981
426,2/2/2026 0:00,14.6733,69.622,14.2524,0.973
427,2/2/2026 0:15,14.6696,69.449,14.2478,0.975
428,2/2/2026 0:30,14.6713,69.449,14.2478,0.979
429,2/2/2026 0:45,14.6746,69.449,14.2442,0.995
430,2/2/2026 1:00,14.6643,69.449,14.2395,0.982
431,2/2/2026 1:15,14.6643,69.449,14.2389,0.983
432,2/2/2026 1:30,14.661,69.449,14.2368,0.98
433,2/2/2026 1:45,14.6559,69.449,14.2315,0.981
434,2/2/2026 2:00,14.6537,69.278,14.2315,0.976
435,2/2/2026 2:15,14.6485,69.278,14.2285,0.971
436,2/2/2026 2:30,14.6469,69.278,14.2239,0.978
437,2/2/2026 2:45,14.6452,69.278,14.2214,0.979
438,2/2/2026 3:00,14.6417,69.278,14.2189,0.977
439,2/2/2026 3:15,14.6413,69.107,14.2175,0.979
440,2/2/2026 3:30,14.6397,69.107,14.2189,0.972
441,2/2/2026 3:45,14.6397,69.107,14.2189,0.972
442,2/2/2026 4:00,14.6426,68.934,14.2165,0.985
443,2/2/2026 4:15,14.6392,68.934,14.2175,0.975
444,2/2/2026 4:30,14.6375,68.934,14.2165,0.973
445,2/2/2026 4:45,14.6358,68.934,14.212,0.979
446,2/2/2026 5:00,14.6387,68.763,14.218,0.972
447,2/2/2026 5:15,14.6371,68.763,14.215,0.975
448,2/2/2026 5:30,14.6404,68.763,14.218,0.976
449,2/2/2026 5:45,14.6382,68.592,14.2175,0.972
450,2/2/2026 6:00,14.64,68.592,14.2189,0.973
451,2/2/2026 6:15,14.64,68.592,14.2205,0.969
452,2/2/2026 6:30,14.6378,68.421,14.2144,0.978
453,2/2/2026 6:45,14.6378,68.421,14.2205,0.964
454,2/2/2026 7:00,14.6378,68.421,14.2189,0.968
455,2/2/2026 7:15,14.6408,68.248,14.2205,0.971
456,2/2/2026 7:30,14.6426,68.248,14.2211,0.974
457,2/2/2026 7:45,14.6426,68.248,14.2217,0.973
458,2/2/2026 8:00,14.6437,68.077,14.2208,0.977
459,2/2/2026 8:15,14.6404,68.077,14.2211,0.969
460,2/2/2026 8:30,14.6421,68.077,14.2176,0.981
461,2/2/2026 8:45,14.6421,68.077,14.2149,0.987
462,2/2/2026 9:00,14.6455,68.077,14.2198,0.984
463,2/2/2026 9:15,14.6472,68.077,14.2201,0.987
464,2/2/2026 9:30,14.6472,68.077,14.2212,0.984
465,2/2/2026 9:45,14.6455,68.077,14.2252,0.971
466,2/2/2026 10:00,14.6455,68.077,14.2265,0.968
467,2/2/2026 10:15,14.6442,68.248,14.2273,0.963
468,2/2/2026 10:30,14.6459,68.248,14.2246,0.974
469,2/2/2026 10:45,14.6408,68.248,14.2249,0.961
470,2/2/2026 11:00,14.6413,68.421,14.2185,0.977
471,2/2/2026 11:15,14.6366,68.592,14.2182,0.967
472,2/2/2026 11:30,14.6336,68.763,14.2163,0.964
473,2/2/2026 11:45,14.6307,68.934,14.2204,0.948
474,2/2/2026 12:00,14.6263,69.278,14.2149,0.951
475,2/2/2026 12:15,14.6217,69.449,14.214,0.942
476,2/2/2026 12:30,14.6157,69.793,14.2072,0.944
477,2/2/2026 12:45,14.6115,70.137,14.2033,0.944
478,2/2/2026 13:00,14.6052,70.308,14.2014,0.933
479,2/2/2026 13:15,14.6023,70.48,14.2009,0.928
480,2/2/2026 13:30,14.5959,70.651,14.1985,0.919
481,2/2/2026 13:45,14.5911,70.824,14.196,0.913
482,2/2/2026 14:00,14.5937,71.168,14.1918,0.929
483,2/2/2026 14:15,14.5895,71.512,14.1893,0.925
484,2/2/2026 14:30,14.5888,71.856,14.1853,0.933
485,2/2/2026 14:45,14.5875,72.028,14.1786,0.945
486,2/2/2026 15:00,14.5914,72.199,14.1795,0.952
487,2/2/2026 15:15,14.5872,72.545,14.1889,0.921
488,2/2/2026 15:30,14.5931,72.891,14.1928,0.926
489,2/2/2026 15:45,14.5914,72.891,14.1964,0.913
490,2/2/2026 16:00,14.5978,72.718,14.1918,0.939
491,2/2/2026 16:15,14.594,72.545,14.187,0.941
492,2/2/2026 16:30,14.5892,72.028,14.1911,0.92
493,2/2/2026 16:45,14.587,71.856,14.1938,0.909
494,2/2/2026 17:00,14.5888,71.856,14.1909,0.92
495,2/2/2026 17:15,14.5951,71.683,14.1899,0.937
496,2/2/2026 17:30,14.5998,71.512,14.1973,0.93
497,2/2/2026 17:45,14.6079,71.339,14.1998,0.944
498,2/2/2026 18:00,14.6143,71.168,14.2044,0.948
499,2/2/2026 18:15,14.6228,71.168,14.2108,0.953
500,2/2/2026 18:30,14.6275,70.995,14.2141,0.956
501,2/2/2026 18:45,14.6356,70.824,14.213,0.977
502,2/2/2026 19:00,14.635,70.651,14.216,0.969
503,2/2/2026 19:15,14.6449,70.48,14.2231,0.975
504,2/2/2026 19:30,14.6398,70.48,14.2256,0.957
505,2/2/2026 19:45,14.6427,70.308,14.221,0.975
506,2/2/2026 20:00,14.6462,70.308,14.2286,0.965
507,2/2/2026 20:15,14.6508,70.137,14.2308,0.971
508,2/2/2026 20:30,14.6491,70.137,14.2308,0.967
509,2/2/2026 20:45,14.6504,69.964,14.2353,0.959
510,2/2/2026 21:00,14.6516,69.793,14.2323,0.969
511,2/2/2026 21:15,14.655,69.793,14.2353,0.97
512,2/2/2026 21:30,14.6482,69.793,14.2286,0.97
513,2/2/2026 21:45,14.6511,69.622,14.2363,0.959
514,2/2/2026 22:00,14.6546,69.622,14.2363,0.967
515,2/2/2026 22:15,14.6491,69.449,14.2347,0.958
516,2/2/2026 22:30,14.6491,69.449,14.2333,0.961
517,2/2/2026 22:45,14.6439,69.449,14.2394,0.935
518,2/2/2026 23:00,14.6421,69.449,14.2394,0.931
519,2/2/2026 23:15,14.6401,69.278,14.2363,0.933
520,2/2/2026 23:30,14.6401,69.278,14.2378,0.93
521,2/2/2026 23:45,14.6333,69.278,14.2302,0.932
522,2/3/2026 0:00,14.6333,69.278,14.2286,0.935
523,2/3/2026 0:15,14.6345,69.107,14.2302,0.934
524,2/3/2026 0:30,14.6329,69.107,14.2311,0.928
525,2/3/2026 0:45,14.6311,69.107,14.2281,0.932
526,2/3/2026 1:00,14.6392,68.934,14.2295,0.947
527,2/3/2026 1:15,14.6375,68.934,14.2305,0.941
528,2/3/2026 1:30,14.6392,68.934,14.232,0.941
529,2/3/2026 1:45,14.6443,68.934,14.2305,0.956
530,2/3/2026 2:00,14.6443,68.934,14.2344,0.947
531,2/3/2026 2:15,14.6443,68.934,14.2339,0.949
532,2/3/2026 2:30,14.6545,68.934,14.2379,0.963
533,2/3/2026 2:45,14.6579,68.934,14.2424,0.96
534,2/3/2026 3:00,14.6545,68.934,14.2434,0.95
535,2/3/2026 3:15,14.6579,68.934,14.2366,0.974
536,2/3/2026 3:30,14.6533,69.107,14.2366,0.963
537,2/3/2026 3:45,14.6566,69.107,14.2391,0.965
538,2/3/2026 4:00,14.6566,69.107,14.2376,0.968
539,2/3/2026 4:15,14.6584,69.107,14.2355,0.977
540,2/3/2026 4:30,14.6533,69.107,14.2363,0.964
541,2/3/2026 4:45,14.6566,69.107,14.2363,0.971
542,2/3/2026 5:00,14.6584,69.107,14.2404,0.966
543,2/3/2026 5:15,14.6566,69.107,14.2434,0.955
544,2/3/2026 5:30,14.6635,69.107,14.2459,0.965
545,2/3/2026 5:45,14.6669,69.107,14.2489,0.966
546,2/3/2026 6:00,14.672,69.107,14.255,0.964
547,2/3/2026 6:15,14.6772,69.107,14.2582,0.968
548,2/3/2026 6:30,14.6823,69.107,14.2621,0.971
549,2/3/2026 6:45,14.6857,69.107,14.2637,0.975
550,2/3/2026 7:00,14.6909,69.107,14.2677,0.978
551,2/3/2026 7:15,14.6942,69.107,14.2739,0.971
552,2/3/2026 7:30,14.6959,69.107,14.2764,0.97
553,2/3/2026 7:45,14.6994,69.107,14.2764,0.978
554,2/3/2026 8:00,14.6994,69.107,14.2809,0.967
555,2/3/2026 8:15,14.7028,69.107,14.2839,0.968
556,2/3/2026 8:30,14.7045,69.107,14.283,0.974
557,2/3/2026 8:45,14.7078,69.107,14.2861,0.975
558,2/3/2026 9:00,14.7113,69.107,14.2913,0.971
559,2/3/2026 9:15,14.7147,69.107,14.2925,0.976
560,2/3/2026 9:30,14.7186,69.278,14.2932,0.983
561,2/3/2026 9:45,14.7203,69.278,14.2974,0.977
562,2/3/2026 10:00,14.7186,69.278,14.2985,0.971
563,2/3/2026 10:15,14.719,69.449,14.2974,0.974
564,2/3/2026 10:30,14.719,69.449,14.2991,0.97
565,2/3/2026 10:45,14.7194,69.622,14.298,0.974
566,2/3/2026 11:00,14.7165,69.793,14.2952,0.974
567,2/3/2026 11:15,14.7165,69.793,14.2961,0.972
568,2/3/2026 11:30,14.7131,69.793,14.2939,0.969
569,2/3/2026 11:45,14.7119,69.964,14.2903,0.975
570,2/3/2026 12:00,14.7084,69.964,14.2858,0.977
571,2/3/2026 12:15,14.7071,70.137,14.2867,0.972
572,2/3/2026 12:30,14.7007,70.308,14.2806,0.971
573,2/3/2026 12:45,14.6961,70.48,14.2797,0.963
574,2/3/2026 13:00,14.6915,70.651,14.2774,0.957
575,2/3/2026 13:15,14.6868,70.824,14.2698,0.964
576,2/3/2026 13:30,14.6877,71.168,14.2681,0.97
577,2/3/2026 13:45,14.6852,71.512,14.2674,0.966
578,2/3/2026 14:00,14.6878,71.856,14.2729,0.959
579,2/3/2026 14:15,14.6887,72.199,14.273,0.961
580,2/3/2026 14:30,14.6883,72.718,14.2717,0.963
581,2/3/2026 14:45,14.6871,72.891,14.2697,0.965
582,2/3/2026 15:00,14.6909,73.062,14.2692,0.975
583,2/3/2026 15:15,14.6901,73.407,14.2687,0.975
584,2/3/2026 15:30,14.6871,73.58,14.2697,0.965
585,2/3/2026 15:45,14.6923,73.58,14.2691,0.979
586,2/3/2026 16:00,14.6935,73.407,14.2717,0.975
587,2/3/2026 16:15,14.6948,73.234,14.2721,0.977
588,2/3/2026 16:30,14.6973,72.891,14.2727,0.982
589,2/3/2026 16:45,14.6981,72.545,14.2772,0.973
590,2/3/2026 17:00,14.6999,72.545,14.2803,0.97
591,2/3/2026 17:15,14.701,72.372,14.2835,0.965
592,2/3/2026 17:30,14.7091,72.199,14.2877,0.974
593,2/3/2026 17:45,14.7074,72.199,14.2884,0.969
594,2/3/2026 18:00,14.7138,72.028,14.2929,0.973
595,2/3/2026 18:15,14.7197,71.683,14.2984,0.974
596,2/3/2026 18:30,14.7228,71.512,14.3016,0.974
597,2/3/2026 18:45,14.729,71.339,14.3025,0.986
598,2/3/2026 19:00,14.7303,71.168,14.3074,0.978
599,2/3/2026 19:15,14.7367,70.995,14.3084,0.99
600,2/3/2026 19:30,14.7363,70.824,14.3141,0.976
601,2/3/2026 19:45,14.7427,70.651,14.3157,0.987
602,2/3/2026 20:00,14.7444,70.651,14.319,0.983
603,2/3/2026 20:15,14.749,70.48,14.3207,0.99
604,2/3/2026 20:30,14.7519,70.308,14.3232,0.991
605,2/3/2026 20:45,14.755,70.137,14.3277,0.988
606,2/3/2026 21:00,14.7532,70.137,14.3271,0.985
607,2/3/2026 21:15,14.7563,69.964,14.3262,0.994
608,2/3/2026 21:30,14.7574,69.793,14.3283,0.992
609,2/3/2026 21:45,14.7588,69.622,14.3274,0.997
610,2/3/2026 22:00,14.7583,69.449,14.3302,0.99
611,2/3/2026 22:15,14.7583,69.449,14.3268,0.997
612,2/3/2026 22:30,14.7579,69.278,14.3312,0.986
613,2/3/2026 22:45,14.759,69.107,14.3325,0.986
614,2/3/2026 23:00,14.7608,69.107,14.329,0.998
615,2/3/2026 23:15,14.7586,68.934,14.3289,0.993
616,2/3/2026 23:30,14.7566,68.763,14.3322,0.981
617,2/3/2026 23:45,14.7582,68.763,14.331,0.987
618,2/4/2026 0:00,14.7577,68.592,14.3283,0.992
619,2/4/2026 0:15,14.756,68.592,14.3261,0.993
620,2/4/2026 0:30,14.7556,68.421,14.3239,0.997
621,2/4/2026 0:45,14.7556,68.421,14.3233,0.999
622,2/4/2026 1:00,14.7518,68.248,14.3219,0.993
623,2/4/2026 1:15,14.7518,68.248,14.3213,0.995
624,2/4/2026 1:30,14.7496,68.077,14.3197,0.993
625,2/4/2026 1:45,14.7496,68.077,14.3175,0.998
626,2/4/2026 2:00,14.7479,68.077,14.3155,0.999
627,2/4/2026 2:15,14.7441,67.906,14.3148,0.992
628,2/4/2026 2:30,14.7424,67.906,14.3128,0.993
629,2/4/2026 2:45,14.7435,67.735,14.3122,0.997
630,2/4/2026 3:00,14.7419,67.735,14.3136,0.99
631,2/4/2026 3:15,14.7402,67.735,14.3109,0.992
632,2/4/2026 3:30,14.7431,67.564,14.3133,0.993
633,2/4/2026 3:45,14.7415,67.564,14.3128,0.991
634,2/4/2026 4:00,14.7431,67.564,14.3128,0.994
635,2/4/2026 4:15,14.7444,67.392,14.3152,0.992
636,2/4/2026 4:30,14.7444,67.392,14.3183,0.985
637,2/4/2026 4:45,14.7444,67.392,14.3162,0.989
638,2/4/2026 5:00,14.7457,67.221,14.3157,0.994
639,2/4/2026 5:15,14.7457,67.221,14.3181,0.988
640,2/4/2026 5:30,14.7474,67.221,14.3212,0.985
641,2/4/2026 5:45,14.7486,67.05,14.32,0.99
642,2/4/2026 6:00,14.7503,67.05,14.3209,0.992
643,2/4/2026 6:15,14.7521,67.05,14.3218,0.994
644,2/4/2026 6:30,14.7516,66.879,14.3212,0.995
645,2/4/2026 6:45,14.7567,66.879,14.3247,0.998
646,2/4/2026 7:00,14.758,66.708,14.3271,0.996
647,2/4/2026 7:15,14.7598,66.708,14.331,0.991
648,2/4/2026 7:30,14.7627,66.537,14.3335,0.992
649,2/4/2026 7:45,14.7627,66.537,14.3351,0.988
650,2/4/2026 8:00,14.7661,66.537,14.3367,0.992
651,2/4/2026 8:15,14.7677,66.537,14.3367,0.996
652,2/4/2026 8:30,14.7657,66.366,14.3384,0.987
653,2/4/2026 8:45,14.7708,66.366,14.3363,1.004
654,2/4/2026 9:00,14.7657,66.366,14.3392,0.986
655,2/4/2026 9:15,14.7673,66.366,14.3392,0.989
656,2/4/2026 9:30,14.773,66.537,14.3406,0.999
657,2/4/2026 9:45,14.773,66.537,14.339,1.003
658,2/4/2026 10:00,14.7712,66.537,14.3405,0.995
659,2/4/2026 10:15,14.7695,66.537,14.3405,0.991
660,2/4/2026 10:30,14.7682,66.708,14.3373,0.996
661,2/4/2026 10:45,14.7682,66.708,14.3379,0.994
662,2/4/2026 11:00,14.7648,66.708,14.3342,0.995
663,2/4/2026 11:15,14.767,66.879,14.3342,1
664,2/4/2026 11:30,14.7622,67.05,14.3335,0.991
665,2/4/2026 11:45,14.7611,67.221,14.332,0.991
666,2/4/2026 12:00,14.7569,67.564,14.3307,0.985
667,2/4/2026 12:15,14.7525,67.906,14.3277,0.982
668,2/4/2026 12:30,14.75,68.248,14.3226,0.988
669,2/4/2026 12:45,14.7476,68.592,14.3204,0.987
670,2/4/2026 13:00,14.7445,68.763,14.3162,0.99
671,2/4/2026 13:15,14.7386,69.107,14.3135,0.982
672,2/4/2026 13:30,14.7326,69.449,14.3068,0.984
673,2/4/2026 13:45,14.7302,69.793,14.3077,0.977
674,2/4/2026 14:00,14.7277,70.137,14.302,0.984
675,2/4/2026 14:15,14.7251,70.48,14.2971,0.989
676,2/4/2026 14:30,14.7187,70.651,14.2959,0.977
677,2/4/2026 14:45,14.7176,70.824,14.2917,0.984
678,2/4/2026 15:00,14.7141,70.824,14.2884,0.984
679,2/4/2026 15:15,14.7145,70.995,14.2888,0.984
680,2/4/2026 15:30,14.7149,71.168,14.2907,0.981
681,2/4/2026 15:45,14.7128,70.995,14.2913,0.974
682,2/4/2026 16:00,14.7163,70.995,14.2909,0.983
683,2/4/2026 16:15,14.7123,70.824,14.29,0.976
684,2/4/2026 16:30,14.7183,70.48,14.2938,0.981
685,2/4/2026 16:45,14.7178,70.308,14.2913,0.986
686,2/4/2026 17:00,14.7225,70.137,14.2946,0.989
687,2/4/2026 17:15,14.7238,69.964,14.2988,0.982
688,2/4/2026 17:30,14.7238,69.964,14.3004,0.979
689,2/4/2026 17:45,14.7267,69.793,14.2977,0.992
690,2/4/2026 18:00,14.7251,69.793,14.3013,0.98
691,2/4/2026 18:15,14.728,69.622,14.3039,0.98
692,2/4/2026 18:30,14.731,69.449,14.3051,0.985
693,2/4/2026 18:45,14.7293,69.449,14.3059,0.978
694,2/4/2026 19:00,14.7357,69.278,14.3084,0.988
695,2/4/2026 19:15,14.7335,69.107,14.3093,0.98
696,2/4/2026 19:30,14.7382,68.934,14.3139,0.98
697,2/4/2026 19:45,14.7432,68.934,14.3139,0.992
698,2/4/2026 20:00,14.7412,68.763,14.3161,0.982
699,2/4/2026 20:15,14.7441,68.592,14.3168,0.987
700,2/4/2026 20:30,14.7527,68.592,14.3196,1.001
701,2/4/2026 20:45,14.7505,68.421,14.3254,0.982
702,2/4/2026 21:00,14.754,68.421,14.3281,0.984
703,2/4/2026 21:15,14.7551,68.248,14.328,0.987
704,2/4/2026 21:30,14.7535,68.248,14.3261,0.988
705,2/4/2026 21:45,14.7514,68.077,14.3249,0.985
706,2/4/2026 22:00,14.7514,68.077,14.3262,0.982
707,2/4/2026 22:15,14.7543,67.906,14.3265,0.988
708,2/4/2026 22:30,14.7577,67.906,14.3274,0.994
709,2/4/2026 22:45,14.7538,67.735,14.3262,0.988
710,2/4/2026 23:00,14.7505,67.735,14.3257,0.982
711,2/4/2026 23:15,14.7483,67.564,14.3215,0.986
712,2/4/2026 23:30,14.7466,67.564,14.3207,0.984
713,2/4/2026 23:45,14.7444,67.392,14.3181,0.985
714,2/5/2026 0:00,14.7461,67.392,14.319,0.987
715,2/5/2026 0:15,14.744,67.221,14.3193,0.981
716,2/5/2026 0:30,14.7422,67.221,14.3173,0.982
717,2/5/2026 0:45,14.7422,67.221,14.3175,0.981
718,2/5/2026 1:00,14.7435,67.05,14.317,0.986
719,2/5/2026 1:15,14.74,67.05,14.3117,0.99
720,2/5/2026 1:30,14.7345,66.879,14.3081,0.985
721,2/5/2026 1:45,14.7312,66.879,14.3029,0.99
722,2/5/2026 2:00,14.7312,66.879,14.3039,0.987
723,2/5/2026 2:15,14.7273,66.708,14.3017,0.983
724,2/5/2026 2:30,14.7255,66.708,14.2987,0.986
725,2/5/2026 2:45,14.7255,66.708,14.2965,0.991
726,2/5/2026 3:00,14.7234,66.537,14.299,0.981
727,2/5/2026 3:15,14.72,66.537,14.2975,0.976
728,2/5/2026 3:30,14.72,66.537,14.2954,0.981
729,2/5/2026 3:45,14.7161,66.366,14.2917,0.98
730,2/5/2026 4:00,14.7161,66.366,14.2911,0.982
731,2/5/2026 4:15,14.7141,66.193,14.2906,0.978
732,2/5/2026 4:30,14.7106,66.193,14.2884,0.975
733,2/5/2026 4:45,14.7141,66.193,14.2914,0.976
734,2/5/2026 5:00,14.7136,66.022,14.2909,0.977
735,2/5/2026 5:15,14.717,66.022,14.2925,0.981
736,2/5/2026 5:30,14.7183,65.851,14.2949,0.978
737,2/5/2026 5:45,14.72,65.851,14.2943,0.983
738,2/5/2026 6:00,14.7216,65.851,14.2968,0.981
739,2/5/2026 6:15,14.7268,65.851,14.3023,0.981
740,2/5/2026 6:30,14.7297,65.68,14.3062,0.978
741,2/5/2026 6:45,14.7366,65.68,14.3133,0.978
742,2/5/2026 7:00,14.74,65.68,14.3164,0.979
743,2/5/2026 7:15,14.7429,65.509,14.318,0.982
744,2/5/2026 7:30,14.7429,65.509,14.317,0.984
745,2/5/2026 7:45,14.7429,65.509,14.3183,0.981
746,2/5/2026 8:00,14.7429,65.509,14.3173,0.983
747,2/5/2026 8:15,14.7429,65.509,14.3184,0.981
748,2/5/2026 8:30,14.7447,65.509,14.3204,0.98
749,2/5/2026 8:45,14.7447,65.509,14.3218,0.977
750,2/5/2026 9:00,14.7429,65.509,14.321,0.975
751,2/5/2026 9:15,14.7412,65.509,14.3206,0.972
752,2/5/2026 9:30,14.7434,65.68,14.319,0.98
753,2/5/2026 9:45,14.74,65.68,14.3181,0.975
754,2/5/2026 10:00,14.7421,65.851,14.318,0.98
755,2/5/2026 10:15,14.7421,65.851,14.3186,0.978
756,2/5/2026 10:30,14.7409,66.022,14.3186,0.976
757,2/5/2026 10:45,14.7392,66.022,14.3175,0.974
758,2/5/2026 11:00,14.7361,66.193,14.3126,0.978
759,2/5/2026 11:15,14.735,66.366,14.3078,0.987
760,2/5/2026 11:30,14.7303,66.537,14.3075,0.977
761,2/5/2026 11:45,14.726,66.879,14.3039,0.975
762,2/5/2026 12:00,14.7235,67.221,14.2978,0.984
763,2/5/2026 12:15,14.7171,67.392,14.2962,0.973
764,2/5/2026 12:30,14.7145,67.735,14.2958,0.968
765,2/5/2026 12:45,14.7116,67.906,14.2893,0.976
766,2/5/2026 13:00,14.7074,68.248,14.2851,0.976
767,2/5/2026 13:15,14.7061,68.421,14.2855,0.972
768,2/5/2026 13:30,14.7019,68.763,14.2822,0.97
769,2/5/2026 13:45,14.6988,68.934,14.2769,0.975
770,2/5/2026 14:00,14.6964,69.278,14.2721,0.98
771,2/5/2026 14:15,14.6917,69.449,14.2694,0.976
772,2/5/2026 14:30,14.6891,69.793,14.269,0.971
773,2/5/2026 14:45,14.6913,69.964,14.2669,0.981
774,2/5/2026 15:00,14.6888,70.308,14.2661,0.977
775,2/5/2026 15:15,14.6893,70.48,14.2652,0.98
776,2/5/2026 15:30,14.6868,70.824,14.2658,0.973
777,2/5/2026 15:45,14.6868,70.824,14.2632,0.979
778,2/5/2026 16:00,14.6864,70.651,14.2632,0.978
779,2/5/2026 16:15,14.6846,70.651,14.262,0.977
780,2/5/2026 16:30,14.6838,70.308,14.262,0.975
781,2/5/2026 16:45,14.6901,70.137,14.2682,0.975
782,2/5/2026 17:00,14.693,69.964,14.27,0.978
783,2/5/2026 17:15,14.693,69.964,14.272,0.973
784,2/5/2026 17:30,14.6948,69.964,14.2745,0.972
785,2/5/2026 17:45,14.6926,69.793,14.2764,0.962
786,2/5/2026 18:00,14.6977,69.793,14.2737,0.98
787,2/5/2026 18:15,14.6973,69.622,14.2769,0.971
788,2/5/2026 18:30,14.7007,69.622,14.2756,0.983
789,2/5/2026 18:45,14.7003,69.449,14.2759,0.981
790,2/5/2026 19:00,14.6999,69.278,14.2752,0.981
791,2/5/2026 19:15,14.7049,69.278,14.2798,0.982
792,2/5/2026 19:30,14.7062,69.107,14.2814,0.982
793,2/5/2026 19:45,14.7074,68.934,14.2823,0.982
794,2/5/2026 20:00,14.7105,68.763,14.2839,0.986
795,2/5/2026 20:15,14.7083,68.592,14.283,0.983
796,2/5/2026 20:30,14.7078,68.421,14.2827,0.982
797,2/5/2026 20:45,14.7129,68.421,14.2861,0.986
798,2/5/2026 21:00,14.716,68.248,14.2896,0.985
799,2/5/2026 21:15,14.7171,68.077,14.2923,0.982
800,2/5/2026 21:30,14.7151,67.906,14.2874,0.988
801,2/5/2026 21:45,14.7167,67.906,14.2893,0.988
802,2/5/2026 22:00,14.718,67.735,14.2917,0.985
803,2/5/2026 22:15,14.7197,67.735,14.2942,0.983
804,2/5/2026 22:30,14.7209,67.564,14.293,0.989
805,2/5/2026 22:45,14.7193,67.564,14.2911,0.989
806,2/5/2026 23:00,14.7189,67.392,14.293,0.984
807,2/5/2026 23:15,14.7189,67.392,14.2919,0.987
808,2/5/2026 23:30,14.7167,67.221,14.2907,0.984
809,2/5/2026 23:45,14.7167,67.221,14.2861,0.995
810,2/6/2026 0:00,14.7163,67.05,14.2882,0.989
811,2/6/2026 0:15,14.718,67.05,14.2919,0.985
812,2/6/2026 0:30,14.7141,66.879,14.2872,0.986
813,2/6/2026 0:45,14.7141,66.879,14.2858,0.99
814,2/6/2026 1:00,14.7123,66.879,14.2858,0.986
815,2/6/2026 1:15,14.7123,66.879,14.2842,0.989
816,2/6/2026 1:30,14.7051,66.708,14.2811,0.98
817,2/6/2026 1:45,14.7018,66.708,14.2787,0.978
818,2/6/2026 2:00,14.7018,66.708,14.279,0.977
819,2/6/2026 2:15,14.7033,66.708,14.2761,0.987
820,2/6/2026 2:30,14.7012,66.537,14.2727,0.99
821,2/6/2026 2:45,14.6978,66.537,14.2733,0.981
822,2/6/2026 3:00,14.6996,66.537,14.2727,0.986
823,2/6/2026 3:15,14.7012,66.537,14.2716,0.993
824,2/6/2026 3:30,14.7025,66.366,14.2724,0.994
825,2/6/2026 3:45,14.6991,66.366,14.2713,0.989
826,2/6/2026 4:00,14.6991,66.366,14.2691,0.994
827,2/6/2026 4:15,14.6987,66.193,14.2713,0.988
828,2/6/2026 4:30,14.6987,66.193,14.2682,0.995
829,2/6/2026 4:45,14.6948,66.022,14.2697,0.982
830,2/6/2026 5:00,14.6983,66.022,14.2697,0.99
831,2/6/2026 5:15,14.6983,66.022,14.2713,0.986
832,2/6/2026 5:30,14.6999,66.022,14.2753,0.981
833,2/6/2026 5:45,14.6999,66.022,14.2762,0.979
834,2/6/2026 6:00,14.7047,65.851,14.2781,0.985
835,2/6/2026 6:15,14.7012,65.851,14.2764,0.981
836,2/6/2026 6:30,14.7047,65.851,14.2766,0.989
837,2/6/2026 6:45,14.7029,65.851,14.2785,0.98
838,2/6/2026 7:00,14.708,65.851,14.2782,0.993
839,2/6/2026 7:15,14.7062,65.851,14.2817,0.981
840,2/6/2026 7:30,14.7093,65.68,14.2826,0.986
841,2/6/2026 7:45,14.711,65.68,14.2856,0.983
842,2/6/2026 8:00,14.7144,65.68,14.2884,0.984
843,2/6/2026 8:15,14.7144,65.68,14.2907,0.979
844,2/6/2026 8:30,14.7161,65.68,14.2932,0.977
845,2/6/2026 8:45,14.7229,65.68,14.2925,0.994
846,2/6/2026 9:00,14.7194,65.68,14.2949,0.981
847,2/6/2026 9:15,14.7194,65.68,14.2942,0.982
848,2/6/2026 9:30,14.7234,65.851,14.2964,0.986
849,2/6/2026 9:45,14.7302,65.851,14.2945,1.007
850,2/6/2026 10:00,14.7289,66.022,14.2984,0.995
851,2/6/2026 10:15,14.7273,66.022,14.3003,0.986
852,2/6/2026 10:30,14.7306,66.022,14.3023,0.989
853,2/6/2026 10:45,14.7379,66.193,14.3009,1.01
854,2/6/2026 11:00,14.7431,66.193,14.2993,1.025
855,2/6/2026 11:15,14.7469,66.366,14.3017,1.028
856,2/6/2026 11:30,14.7469,66.366,14.2987,1.035
857,2/6/2026 11:45,14.74,66.366,14.2962,1.025
858,2/6/2026 12:00,14.7387,66.537,14.2922,1.032
859,2/6/2026 12:15,14.7409,66.708,14.2897,1.043
860,2/6/2026 12:30,14.7363,66.879,14.2875,1.037
861,2/6/2026 12:45,14.7328,66.879,14.2833,1.039
862,2/6/2026 13:00,14.7264,67.05,14.279,1.034
863,2/6/2026 13:15,14.7184,67.221,14.2743,1.026
864,2/6/2026 13:30,14.7136,67.392,14.2719,1.021
865,2/6/2026 13:45,14.7107,67.564,14.2694,1.02
866,2/6/2026 14:00,14.7094,67.735,14.2658,1.025
867,2/6/2026 14:15,14.7129,67.735,14.2642,1.037
868,2/6/2026 14:30,14.7112,67.735,14.2627,1.036
869,2/6/2026 14:45,14.7094,67.735,14.2617,1.035
870,2/6/2026 15:00,14.7094,67.735,14.262,1.034
871,2/6/2026 15:15,14.7112,67.735,14.2624,1.037
872,2/6/2026 15:30,14.7112,67.735,14.2624,1.037
873,2/6/2026 15:45,14.7145,67.735,14.2642,1.041
874,2/6/2026 16:00,14.718,67.735,14.2658,1.045
875,2/6/2026 16:15,14.7197,67.735,14.2666,1.047
876,2/6/2026 16:30,14.7248,67.735,14.2719,1.047
877,2/6/2026 16:45,14.7283,67.735,14.2729,1.052
878,2/6/2026 17:00,14.7316,67.735,14.2778,1.049
879,2/6/2026 17:15,14.7334,67.735,14.2787,1.051
880,2/6/2026 17:30,14.7351,67.735,14.2814,1.048
881,2/6/2026 17:45,14.7351,67.735,14.2842,1.042
882,2/6/2026 18:00,14.7384,67.735,14.2846,1.049
883,2/6/2026 18:15,14.7402,67.735,14.2849,1.052
884,2/6/2026 18:30,14.7415,67.564,14.2882,1.047
885,2/6/2026 18:45,14.7448,67.564,14.2917,1.047
886,2/6/2026 19:00,14.7448,67.564,14.2942,1.041
887,2/6/2026 19:15,14.7483,67.564,14.2981,1.04
888,2/6/2026 19:30,14.7569,67.564,14.3022,1.051
889,2/6/2026 19:45,14.7602,67.564,14.3055,1.051
890,2/6/2026 20:00,14.767,67.564,14.3074,1.062
891,2/6/2026 20:15,14.7751,67.392,14.3107,1.073
892,2/6/2026 20:30,14.787,67.392,14.3117,1.098
893,2/6/2026 20:45,14.7854,67.392,14.3151,1.087
894,2/6/2026 21:00,14.7923,67.392,14.3175,1.097
895,2/6/2026 21:15,14.7905,67.392,14.32,1.087
896,2/6/2026 21:30,14.7905,67.392,14.3216,1.083
897,2/6/2026 21:45,14.7905,67.392,14.3164,1.096
898,2/6/2026 22:00,14.7888,67.392,14.32,1.083
899,2/6/2026 22:15,14.7888,67.392,14.318,1.088
900,2/6/2026 22:30,14.7837,67.392,14.3189,1.074
901,2/6/2026 22:45,14.782,67.392,14.3167,1.075
902,2/6/2026 23:00,14.782,67.392,14.3146,1.08
903,2/6/2026 23:15,14.7785,67.392,14.3155,1.07
904,2/6/2026 23:30,14.7785,67.392,14.3133,1.075
905,2/6/2026 23:45,14.7802,67.392,14.3128,1.08
906,2/7/2026 0:00,14.7769,67.392,14.3107,1.077
907,2/7/2026 0:15,14.7769,67.392,14.3116,1.075
908,2/7/2026 0:30,14.7751,67.392,14.308,1.079
909,2/7/2026 0:45,14.7717,67.392,14.3064,1.075
910,2/7/2026 1:00,14.7751,67.392,14.3086,1.078
911,2/7/2026 1:15,14.7696,67.221,14.3055,1.072
912,2/7/2026 1:30,14.7644,67.221,14.2994,1.074
913,2/7/2026 1:45,14.7644,67.221,14.2984,1.077
914,2/7/2026 2:00,14.7611,67.221,14.2954,1.076
915,2/7/2026 2:15,14.7576,67.221,14.2938,1.072
916,2/7/2026 2:30,14.7525,67.221,14.2923,1.063
917,2/7/2026 2:45,14.7525,67.221,14.2923,1.063
918,2/7/2026 3:00,14.7508,67.221,14.2913,1.062
919,2/7/2026 3:15,14.7474,67.221,14.2913,1.054
920,2/7/2026 3:30,14.7457,67.221,14.2913,1.05
921,2/7/2026 3:45,14.7457,67.221,14.2898,1.053
922,2/7/2026 4:00,14.744,67.221,14.2888,1.052
923,2/7/2026 4:15,14.744,67.221,14.2874,1.055
924,2/7/2026 4:30,14.7422,67.221,14.2888,1.048
925,2/7/2026 4:45,14.744,67.221,14.2904,1.048
926,2/7/2026 5:00,14.7422,67.221,14.2904,1.044
927,2/7/2026 5:15,14.7406,67.221,14.2904,1.04
928,2/7/2026 5:30,14.7389,67.221,14.2935,1.029
929,2/7/2026 5:45,14.7406,67.221,14.2935,1.033
930,2/7/2026 6:00,14.744,67.221,14.2965,1.034
931,2/7/2026 6:15,14.7422,67.221,14.299,1.024
932,2/7/2026 6:30,14.7457,67.221,14.3036,1.021
933,2/7/2026 6:45,14.749,67.221,14.3036,1.029
934,2/7/2026 7:00,14.7503,67.05,14.3107,1.016
935,2/7/2026 7:15,14.7554,67.05,14.3091,1.031
936,2/7/2026 7:30,14.7538,67.05,14.3128,1.019
937,2/7/2026 7:45,14.7589,67.05,14.3165,1.022
938,2/7/2026 8:00,14.7622,67.05,14.3216,1.018
939,2/7/2026 8:15,14.7644,67.221,14.3229,1.02
940,2/7/2026 8:30,14.7679,67.221,14.3255,1.022
941,2/7/2026 8:45,14.7679,67.221,14.3274,1.018
942,2/7/2026 9:00,14.7696,67.221,14.3291,1.018
943,2/7/2026 9:15,14.7734,67.392,14.33,1.024
944,2/7/2026 9:30,14.7701,67.392,14.3309,1.015
945,2/7/2026 9:45,14.7717,67.392,14.3334,1.013
946,2/7/2026 10:00,14.7738,67.564,14.3383,1.006
947,2/7/2026 10:15,14.7721,67.564,14.338,1.003
948,2/7/2026 10:30,14.7743,67.735,14.3377,1.009
949,2/7/2026 10:45,14.7743,67.735,14.338,1.008
950,2/7/2026 11:00,14.7731,67.906,14.3383,1.005
951,2/7/2026 11:15,14.7747,67.906,14.3363,1.013
952,2/7/2026 11:30,14.7735,68.077,14.3387,1.005
953,2/7/2026 11:45,14.7718,68.077,14.3399,0.998
954,2/7/2026 12:00,14.7701,68.077,14.3325,1.011
955,2/7/2026 12:15,14.7889,68.077,14.3384,1.041
956,2/7/2026 12:30,14.7969,67.906,14.3421,1.051
957,2/7/2026 12:45,14.8068,67.735,14.3329,1.095
958,2/7/2026 13:00,14.8101,67.735,14.3329,1.103
959,2/7/2026 13:15,14.8507,67.564,14.3299,1.203
960,2/7/2026 13:30,14.869,67.392,14.3335,1.237
961,2/7/2026 13:45,14.8997,67.392,14.331,1.314
962,2/7/2026 14:00,14.901,67.221,14.3219,1.338
963,2/7/2026 14:15,14.9026,67.221,14.3219,1.342
964,2/7/2026 14:30,14.9432,67.05,14.3219,1.436
965,2/7/2026 14:45,14.9619,67.05,14.3213,1.48
966,2/7/2026 15:00,14.9804,66.879,14.3206,1.524
967,2/7/2026 15:15,15.0162,66.879,14.3231,1.601
968,2/7/2026 15:30,15.6058,67.221,14.3287,2.951
969,2/7/2026 15:45,15.6861,67.221,14.328,3.138
970,2/7/2026 16:00,15.7695,66.537,14.332,3.321
971,2/7/2026 16:15,15.8116,65.68,14.3351,3.411
972,2/7/2026 16:30,15.8362,65.338,14.3376,3.462
973,2/7/2026 16:45,15.8819,65.167,14.3416,3.558
974,2/7/2026 17:00,15.9279,65.167,14.3441,3.659
975,2/7/2026 17:15,15.9463,64.996,14.3408,3.709
976,2/7/2026 17:30,15.9378,64.996,14.3441,3.681
977,2/7/2026 17:45,15.9099,64.825,14.3521,3.599
978,2/7/2026 18:00,15.9202,64.825,14.3484,3.631
979,2/7/2026 18:15,15.9027,64.652,14.3528,3.58
980,2/7/2026 18:30,15.9077,64.652,14.3577,3.58
981,2/7/2026 18:45,15.9176,64.481,14.3596,3.599
982,2/7/2026 19:00,15.8903,64.481,14.3605,3.534
983,2/7/2026 19:15,15.9188,64.31,14.3569,3.608
984,2/7/2026 19:30,15.8915,64.31,14.367,3.521
985,2/7/2026 19:45,15.9205,64.31,14.3664,3.59
986,2/7/2026 20:00,15.8945,64.139,14.3695,3.523
987,2/7/2026 20:15,15.9098,64.139,14.3705,3.556
988,2/7/2026 20:30,15.9201,64.139,14.3708,3.579
989,2/7/2026 20:45,15.9179,63.968,14.3747,3.564
990,2/7/2026 21:00,15.9038,63.797,14.3711,3.54
991,2/7/2026 21:15,15.9072,63.797,14.3727,3.544
992,2/7/2026 21:30,15.905,63.626,14.3721,3.541
993,2/7/2026 21:45,15.9085,63.626,14.3729,3.547
994,2/7/2026 22:00,15.8977,63.455,14.3745,3.518
995,2/7/2026 22:15,15.8808,63.455,14.3729,3.483
996,2/7/2026 22:30,15.8854,63.282,14.3745,3.49
997,2/7/2026 22:45,15.8973,63.282,14.3715,3.524
998,2/7/2026 23:00,15.8632,63.282,14.3729,3.442
999,2/7/2026 23:15,15.8406,63.111,14.369,3.399
1000,2/7/2026 23:30,15.8439,63.111,14.3674,3.41
1001,2/7/2026 23:45,15.8402,62.94,14.3653,3.406
1002,2/8/2026 0:00,15.8299,62.94,14.3699,3.372
1003,2/8/2026 0:15,15.8111,62.94,14.369,3.331
1004,2/8/2026 0:30,15.785,62.769,14.3592,3.293
1005,2/8/2026 0:45,15.7833,62.769,14.3622,3.282
1006,2/8/2026 1:00,15.7782,62.769,14.3638,3.267
1007,2/8/2026 1:15,15.7692,62.598,14.3669,3.239
1008,2/8/2026 1:30,15.7453,62.598,14.3715,3.173
1009,2/8/2026 1:45,15.7573,62.598,14.3715,3.201
1010,2/8/2026 2:00,15.7453,62.598,14.3685,3.18
1011,2/8/2026 2:15,15.7347,62.425,14.3653,3.163
1012,2/8/2026 2:30,15.7193,62.425,14.3674,3.122
1013,2/8/2026 2:45,15.7244,62.425,14.3638,3.142
1014,2/8/2026 3:00,15.7125,62.425,14.3638,3.115
1015,2/8/2026 3:15,15.7154,62.254,14.3628,3.124
1016,2/8/2026 3:30,15.7154,62.254,14.3598,3.131
1017,2/8/2026 3:45,15.7189,62.254,14.3628,3.132
1018,2/8/2026 4:00,15.6945,62.083,14.3567,3.09
1019,2/8/2026 4:15,15.7047,62.083,14.3628,3.099
1020,2/8/2026 4:30,15.7201,62.083,14.3628,3.134
1021,2/8/2026 4:45,15.7218,62.083,14.3613,3.142
1022,2/8/2026 5:00,15.7354,62.083,14.3666,3.161
1023,2/8/2026 5:15,15.7231,61.912,14.3603,3.147
1024,2/8/2026 5:30,15.7145,61.912,14.3589,3.131
1025,2/8/2026 5:45,15.7247,61.912,14.3619,3.147
1026,2/8/2026 6:00,15.7367,61.912,14.3619,3.175
1027,2/8/2026 6:15,15.7077,61.912,14.3656,3.1
1028,2/8/2026 6:30,15.7367,61.912,14.3686,3.159
1029,2/8/2026 6:45,15.7521,61.912,14.3732,3.184
1030,2/8/2026 7:00,15.7418,61.912,14.3738,3.159
1031,2/8/2026 7:15,15.7537,61.912,14.376,3.182
1032,2/8/2026 7:30,15.7521,61.912,14.3774,3.175
1033,2/8/2026 7:45,15.7554,61.912,14.3827,3.17
1034,2/8/2026 8:00,15.7315,61.912,14.3796,3.122
1035,2/8/2026 8:15,15.7623,61.912,14.3818,3.188
1036,2/8/2026 8:30,15.7691,61.912,14.3893,3.186
1037,2/8/2026 8:45,15.7879,61.912,14.3925,3.222
1038,2/8/2026 9:00,15.81,61.912,14.395,3.268
1039,2/8/2026 9:15,15.8152,61.912,14.3898,3.292
1040,2/8/2026 9:30,15.8306,61.912,14.395,3.315
1041,2/8/2026 9:45,15.8748,61.912,14.3918,3.425
1042,2/8/2026 10:00,15.8884,61.912,14.3925,3.455
1043,2/8/2026 10:15,15.9227,61.912,14.3931,3.532
1044,2/8/2026 10:30,15.9469,62.083,14.3937,3.587
1045,2/8/2026 10:45,15.9418,62.083,14.3882,3.588
1046,2/8/2026 11:00,15.9611,62.254,14.3877,3.634
1047,2/8/2026 11:15,15.9475,62.254,14.3883,3.601
1048,2/8/2026 11:30,15.9717,62.425,14.3853,3.664
1049,2/8/2026 11:45,15.982,62.425,14.3808,3.698
1050,2/8/2026 12:00,15.9859,62.598,14.3751,3.72
1051,2/8/2026 12:15,15.9893,62.598,14.369,3.742
1052,2/8/2026 12:30,16.0154,62.769,14.3721,3.795
1053,2/8/2026 12:45,16.0171,62.769,14.3715,3.801
1054,2/8/2026 13:00,16.0602,62.94,14.3715,3.9
1055,2/8/2026 13:15,16.0635,62.94,14.3644,3.924
1056,2/8/2026 13:30,16.0811,63.111,14.3583,3.979
1057,2/8/2026 13:45,16.105,63.111,14.3605,4.029
1058,2/8/2026 14:00,16.1459,63.111,14.3589,4.127
1059,2/8/2026 14:15,16.1788,63.282,14.3492,4.226
1060,2/8/2026 14:30,16.1463,63.282,14.3506,4.147
1061,2/8/2026 14:45,16.152,63.455,14.3492,4.164
1062,2/8/2026 15:00,16.2048,63.455,14.3445,4.297
1063,2/8/2026 15:15,16.1911,63.455,14.3445,4.265
1064,2/8/2026 15:30,16.1929,63.455,14.3415,4.276
1065,2/8/2026 15:45,16.1964,63.455,14.3431,4.281
1066,2/8/2026 16:00,16.1621,63.455,14.3476,4.191
1067,2/8/2026 16:15,16.3054,63.455,14.3513,4.513
1068,2/8/2026 16:30,16.2748,63.455,14.3534,4.438
1069,2/8/2026 16:45,16.2634,63.626,14.3539,4.41
1070,2/8/2026 17:00,16.2428,63.626,14.3476,4.377
1071,2/8/2026 17:15,16.2412,63.626,14.3512,4.365
1072,2/8/2026 17:30,16.2365,63.797,14.3503,4.357
1073,2/8/2026 17:45,16.2825,63.797,14.3616,4.437
1074,2/8/2026 18:00,16.2075,63.797,14.3661,4.253
1075,2/8/2026 18:15,16.2109,63.797,14.3661,4.261
1076,2/8/2026 18:30,16.2318,63.968,14.3699,4.301
1077,2/8/2026 18:45,16.208,63.968,14.3689,4.248
1078,2/8/2026 19:00,16.2693,63.968,14.3689,4.39
1079,2/8/2026 19:15,16.2814,63.968,14.3735,4.407
1080,2/8/2026 19:30,16.341,63.968,14.3766,4.537
1081,2/8/2026 19:45,16.217,64.139,14.3812,4.24
1082,2/8/2026 20:00,16.3552,64.139,14.3796,4.563
1083,2/8/2026 20:15,16.3994,64.139,14.3818,4.66
1084,2/8/2026 20:30,16.4422,64.139,14.3848,4.752
1085,2/8/2026 20:45,16.2993,64.31,14.3895,4.412
1086,2/8/2026 21:00,16.3437,64.31,14.3962,4.499
1087,2/8/2026 21:15,16.3147,64.31,14.3946,4.435
1088,2/8/2026 21:30,16.2515,64.31,14.3915,4.296
1089,2/8/2026 21:45,16.1866,64.31,14.3931,4.143
1090,2/8/2026 22:00,16.2464,64.31,14.3931,4.281
1091,2/8/2026 22:15,16.2651,64.31,14.3967,4.316
1092,2/8/2026 22:30,16.2486,64.481,14.3967,4.278
1093,2/8/2026 22:45,16.2844,64.481,14.3937,4.367
1094,2/8/2026 23:00,16.2622,64.481,14.3937,4.316
1095,2/8/2026 23:15,16.2605,64.481,14.3937,4.312
1096,2/8/2026 23:30,16.2793,64.481,14.389,4.366
1097,2/8/2026 23:45,16.2077,64.481,14.3921,4.194
1098,2/9/2026 0:00,16.1257,64.481,14.3928,4.003
1099,2/9/2026 0:15,16.1121,64.481,14.3912,3.975
1100,2/9/2026 0:30,16.1154,64.481,14.3943,3.976
1101,2/9/2026 0:45,16.1018,64.481,14.3866,3.962
1102,2/9/2026 1:00,16.0523,64.481,14.3835,3.855
1103,2/9/2026 1:15,16.008,64.481,14.3774,3.766
1104,2/9/2026 1:30,16.0438,64.481,14.3728,3.86
1105,2/9/2026 1:45,16.0473,64.481,14.3774,3.857
1106,2/9/2026 2:00,16.0626,64.481,14.3835,3.879
1107,2/9/2026 2:15,16.0422,64.481,14.3759,3.849
1108,2/9/2026 2:30,16.1308,64.481,14.3734,4.06
1109,2/9/2026 2:45,16.0813,64.481,14.3689,3.956
1110,2/9/2026 3:00,16.0967,64.481,14.3637,4.003
1111,2/9/2026 3:15,16.1002,64.481,14.3651,4.008
1112,2/9/2026 3:30,16.1701,64.481,14.3682,4.162
1113,2/9/2026 3:45,16.1018,64.481,14.3728,3.994
1114,2/9/2026 4:00,16.182,64.481,14.3744,4.175
1115,2/9/2026 4:15,16.1484,64.652,14.3698,4.108
1116,2/9/2026 4:30,16.1211,64.652,14.3606,4.067
1117,2/9/2026 4:45,16.0886,64.652,14.3627,3.987
1118,2/9/2026 5:00,16.1415,64.652,14.3642,4.105
1119,2/9/2026 5:15,16.1398,64.652,14.3719,4.084
1120,2/9/2026 5:30,16.1228,64.652,14.375,4.037
1121,2/9/2026 5:45,16.1466,64.652,14.3786,4.084
1122,2/9/2026 6:00,16.0596,64.652,14.3817,3.876
1123,2/9/2026 6:15,16.1505,64.825,14.3847,4.079
1124,2/9/2026 6:30,16.1011,64.825,14.3832,3.968
1125,2/9/2026 6:45,16.1044,64.825,14.3854,3.971
1126,2/9/2026 7:00,16.0892,64.825,14.3869,3.932
1127,2/9/2026 7:15,16.0686,64.825,14.3885,3.881
1128,2/9/2026 7:30,16.0857,64.825,14.3899,3.917
1129,2/9/2026 7:45,16.0481,64.825,14.3899,3.83
1130,2/9/2026 8:00,16.0738,64.825,14.3946,3.879
1131,2/9/2026 8:15,16.1114,64.825,14.3946,3.966
1132,2/9/2026 8:30,16.0993,64.825,14.389,3.951
1133,2/9/2026 8:45,16.0789,64.825,14.3937,3.893
1134,2/9/2026 9:00,16.0516,64.825,14.3927,3.832
1135,2/9/2026 9:15,16.1062,64.825,14.3927,3.958
1136,2/9/2026 9:30,16.1114,64.825,14.3918,3.972
1137,2/9/2026 9:45,16.0657,64.996,14.3902,3.87
1138,2/9/2026 10:00,16.0692,64.996,14.3893,3.88
1139,2/9/2026 10:15,16.0571,64.996,14.3853,3.862
1140,2/9/2026 10:30,16.0571,64.996,14.385,3.863
1141,2/9/2026 10:45,16.0333,64.996,14.3872,3.803
1142,2/9/2026 11:00,16.0402,64.996,14.3877,3.817
1143,2/9/2026 11:15,16.047,64.996,14.3837,3.842
1144,2/9/2026 11:30,16.018,64.996,14.3792,3.786
1145,2/9/2026 11:45,16.0167,65.167,14.3767,3.788
1146,2/9/2026 12:00,16.0457,65.167,14.3696,3.872
1147,2/9/2026 12:15,16.0252,65.167,14.3724,3.818
1148,2/9/2026 12:30,16.0065,65.167,14.3677,3.786
1149,2/9/2026 12:45,16.0217,65.167,14.3606,3.837
1150,2/9/2026 13:00,16.0461,65.338,14.3582,3.899
1151,2/9/2026 13:15,15.9916,65.338,14.3512,3.789
1152,2/9/2026 13:30,16.0428,65.338,14.3518,3.906
1153,2/9/2026 13:45,16.0483,65.509,14.3493,3.925
1154,2/9/2026 14:00,15.9955,65.509,14.3499,3.802
1155,2/9/2026 14:15,15.9805,65.68,14.3458,3.777
1156,2/9/2026 14:30,15.9839,65.68,14.3408,3.796
1157,2/9/2026 14:45,15.9924,65.68,14.3471,3.801
1158,2/9/2026 15:00,16.0146,65.68,14.349,3.848
1159,2/9/2026 15:15,15.9259,65.68,14.3468,3.648
1160,2/9/2026 15:30,16.0129,65.68,14.3515,3.838
1161,2/9/2026 15:45,16.0283,65.68,14.3509,3.875
1162,2/9/2026 16:00,16.0322,65.851,14.3487,3.889
1163,2/9/2026 16:15,16.0288,65.851,14.3534,3.871
1164,2/9/2026 16:30,16.0288,65.851,14.3579,3.86
1165,2/9/2026 16:45,16.0236,65.851,14.3573,3.85
1166,2/9/2026 17:00,16.0304,65.851,14.3548,3.871
1167,2/9/2026 17:15,15.9895,65.851,14.3548,3.777
1168,2/9/2026 17:30,16.0032,65.851,14.3539,3.81
1169,2/9/2026 17:45,15.9792,65.851,14.357,3.748
1170,2/9/2026 18:00,16.0067,65.851,14.3548,3.816
1171,2/9/2026 18:15,15.9452,65.851,14.3542,3.675
1172,2/9/2026 18:30,15.9792,65.851,14.3521,3.759
1173,2/9/2026 18:45,15.9498,65.68,14.3531,3.689
1174,2/9/2026 19:00,15.9447,65.68,14.3586,3.664
1175,2/9/2026 19:15,15.9634,65.68,14.3564,3.713
1176,2/9/2026 19:30,15.9272,65.509,14.3641,3.611
1177,2/9/2026 19:45,15.9597,65.509,14.3635,3.687
1178,2/9/2026 20:00,15.9085,65.509,14.3682,3.558
1179,2/9/2026 20:15,15.9032,65.509,14.3671,3.549
1180,2/9/2026 20:30,15.9135,65.509,14.3702,3.565
1181,2/9/2026 20:45,15.9221,65.509,14.3748,3.574
1182,2/9/2026 21:00,15.8977,65.338,14.3743,3.519
1183,2/9/2026 21:15,15.9199,65.338,14.3751,3.569
1184,2/9/2026 21:30,15.9028,65.338,14.3731,3.534
1185,2/9/2026 21:45,15.8857,65.338,14.3715,3.498
1186,2/9/2026 22:00,15.8789,65.338,14.3721,3.481
1187,2/9/2026 22:15,15.8721,65.338,14.3737,3.461
1188,2/9/2026 22:30,15.9096,65.338,14.3773,3.54
1189,2/9/2026 22:45,15.867,65.338,14.3773,3.441
1190,2/9/2026 23:00,15.838,65.338,14.3782,3.372
1191,2/9/2026 23:15,15.8461,65.167,14.3822,3.382
1192,2/9/2026 23:30,15.8716,65.167,14.3831,3.439
1193,2/9/2026 23:45,15.8819,65.167,14.3764,3.478
1194,2/10/2026 0:00,15.8677,64.996,14.374,3.451
1195,2/10/2026 0:15,15.8677,64.996,14.3724,3.454
1196,2/10/2026 0:30,15.8529,65.167,14.3715,3.422
1197,2/10/2026 0:45,15.8461,65.167,14.3706,3.408
1198,2/10/2026 1:00,15.8204,65.167,14.3706,3.349
1199,2/10/2026 1:15,15.8371,64.996,14.3674,3.395
1200,2/10/2026 1:30,15.8336,64.996,14.3629,3.397
1201,2/10/2026 1:45,15.8149,64.996,14.3629,3.354
1202,2/10/2026 2:00,15.8251,64.996,14.3599,3.385
1203,2/10/2026 2:15,15.8097,64.996,14.3608,3.347
1204,2/10/2026 2:30,15.791,64.996,14.3577,3.311
1205,2/10/2026 2:45,15.8178,64.825,14.3577,3.373
1206,2/10/2026 3:00,15.811,64.825,14.3561,3.361
1207,2/10/2026 3:15,15.8077,64.825,14.3525,3.361
1208,2/10/2026 3:30,15.8093,64.825,14.3495,3.372
1209,2/10/2026 3:45,15.7837,64.825,14.3448,3.324
1210,2/10/2026 4:00,15.7871,64.825,14.3418,3.339
1211,2/10/2026 4:15,15.7837,64.825,14.3418,3.331
1212,2/10/2026 4:30,15.7615,64.825,14.3332,3.299
1213,2/10/2026 4:45,15.7496,64.825,14.3322,3.274
1214,2/10/2026 5:00,15.7512,64.825,14.3374,3.266
1215,2/10/2026 5:15,15.7433,64.996,14.336,3.251
1216,2/10/2026 5:30,15.7483,64.996,14.339,3.256
1217,2/10/2026 5:45,15.7398,64.996,14.3445,3.223
1218,2/10/2026 6:00,15.7415,64.996,14.3445,3.227
1219,2/10/2026 6:15,15.7483,64.996,14.3484,3.234
1220,2/10/2026 6:30,15.7534,64.996,14.3495,3.243
1221,2/10/2026 6:45,15.7376,64.825,14.3503,3.205
1222,2/10/2026 7:00,15.7206,64.825,14.3528,3.16
1223,2/10/2026 7:15,15.7394,64.825,14.3528,3.203
1224,2/10/2026 7:30,15.7359,64.825,14.3566,3.186
1225,2/10/2026 7:45,15.7415,64.996,14.3555,3.202
1226,2/10/2026 8:00,15.7347,64.996,14.3608,3.174
1227,2/10/2026 8:15,15.7364,64.996,14.3669,3.164
1228,2/10/2026 8:30,15.7244,64.996,14.3654,3.139
1229,2/10/2026 8:45,15.7296,64.996,14.3608,3.162
1230,2/10/2026 9:00,15.7505,65.167,14.3635,3.204
1231,2/10/2026 9:15,15.7266,65.167,14.3641,3.147
1232,2/10/2026 9:30,15.7317,65.167,14.3592,3.171
1233,2/10/2026 9:45,15.7402,65.167,14.3644,3.178
1234,2/10/2026 10:00,15.7317,65.167,14.3542,3.182
1235,2/10/2026 10:15,15.7185,65.338,14.3499,3.162
1236,2/10/2026 10:30,15.7237,65.338,14.3542,3.164
1237,2/10/2026 10:45,15.7156,65.509,14.3529,3.148
1238,2/10/2026 11:00,15.736,65.509,14.3518,3.198
1239,2/10/2026 11:15,15.7228,65.68,14.3434,3.187
1240,2/10/2026 11:30,15.7164,65.851,14.3434,3.172
1241,2/10/2026 11:45,15.7148,65.851,14.3406,3.175
1242,2/10/2026 12:00,15.7063,65.851,14.3403,3.156
1243,2/10/2026 12:15,15.6931,66.022,14.337,3.133
1244,2/10/2026 12:30,15.6935,66.193,14.336,3.136
1245,2/10/2026 12:45,15.7025,66.366,14.3367,3.156
1246,2/10/2026 13:00,15.6821,66.366,14.3326,3.118
1247,2/10/2026 13:15,15.6838,66.366,14.3296,3.129
1248,2/10/2026 13:30,15.6752,66.366,14.3213,3.128
1249,2/10/2026 13:45,15.6684,66.366,14.3191,3.117
1250,2/10/2026 14:00,15.6603,66.537,14.317,3.104
1251,2/10/2026 14:15,15.6689,66.537,14.3142,3.13
1252,2/10/2026 14:30,15.6552,66.537,14.3117,3.104
1253,2/10/2026 14:45,15.6586,66.537,14.3117,3.112
1254,2/10/2026 15:00,15.657,66.537,14.3112,3.109
1255,2/10/2026 15:15,15.6739,66.537,14.3109,3.149
1256,2/10/2026 15:30,15.662,66.537,14.3081,3.128
1257,2/10/2026 15:45,15.6517,66.537,14.3145,3.09
1258,2/10/2026 16:00,15.65,66.537,14.32,3.073
1259,2/10/2026 16:15,15.6757,66.537,14.3225,3.126
1260,2/10/2026 16:30,15.6744,66.708,14.3229,3.123
1261,2/10/2026 16:45,15.6779,66.708,14.3262,3.123
1262,2/10/2026 17:00,15.695,66.708,14.3271,3.16
1263,2/10/2026 17:15,15.695,66.708,14.3296,3.155
1264,2/10/2026 17:30,15.6983,66.708,14.3315,3.158
1265,2/10/2026 17:45,15.6996,66.537,14.3331,3.157
1266,2/10/2026 18:00,15.715,66.537,14.3367,3.184
1267,2/10/2026 18:15,15.732,66.537,14.3351,3.227
1268,2/10/2026 18:30,15.7251,66.537,14.3376,3.206
1269,2/10/2026 18:45,15.7269,66.537,14.3386,3.208
1270,2/10/2026 19:00,15.7324,66.708,14.3425,3.211
1271,2/10/2026 19:15,15.7541,66.537,14.341,3.265
1272,2/10/2026 19:30,15.7559,66.537,14.3435,3.263
1273,2/10/2026 19:45,15.7576,66.537,14.3413,3.272
1274,2/10/2026 20:00,15.7763,66.537,14.3454,3.306
1275,2/10/2026 20:15,15.7798,66.537,14.3499,3.304
1276,2/10/2026 20:30,15.7763,66.537,14.3509,3.293
1277,2/10/2026 20:45,15.8003,66.537,14.3548,3.34
1278,2/10/2026 21:00,15.8139,66.537,14.3542,3.372
1279,2/10/2026 21:15,15.8049,66.366,14.3558,3.348
1280,2/10/2026 21:30,15.8271,66.366,14.3583,3.393
1281,2/10/2026 21:45,15.8049,66.366,14.3561,3.347
1282,2/10/2026 22:00,15.8016,66.366,14.3577,3.336
1283,2/10/2026 22:15,15.8288,66.366,14.3592,3.395
1284,2/10/2026 22:30,15.8578,66.366,14.3586,3.464
1285,2/10/2026 22:45,15.8374,66.366,14.3632,3.406
1286,2/10/2026 23:00,15.8693,66.193,14.3611,3.485
1287,2/10/2026 23:15,15.8454,66.193,14.358,3.436
1288,2/10/2026 23:30,15.8779,66.193,14.3574,3.513
1289,2/10/2026 23:45,15.8471,66.193,14.3528,3.452
1290,2/11/2026 0:00,15.8726,66.193,14.3537,3.509
1291,2/11/2026 0:15,15.9001,66.193,14.3553,3.569
1292,2/11/2026 0:30,15.9133,66.022,14.3547,3.601
1293,2/11/2026 0:45,15.9439,66.022,14.3547,3.671
1294,2/11/2026 1:00,15.9592,66.022,14.3547,3.707
1295,2/11/2026 1:15,15.9388,66.022,14.3516,3.667
1296,2/11/2026 1:30,15.9644,66.022,14.3479,3.735
1297,2/11/2026 1:45,15.9417,65.851,14.3464,3.685
1298,2/11/2026 2:00,15.9486,65.851,14.3418,3.712
1299,2/11/2026 2:15,15.9401,65.851,14.3396,3.698
1300,2/11/2026 2:30,15.9025,65.851,14.3396,3.611
1301,2/11/2026 2:45,15.9225,65.68,14.336,3.665
1302,2/11/2026 3:00,15.9122,65.68,14.3329,3.649
1303,2/11/2026 3:15,15.9243,65.68,14.3338,3.674
1304,2/11/2026 3:30,15.8935,65.68,14.3323,3.607
1305,2/11/2026 3:45,15.8863,65.509,14.3363,3.581
1306,2/11/2026 4:00,15.876,65.509,14.3318,3.567
1307,2/11/2026 4:15,15.8977,65.338,14.3312,3.619
1308,2/11/2026 4:30,15.8619,65.338,14.3296,3.54
1309,2/11/2026 4:45,15.8465,65.338,14.3274,3.509
1310,2/11/2026 5:00,15.8375,65.167,14.3254,3.493
1311,2/11/2026 5:15,15.8529,65.167,14.3254,3.529
1312,2/11/2026 5:30,15.8375,65.167,14.3329,3.476
1313,2/11/2026 5:45,15.8303,64.996,14.3345,3.455
1314,2/11/2026 6:00,15.849,64.996,14.34,3.486
1315,2/11/2026 6:15,15.8235,64.996,14.3386,3.43
1316,2/11/2026 6:30,15.8081,64.996,14.3386,3.395
1317,2/11/2026 6:45,15.8046,64.996,14.3354,3.394
1318,2/11/2026 7:00,15.811,64.825,14.3431,3.391
1319,2/11/2026 7:15,15.782,64.825,14.3431,3.324
1320,2/11/2026 7:30,15.7956,64.825,14.3447,3.352
1321,2/11/2026 7:45,15.8007,64.825,14.3422,3.369
1322,2/11/2026 8:00,15.7803,64.825,14.3468,3.311
1323,2/11/2026 8:15,15.7888,64.825,14.3483,3.328
1324,2/11/2026 8:30,15.7974,64.825,14.3474,3.349
1325,2/11/2026 8:45,15.7781,64.652,14.3495,3.3
1326,2/11/2026 9:00,15.7833,64.652,14.3526,3.305
1327,2/11/2026 9:15,15.7987,64.652,14.3547,3.336
1328,2/11/2026 9:30,15.7713,64.652,14.3583,3.264
1329,2/11/2026 9:45,15.7855,64.825,14.3566,3.301
1330,2/11/2026 10:00,15.7717,64.825,14.3561,3.27
1331,2/11/2026 10:15,15.7684,64.825,14.355,3.265
1332,2/11/2026 10:30,15.7598,64.825,14.3553,3.245
1333,2/11/2026 10:45,15.7547,64.825,14.3548,3.234
1334,2/11/2026 11:00,15.7586,64.996,14.3529,3.247
1335,2/11/2026 11:15,15.7501,64.996,14.349,3.237
1336,2/11/2026 11:30,15.7364,64.996,14.3457,3.213
1337,2/11/2026 11:45,15.7279,64.996,14.3428,3.2
1338,2/11/2026 12:00,15.7347,64.996,14.3364,3.23
1339,2/11/2026 12:15,15.7233,65.167,14.3342,3.209
1340,2/11/2026 12:30,15.7266,65.167,14.3335,3.218
1341,2/11/2026 12:45,15.7322,65.338,14.332,3.235
1342,2/11/2026 13:00,15.7327,65.509,14.3274,3.246
1343,2/11/2026 13:15,15.6837,65.68,14.3265,3.135
1344,2/11/2026 13:30,15.7074,65.68,14.3225,3.2
1345,2/11/2026 13:45,15.7144,65.68,14.3216,3.218
1346,2/11/2026 14:00,15.7144,65.68,14.3177,3.227
1347,2/11/2026 14:15,15.7058,65.68,14.3171,3.208
1348,2/11/2026 14:30,15.6887,65.68,14.3175,3.168
1349,2/11/2026 14:45,15.6922,65.68,14.312,3.189
1350,2/11/2026 15:00,15.6716,65.68,14.3142,3.136
1351,2/11/2026 15:15,15.6887,65.68,14.3142,3.175
1352,2/11/2026 15:30,15.67,65.68,14.3126,3.136
1353,2/11/2026 15:45,15.6784,65.68,14.3126,3.155
1354,2/11/2026 16:00,15.6768,65.68,14.3112,3.155
1355,2/11/2026 16:15,15.6615,65.68,14.3113,3.119
1356,2/11/2026 16:30,15.6665,65.68,14.3141,3.125
1357,2/11/2026 16:45,15.6551,65.851,14.313,3.1
1358,2/11/2026 17:00,15.667,65.851,14.3141,3.126
1359,2/11/2026 17:15,15.6636,65.851,14.3165,3.112
1360,2/11/2026 17:30,15.6584,65.851,14.3158,3.102
1361,2/11/2026 17:45,15.6448,65.851,14.3191,3.063
1362,2/11/2026 18:00,15.6551,65.851,14.3226,3.078
1363,2/11/2026 18:15,15.638,65.851,14.3216,3.041
1364,2/11/2026 18:30,15.65,65.851,14.3252,3.061
1365,2/11/2026 18:45,15.65,65.851,14.3228,3.066
1366,2/11/2026 19:00,15.641,65.68,14.3219,3.047
1367,2/11/2026 19:15,15.6358,65.68,14.321,3.037
1368,2/11/2026 19:30,15.6342,65.68,14.3268,3.02
1369,2/11/2026 19:45,15.6358,65.68,14.3312,3.014
1370,2/11/2026 20:00,15.641,65.68,14.3323,3.023
1371,2/11/2026 20:15,15.6393,65.68,14.3336,3.016
1372,2/11/2026 20:30,15.6188,65.68,14.3339,2.968
1373,2/11/2026 20:45,15.629,65.68,14.332,2.996
1374,2/11/2026 21:00,15.6204,65.68,14.3376,2.964
1375,2/11/2026 21:15,15.6188,65.68,14.3394,2.956
1376,2/11/2026 21:30,15.6153,65.68,14.3373,2.953
1377,2/11/2026 21:45,15.6017,65.68,14.3367,2.922
1378,2/11/2026 22:00,15.6085,65.68,14.3392,2.933
1379,2/11/2026 22:15,15.6068,65.68,14.3371,2.933
1380,2/11/2026 22:30,15.6052,65.68,14.3364,2.931
1381,2/11/2026 22:45,15.6068,65.68,14.3374,2.933
1382,2/11/2026 23:00,15.5927,65.509,14.3383,2.898
1383,2/11/2026 23:15,15.5927,65.509,14.3377,2.899
1384,2/11/2026 23:30,15.5859,65.509,14.3371,2.885
1385,2/11/2026 23:45,15.5876,65.509,14.3341,2.896
1386,2/12/2026 0:00,15.5791,65.509,14.3349,2.874
1387,2/12/2026 0:15,15.574,65.509,14.3313,2.871
1388,2/12/2026 0:30,15.5756,65.509,14.3313,2.874
1389,2/12/2026 0:45,15.5791,65.509,14.3291,2.888
1390,2/12/2026 1:00,15.5569,65.509,14.3291,2.836
1391,2/12/2026 1:15,15.5462,65.338,14.3239,2.824
1392,2/12/2026 1:30,15.5479,65.338,14.3189,2.839
1393,2/12/2026 1:45,15.5462,65.338,14.3203,2.832
1394,2/12/2026 2:00,15.5393,65.338,14.3181,2.821
1395,2/12/2026 2:15,15.5428,65.338,14.3181,2.829
1396,2/12/2026 2:30,15.5393,65.338,14.3197,2.817
1397,2/12/2026 2:45,15.5393,65.338,14.3161,2.826
1398,2/12/2026 3:00,15.5308,65.338,14.313,2.813
1399,2/12/2026 3:15,15.5257,65.338,14.3115,2.805
1400,2/12/2026 3:30,15.5138,65.338,14.3048,2.793
1401,2/12/2026 3:45,15.515,65.167,14.3078,2.789
1402,2/12/2026 4:00,15.5134,65.167,14.3117,2.776
1403,2/12/2026 4:15,15.5099,65.167,14.3097,2.773
1404,2/12/2026 4:30,15.5066,65.167,14.3142,2.754
1405,2/12/2026 4:45,15.5013,65.167,14.3106,2.751
1406,2/12/2026 5:00,15.5031,65.167,14.3084,2.76
1407,2/12/2026 5:15,15.4996,65.167,14.31,2.748
1408,2/12/2026 5:30,15.4963,65.167,14.31,2.74
1409,2/12/2026 5:45,15.4963,65.167,14.3084,2.744
1410,2/12/2026 6:00,15.4912,65.167,14.3094,2.73
1411,2/12/2026 6:15,15.4826,65.167,14.3109,2.707
1412,2/12/2026 6:30,15.4877,65.167,14.3125,2.715
1413,2/12/2026 6:45,15.4792,65.167,14.3146,2.69
1414,2/12/2026 7:00,15.4792,65.167,14.313,2.694
1415,2/12/2026 7:15,15.4792,65.167,14.3146,2.69
1416,2/12/2026 7:30,15.4723,65.167,14.3177,2.667
1417,2/12/2026 7:45,15.4792,65.167,14.3197,2.678
1418,2/12/2026 8:00,15.4758,65.167,14.3197,2.671
1419,2/12/2026 8:15,15.4763,65.338,14.3219,2.667
1420,2/12/2026 8:30,15.478,65.338,14.3241,2.666
1421,2/12/2026 8:45,15.4763,65.338,14.3277,2.653
1422,2/12/2026 9:00,15.4763,65.338,14.3222,2.666
1423,2/12/2026 9:15,15.4677,65.338,14.3233,2.644
1424,2/12/2026 9:30,15.4712,65.338,14.3247,2.649
1425,2/12/2026 9:45,15.466,65.338,14.3242,2.638
1426,2/12/2026 10:00,15.4648,65.509,14.3276,2.627
1427,2/12/2026 10:15,15.4716,65.509,14.3257,2.647
1428,2/12/2026 10:30,15.4703,65.68,14.3312,2.632
1429,2/12/2026 10:45,15.4686,65.68,14.326,2.64
1430,2/12/2026 11:00,15.4622,65.851,14.3268,2.623
1431,2/12/2026 11:15,15.4571,65.851,14.3222,2.622
1432,2/12/2026 11:30,15.4575,66.022,14.3238,2.619
1433,2/12/2026 11:45,15.4456,66.022,14.3213,2.598
1434,2/12/2026 12:00,15.4427,66.193,14.3183,2.598
1435,2/12/2026 12:15,15.4375,66.193,14.3151,2.593
1436,2/12/2026 12:30,15.4307,66.193,14.3152,2.577
1437,2/12/2026 12:45,15.4329,66.366,14.3091,2.596
1438,2/12/2026 13:00,15.4243,66.366,14.3091,2.577
1439,2/12/2026 13:15,15.4226,66.366,14.3046,2.583
1440,2/12/2026 13:30,15.4061,66.537,14.301,2.553
1441,2/12/2026 13:45,15.4078,66.537,14.3013,2.556
1442,2/12/2026 14:00,15.4078,66.537,14.2974,2.566
1443,2/12/2026 14:15,15.4061,66.537,14.2955,2.566
1444,2/12/2026 14:30,15.4026,66.537,14.2962,2.556
1445,2/12/2026 14:45,15.4026,66.537,14.2929,2.564
1446,2/12/2026 15:00,15.4026,66.537,14.292,2.566
1447,2/12/2026 15:15,15.3975,66.537,14.2909,2.557
1448,2/12/2026 15:30,15.4014,66.708,14.291,2.566
1449,2/12/2026 15:45,15.4047,66.708,14.2925,2.57
1450,2/12/2026 16:00,15.4087,66.879,14.2913,2.582
1451,2/12/2026 16:15,15.4104,66.879,14.2909,2.587
1452,2/12/2026 16:30,15.4104,66.879,14.2875,2.594
1453,2/12/2026 16:45,15.412,66.879,14.2935,2.584
1454,2/12/2026 17:00,15.4172,66.879,14.291,2.602
1455,2/12/2026 17:15,15.415,66.708,14.2936,2.591
1456,2/12/2026 17:30,15.4168,66.708,14.2927,2.597
1457,2/12/2026 17:45,15.4133,66.708,14.2962,2.581
1458,2/12/2026 18:00,15.4111,66.537,14.3003,2.567
1459,2/12/2026 18:15,15.4129,66.537,14.302,2.567
1460,2/12/2026 18:30,15.4142,66.366,14.3074,2.557
1461,2/12/2026 18:45,15.4175,66.366,14.3072,2.565
1462,2/12/2026 19:00,15.4193,66.366,14.3119,2.558
1463,2/12/2026 19:15,15.4153,66.193,14.3119,2.549
1464,2/12/2026 19:30,15.4136,66.193,14.3093,2.551
1465,2/12/2026 19:45,15.4188,66.193,14.3109,2.56
1466,2/12/2026 20:00,15.4188,66.193,14.3084,2.565
1467,2/12/2026 20:15,15.4217,66.022,14.312,2.564
1468,2/12/2026 20:30,15.42,66.022,14.3178,2.546
1469,2/12/2026 20:45,15.4184,66.022,14.3175,2.543
1470,2/12/2026 21:00,15.4184,66.022,14.3142,2.551
1471,2/12/2026 21:15,15.4179,65.851,14.3139,2.551
1472,2/12/2026 21:30,15.4145,65.851,14.3158,2.538
1473,2/12/2026 21:45,15.4076,65.851,14.3146,2.525
1474,2/12/2026 22:00,15.4076,65.851,14.3133,2.528
1475,2/12/2026 22:15,15.4059,65.851,14.3136,2.523
1476,2/12/2026 22:30,15.4026,65.851,14.3141,2.515
1477,2/12/2026 22:45,15.4037,65.68,14.3158,2.513
1478,2/12/2026 23:00,15.4021,65.68,14.3152,2.511
1479,2/12/2026 23:15,15.414,65.68,14.3157,2.537
1480,2/12/2026 23:30,15.4191,65.68,14.3165,2.547
1481,2/12/2026 23:45,15.4208,65.68,14.3107,2.565
1482,2/13/2026 0:00,15.4306,65.509,14.3086,2.592
1483,2/13/2026 0:15,15.4306,65.509,14.311,2.586
1484,2/13/2026 0:30,15.429,65.509,14.3135,2.577
1485,2/13/2026 0:45,15.434,65.509,14.3099,2.597
1486,2/13/2026 1:00,15.4323,65.509,14.3123,2.587
1487,2/13/2026 1:15,15.4369,65.338,14.3101,2.603
1488,2/13/2026 1:30,15.4285,65.338,14.3065,2.592
1489,2/13/2026 1:45,15.4165,65.338,14.3029,2.573
1490,2/13/2026 2:00,15.4216,65.338,14.3068,2.575
1491,2/13/2026 2:15,15.4229,65.167,14.3016,2.59
1492,2/13/2026 2:30,15.4195,65.167,14.2985,2.59
1493,2/13/2026 2:45,15.4127,65.167,14.2949,2.582
1494,2/13/2026 3:00,15.4075,65.167,14.2943,2.572
1495,2/13/2026 3:15,15.4042,65.167,14.2927,2.567
1496,2/13/2026 3:30,15.3974,65.167,14.2891,2.56
1497,2/13/2026 3:45,15.3831,64.996,14.2891,2.527
1498,2/13/2026 4:00,15.3884,64.996,14.2855,2.548
1499,2/13/2026 4:15,15.3763,64.996,14.2839,2.524
1500,2/13/2026 4:30,15.3763,64.996,14.2839,2.524
1501,2/13/2026 4:45,15.3747,64.996,14.2833,2.521
1502,2/13/2026 5:00,15.3747,64.996,14.2864,2.514
1503,2/13/2026 5:15,15.3695,64.996,14.2858,2.503
1504,2/13/2026 5:30,15.3708,64.825,14.2888,2.499
1505,2/13/2026 5:45,15.3657,64.825,14.2904,2.484
1506,2/13/2026 6:00,15.364,64.825,14.2913,2.478
1507,2/13/2026 6:15,15.3657,64.825,14.2945,2.475
1508,2/13/2026 6:30,15.3657,64.825,14.2984,2.466
1509,2/13/2026 6:45,15.3653,64.652,14.3014,2.457
1510,2/13/2026 7:00,15.3686,64.652,14.3045,2.458
1511,2/13/2026 7:15,15.3669,64.652,14.3055,2.452
1512,2/13/2026 7:30,15.3653,64.652,14.3039,2.452
1513,2/13/2026 7:45,15.3614,64.481,14.307,2.436
1514,2/13/2026 8:00,15.3631,64.481,14.3101,2.432
1515,2/13/2026 8:15,15.3647,64.481,14.3101,2.436
1516,2/13/2026 8:30,15.3596,64.481,14.3113,2.422
1517,2/13/2026 8:45,15.3636,64.652,14.3133,2.426
1518,2/13/2026 9:00,15.3636,64.652,14.3146,2.423
1519,2/13/2026 9:15,15.3686,64.652,14.3164,2.431
1520,2/13/2026 9:30,15.3673,64.825,14.3181,2.424
1521,2/13/2026 9:45,15.3673,64.825,14.319,2.422
1522,2/13/2026 10:00,15.3662,64.996,14.3168,2.424
1523,2/13/2026 10:15,15.3609,64.996,14.3177,2.41
1524,2/13/2026 10:30,15.3598,65.167,14.3193,2.404
1525,2/13/2026 10:45,15.3602,65.338,14.3191,2.405
1526,2/13/2026 11:00,15.3556,65.509,14.3161,2.401
1527,2/13/2026 11:15,15.3492,65.68,14.3161,2.387
1528,2/13/2026 11:30,15.3479,65.851,14.313,2.391
1529,2/13/2026 11:45,15.3419,66.193,14.313,2.377
1530,2/13/2026 12:00,15.339,66.366,14.3115,2.374
1531,2/13/2026 12:15,15.3361,66.537,14.3068,2.378
1532,2/13/2026 12:30,15.3298,66.708,14.307,2.363
1533,2/13/2026 12:45,15.3267,66.879,14.3055,2.36
1534,2/13/2026 13:00,15.3221,67.05,14.2994,2.363
1535,2/13/2026 13:15,15.314,67.221,14.2972,2.349
1536,2/13/2026 13:30,15.3089,67.221,14.2927,2.348
1537,2/13/2026 13:45,15.3025,67.392,14.2891,2.342
1538,2/13/2026 14:00,15.2992,67.392,14.2852,2.343
1539,2/13/2026 14:15,15.2961,67.564,14.2848,2.337
1540,2/13/2026 14:30,15.2961,67.564,14.2826,2.342
1541,2/13/2026 14:45,15.2932,67.735,14.2855,2.329
1542,2/13/2026 15:00,15.288,67.735,14.2839,2.32
1543,2/13/2026 15:15,15.2864,67.735,14.2827,2.319
1544,2/13/2026 15:30,15.2897,67.735,14.284,2.324
1545,2/13/2026 15:45,15.2847,67.735,14.2838,2.313
1546,2/13/2026 16:00,15.2829,67.735,14.2835,2.309
1547,2/13/2026 16:15,15.279,67.564,14.2842,2.299
1548,2/13/2026 16:30,15.279,67.564,14.2864,2.294
1549,2/13/2026 16:45,15.279,67.564,14.2872,2.292
1550,2/13/2026 17:00,15.2735,67.392,14.2851,2.284
1551,2/13/2026 17:15,15.2735,67.392,14.2884,2.276
1552,2/13/2026 17:30,15.2731,67.221,14.2885,2.275
1553,2/13/2026 17:45,15.2713,67.221,14.2887,2.27
1554,2/13/2026 18:00,15.2658,67.05,14.2867,2.262
1555,2/13/2026 18:15,15.2691,67.05,14.291,2.26
1556,2/13/2026 18:30,15.267,66.879,14.2958,2.244
1557,2/13/2026 18:45,15.2632,66.708,14.2936,2.24
1558,2/13/2026 19:00,15.2615,66.708,14.2936,2.236
1559,2/13/2026 19:15,15.2542,66.537,14.2943,2.218
1560,2/13/2026 19:30,15.2507,66.537,14.2903,2.219
1561,2/13/2026 19:45,15.249,66.537,14.2925,2.21
1562,2/13/2026 20:00,15.2485,66.366,14.2907,2.213
1563,2/13/2026 20:15,15.2485,66.366,14.2971,2.198
1564,2/13/2026 20:30,15.252,66.366,14.2968,2.207
1565,2/13/2026 20:45,15.2485,66.366,14.2971,2.198
1566,2/13/2026 21:00,15.2498,66.193,14.3006,2.193
1567,2/13/2026 21:15,15.2481,66.193,14.3107,2.166
1568,2/13/2026 21:30,15.2498,66.193,14.3146,2.161
1569,2/13/2026 21:45,15.2464,66.193,14.3141,2.154
1570,2/13/2026 22:00,15.2464,66.193,14.3135,2.155
1571,2/13/2026 22:15,15.243,66.193,14.3104,2.155
1572,2/13/2026 22:30,15.2448,66.193,14.3113,2.157
1573,2/13/2026 22:45,15.2413,66.193,14.3091,2.154
1574,2/13/2026 23:00,15.2413,66.193,14.3101,2.151
1575,2/13/2026 23:15,15.2396,66.193,14.308,2.152
1576,2/13/2026 23:30,15.2396,66.193,14.3058,2.157
1577,2/13/2026 23:45,15.2362,66.193,14.3099,2.14
1578,2/14/2026 0:00,15.2345,66.193,14.3123,2.13
1579,2/14/2026 0:15,15.2294,66.193,14.3093,2.126
1580,2/14/2026 0:30,15.2242,66.193,14.3041,2.126
1581,2/14/2026 0:45,15.2226,66.193,14.3035,2.123
1582,2/14/2026 1:00,15.2174,66.193,14.3013,2.116
1583,2/14/2026 1:15,15.2158,66.193,14.3007,2.114
1584,2/14/2026 1:30,15.2174,66.193,14.3023,2.114
1585,2/14/2026 1:45,15.2208,66.193,14.3038,2.119
1586,2/14/2026 2:00,15.2242,66.193,14.3062,2.121
1587,2/14/2026 2:15,15.2226,66.193,14.3032,2.124
1588,2/14/2026 2:30,15.2208,66.193,14.301,2.125
1589,2/14/2026 2:45,15.2191,66.193,14.2965,2.131
1590,2/14/2026 3:00,15.2174,66.193,14.298,2.124
1591,2/14/2026 3:15,15.214,66.193,14.2872,2.141
1592,2/14/2026 3:30,15.2123,66.193,14.2836,2.146
1593,2/14/2026 3:45,15.2089,66.193,14.2852,2.134
1594,2/14/2026 4:00,15.2016,66.022,14.2877,2.111
1595,2/14/2026 4:15,15.2016,66.022,14.2922,2.101
1596,2/14/2026 4:30,15.2,66.022,14.2861,2.111
1597,2/14/2026 4:45,15.2016,66.022,14.2839,2.12
1598,2/14/2026 5:00,15.1947,66.022,14.2809,2.111
1599,2/14/2026 5:15,15.1965,66.022,14.2824,2.112
1600,2/14/2026 5:30,15.1897,66.022,14.2819,2.097
1601,2/14/2026 5:45,15.1879,66.022,14.2874,2.081
1602,2/14/2026 6:00,15.1914,66.022,14.2858,2.092
1603,2/14/2026 6:15,15.2,66.022,14.2904,2.101
1604,2/14/2026 6:30,15.205,66.022,14.2904,2.113
1605,2/14/2026 6:45,15.205,66.022,14.2888,2.117
1606,2/14/2026 7:00,15.205,66.022,14.2896,2.115
1607,2/14/2026 7:15,15.2068,66.022,14.2926,2.112
1608,2/14/2026 7:30,15.2118,66.022,14.2946,2.119
1609,2/14/2026 7:45,15.2084,66.022,14.2946,2.111
1610,2/14/2026 8:00,15.2136,66.022,14.2999,2.111
1611,2/14/2026 8:15,15.2153,66.022,14.3004,2.114
1612,2/14/2026 8:30,15.2204,66.022,14.3004,2.125
1613,2/14/2026 8:45,15.2221,66.022,14.3016,2.127
1614,2/14/2026 9:00,15.2237,66.022,14.3029,2.127
1615,2/14/2026 9:15,15.2237,66.022,14.3057,2.121
1616,2/14/2026 9:30,15.2277,66.193,14.3099,2.12
1617,2/14/2026 9:45,15.2311,66.193,14.308,2.133
1618,2/14/2026 10:00,15.2345,66.193,14.3138,2.127
1619,2/14/2026 10:15,15.238,66.193,14.3157,2.131
1620,2/14/2026 10:30,15.2349,66.366,14.3149,2.125
1621,2/14/2026 10:45,15.2366,66.366,14.3146,2.13
1622,2/14/2026 11:00,15.2337,66.537,14.3119,2.13
1623,2/14/2026 11:15,15.2337,66.537,14.313,2.127
1624,2/14/2026 11:30,15.2375,66.708,14.309,2.145
1625,2/14/2026 11:45,15.2393,66.708,14.3093,2.149
1626,2/14/2026 12:00,15.2414,66.879,14.3075,2.158
1627,2/14/2026 12:15,15.2397,66.879,14.302,2.166
1628,2/14/2026 12:30,15.2351,67.05,14.2985,2.164
1629,2/14/2026 12:45,15.2351,67.05,14.2983,2.165
1630,2/14/2026 13:00,15.232,67.221,14.2955,2.164
1631,2/14/2026 13:15,15.2337,67.221,14.2958,2.167
1632,2/14/2026 13:30,15.2377,67.392,14.2939,2.181
1633,2/14/2026 13:45,15.2342,67.392,14.2961,2.168
1634,2/14/2026 14:00,15.2359,67.392,14.2946,2.175
1635,2/14/2026 14:15,15.2398,67.564,14.2958,2.181
1636,2/14/2026 14:30,15.2432,67.564,14.2942,2.193
1637,2/14/2026 14:45,15.25,67.564,14.293,2.211
1638,2/14/2026 15:00,15.2517,67.564,14.2872,2.229
1639,2/14/2026 15:15,15.2535,67.564,14.2884,2.23
1640,2/14/2026 15:30,15.2654,67.564,14.2927,2.247
1641,2/14/2026 15:45,15.2722,67.564,14.2939,2.261
1642,2/14/2026 16:00,15.2842,67.564,14.2985,2.278
1643,2/14/2026 16:15,15.2961,67.564,14.2999,2.302
1644,2/14/2026 16:30,15.3093,67.392,14.2988,2.335
1645,2/14/2026 16:45,15.3229,67.392,14.3019,2.359
1646,2/14/2026 17:00,15.3401,67.392,14.3004,2.402
1647,2/14/2026 17:15,15.3583,67.221,14.3035,2.437
1648,2/14/2026 17:30,15.3772,67.221,14.3093,2.468
1649,2/14/2026 17:45,15.3926,67.221,14.3078,2.506
1650,2/14/2026 18:00,15.4091,67.05,14.3093,2.541
1651,2/14/2026 18:15,15.4262,67.05,14.31,2.579
1652,2/14/2026 18:30,15.4342,66.879,14.3177,2.58
1653,2/14/2026 18:45,15.4406,66.708,14.3199,2.589
1654,2/14/2026 19:00,15.4458,66.708,14.3181,2.605
1655,2/14/2026 19:15,15.4401,66.537,14.3231,2.581
1656,2/14/2026 19:30,15.4436,66.537,14.3248,2.585
1657,2/14/2026 19:45,15.447,66.537,14.3252,2.592
1658,2/14/2026 20:00,15.4573,66.537,14.3277,2.61
1659,2/14/2026 20:15,15.4551,66.366,14.3316,2.596
1660,2/14/2026 20:30,15.4602,66.366,14.3316,2.607
1661,2/14/2026 20:45,15.4636,66.366,14.331,2.617
1662,2/14/2026 21:00,15.4619,66.366,14.3326,2.609
1663,2/14/2026 21:15,15.4602,66.366,14.3326,2.605
1664,2/14/2026 21:30,15.4586,66.366,14.3335,2.599
1665,2/14/2026 21:45,15.4586,66.366,14.3345,2.597
1666,2/14/2026 22:00,15.4568,66.366,14.3338,2.595
1667,2/14/2026 22:15,15.4602,66.366,14.3318,2.607
1668,2/14/2026 22:30,15.4619,66.366,14.3348,2.604
1669,2/14/2026 22:45,15.4654,66.366,14.3357,2.61
1670,2/14/2026 23:00,15.467,66.366,14.3312,2.624
1671,2/14/2026 23:15,15.4751,66.193,14.3305,2.645
1672,2/14/2026 23:30,15.47,66.193,14.3274,2.64
1673,2/14/2026 23:45,15.4734,66.193,14.3274,2.648
1674,2/15/2026 0:00,15.4734,66.193,14.3244,2.655
1675,2/15/2026 0:15,15.4751,66.193,14.3222,2.664
1676,2/15/2026 0:30,15.4751,66.193,14.3197,2.669
1677,2/15/2026 0:45,15.4678,66.022,14.3191,2.654
1678,2/15/2026 1:00,15.4696,66.022,14.3222,2.651
1679,2/15/2026 1:15,15.4696,66.022,14.3161,2.665
1680,2/15/2026 1:30,15.4575,66.022,14.3171,2.635
1681,2/15/2026 1:45,15.4507,66.022,14.3141,2.626
1682,2/15/2026 2:00,15.4435,65.851,14.3094,2.62
1683,2/15/2026 2:15,15.4367,65.851,14.3094,2.604
1684,2/15/2026 2:30,15.4248,65.851,14.3064,2.584
1685,2/15/2026 2:45,15.4162,65.851,14.3078,2.561
1686,2/15/2026 3:00,15.4059,65.851,14.3078,2.537
1687,2/15/2026 3:15,15.3991,65.851,14.3048,2.528
1688,2/15/2026 3:30,15.3868,65.68,14.3064,2.496
1689,2/15/2026 3:45,15.3833,65.68,14.3039,2.494
1690,2/15/2026 4:00,15.3747,65.68,14.3001,2.483
1691,2/15/2026 4:15,15.3646,65.68,14.3017,2.455
1692,2/15/2026 4:30,15.3578,65.68,14.3054,2.431
1693,2/15/2026 4:45,15.3543,65.68,14.3054,2.423
1694,2/15/2026 5:00,15.3475,65.68,14.3029,2.413
1695,2/15/2026 5:15,15.3424,65.68,14.3059,2.394
1696,2/15/2026 5:30,15.3406,65.68,14.3075,2.387
1697,2/15/2026 5:45,15.3356,65.68,14.3097,2.37
1698,2/15/2026 6:00,15.3321,65.68,14.3128,2.355
1699,2/15/2026 6:15,15.3303,65.68,14.3128,2.351
1700,2/15/2026 6:30,15.3287,65.68,14.3097,2.354
1701,2/15/2026 6:45,15.3235,65.68,14.3133,2.334
1702,2/15/2026 7:00,15.3235,65.68,14.3164,2.327
1703,2/15/2026 7:15,15.3303,65.68,14.3186,2.337
1704,2/15/2026 7:30,15.3393,65.851,14.3231,2.348
1705,2/15/2026 7:45,15.3393,65.851,14.3216,2.351
1706,2/15/2026 8:00,15.3343,65.851,14.3247,2.332
1707,2/15/2026 8:15,15.3377,65.851,14.3277,2.333
1708,2/15/2026 8:30,15.3343,65.851,14.3252,2.331
1709,2/15/2026 8:45,15.3325,65.851,14.3305,2.315
1710,2/15/2026 9:00,15.3308,65.851,14.3302,2.312
1711,2/15/2026 9:15,15.3347,66.022,14.3297,2.322
1712,2/15/2026 9:30,15.3314,66.022,14.3341,2.304
1713,2/15/2026 9:45,15.3382,66.022,14.3347,2.318
1714,2/15/2026 10:00,15.3318,66.193,14.3383,2.295
1715,2/15/2026 10:15,15.3318,66.193,14.341,2.289
1716,2/15/2026 10:30,15.3301,66.193,14.3361,2.296
1717,2/15/2026 10:45,15.3219,66.366,14.3364,2.277
1718,2/15/2026 11:00,15.3219,66.366,14.332,2.287
1719,2/15/2026 11:15,15.319,66.537,14.3303,2.284
1720,2/15/2026 11:30,15.3276,66.537,14.3336,2.296
1721,2/15/2026 11:45,15.3298,66.708,14.3331,2.303
1722,2/15/2026 12:00,15.3298,66.708,14.3238,2.324
1723,2/15/2026 12:15,15.3263,66.708,14.3268,2.309
1724,2/15/2026 12:30,15.3302,66.879,14.3244,2.324
1725,2/15/2026 12:45,15.3335,66.879,14.3235,2.334
1726,2/15/2026 13:00,15.3438,66.879,14.3244,2.356
1727,2/15/2026 13:15,15.3456,66.879,14.3199,2.37
1728,2/15/2026 13:30,15.3575,66.879,14.3186,2.4
1729,2/15/2026 13:45,15.3797,66.879,14.3107,2.47
1730,2/15/2026 14:00,15.4359,66.879,14.3125,2.596
1731,2/15/2026 14:15,15.5179,66.879,14.3125,2.785
1732,2/15/2026 14:30,15.5482,66.708,14.3088,2.863
1733,2/15/2026 14:45,15.5801,66.537,14.3052,2.946
1734,2/15/2026 15:00,15.6005,66.537,14.3074,2.988
1735,2/15/2026 15:15,15.612,66.366,14.3074,3.014
1736,2/15/2026 15:30,15.6531,66.366,14.3042,3.116
1737,2/15/2026 15:45,15.6792,66.537,14.3088,3.166
1738,2/15/2026 16:00,15.7043,66.366,14.3119,3.217
1739,2/15/2026 16:15,15.6854,66.366,14.3146,3.167
1740,2/15/2026 16:30,15.7196,66.366,14.3141,3.247
1741,2/15/2026 16:45,15.7401,66.366,14.3158,3.291
1742,2/15/2026 17:00,15.7742,66.366,14.3218,3.356
1743,2/15/2026 17:15,15.7776,66.366,14.3202,3.367
1744,2/15/2026 17:30,15.7977,66.193,14.3232,3.406
1745,2/15/2026 17:45,15.8027,66.193,14.3233,3.418
1746,2/15/2026 18:00,15.7977,66.193,14.3277,3.396
1747,2/15/2026 18:15,15.7959,66.193,14.3249,3.398
1748,2/15/2026 18:30,15.8045,66.193,14.3258,3.416
1749,2/15/2026 18:45,15.7834,66.022,14.3323,3.352
1750,2/15/2026 19:00,15.8262,66.022,14.3302,3.456
1751,2/15/2026 19:15,15.8245,66.022,14.332,3.448
1752,2/15/2026 19:30,15.8109,66.022,14.3361,3.407
1753,2/15/2026 19:45,15.8172,65.851,14.337,3.42
1754,2/15/2026 20:00,15.8359,65.851,14.3394,3.457
1755,2/15/2026 20:15,15.8155,65.851,14.3441,3.399
1756,2/15/2026 20:30,15.8309,65.851,14.3471,3.428
1757,2/15/2026 20:45,15.8184,65.68,14.345,3.404
1758,2/15/2026 21:00,15.8388,65.68,14.3466,3.448
1759,2/15/2026 21:15,15.8423,65.68,14.3521,3.443
1760,2/15/2026 21:30,15.8338,65.68,14.3509,3.426
1761,2/15/2026 21:45,15.8623,65.509,14.3539,3.485
1762,2/15/2026 22:00,15.8777,65.509,14.3534,3.522
1763,2/15/2026 22:15,15.8674,65.509,14.3518,3.501
1764,2/15/2026 22:30,15.8806,65.338,14.3512,3.533
1765,2/15/2026 22:45,15.8806,65.338,14.3537,3.527
1766,2/15/2026 23:00,15.8806,65.338,14.3506,3.535
1767,2/15/2026 23:15,15.8721,65.338,14.349,3.518
1768,2/15/2026 23:30,15.887,65.167,14.346,3.56
1769,2/15/2026 23:45,15.8545,65.167,14.3413,3.496
1770,2/16/2026 0:00,15.8545,65.167,14.3429,3.492
1771,2/16/2026 0:15,15.8734,65.167,14.3429,3.535
1772,2/16/2026 0:30,15.8661,64.996,14.3429,3.519
1773,2/16/2026 0:45,15.8473,64.996,14.3408,3.48
1774,2/16/2026 1:00,15.8439,64.996,14.3408,3.472
1775,2/16/2026 1:15,15.8383,64.825,14.3363,3.47
1776,2/16/2026 1:30,15.8314,64.825,14.3332,3.461
1777,2/16/2026 1:45,15.8196,64.825,14.3294,3.442
1778,2/16/2026 2:00,15.8242,64.652,14.3294,3.453
1779,2/16/2026 2:15,15.7917,64.652,14.331,3.374
1780,2/16/2026 2:30,15.7833,64.652,14.328,3.362
1781,2/16/2026 2:45,15.7644,64.652,14.3233,3.329
1782,2/16/2026 3:00,15.7521,64.481,14.3258,3.295
1783,2/16/2026 3:15,15.7539,64.481,14.3244,3.302
1784,2/16/2026 3:30,15.7708,64.481,14.3258,3.338
1785,2/16/2026 3:45,15.7469,64.481,14.3258,3.283
1786,2/16/2026 4:00,15.7367,64.481,14.3252,3.26
1787,2/16/2026 4:15,15.7431,64.31,14.3206,3.286
1788,2/16/2026 4:30,15.726,64.31,14.3206,3.246
1789,2/16/2026 4:45,15.7106,64.31,14.3231,3.205
1790,2/16/2026 5:00,15.7085,64.139,14.3225,3.201
1791,2/16/2026 5:15,15.7102,64.139,14.3241,3.202
1792,2/16/2026 5:30,15.7291,64.139,14.3296,3.233
1793,2/16/2026 5:45,15.7047,63.968,14.332,3.171
1794,2/16/2026 6:00,15.7251,63.968,14.3381,3.204
1795,2/16/2026 6:15,15.7063,63.968,14.3392,3.158
1796,2/16/2026 6:30,15.7043,63.797,14.3422,3.146
1797,2/16/2026 6:45,15.7025,63.797,14.3422,3.142
1798,2/16/2026 7:00,15.7025,63.797,14.3428,3.141
1799,2/16/2026 7:15,15.6905,63.797,14.3418,3.115
1800,2/16/2026 7:30,15.6718,63.797,14.3439,3.067
1801,2/16/2026 7:45,15.6871,63.797,14.3461,3.097
1802,2/16/2026 8:00,15.6768,63.797,14.3473,3.071
1803,2/16/2026 8:15,15.6649,63.797,14.3531,3.03
1804,2/16/2026 8:30,15.6667,63.797,14.3558,3.028
1805,2/16/2026 8:45,15.6735,63.797,14.3564,3.042
1806,2/16/2026 9:00,15.67,63.797,14.3598,3.026
1807,2/16/2026 9:15,15.6667,63.797,14.3615,3.015
1808,2/16/2026 9:30,15.67,63.797,14.3621,3.021
1809,2/16/2026 9:45,15.6603,63.968,14.3621,2.999
1810,2/16/2026 10:00,15.6603,63.968,14.3596,3.004
1811,2/16/2026 10:15,15.6467,63.968,14.3602,2.972
1812,2/16/2026 10:30,15.6467,63.968,14.3599,2.972
1813,2/16/2026 10:45,15.6385,64.139,14.3561,2.962
1814,2/16/2026 11:00,15.6249,64.139,14.3567,2.929
1815,2/16/2026 11:15,15.61,64.31,14.3542,2.901
1816,2/16/2026 11:30,15.6117,64.31,14.3524,2.909
1817,2/16/2026 11:45,15.6122,64.481,14.351,2.913
1818,2/16/2026 12:00,15.6122,64.481,14.3483,2.919
1819,2/16/2026 12:15,15.604,64.652,14.3441,2.91
1820,2/16/2026 12:30,15.6007,64.652,14.3403,2.911
1821,2/16/2026 12:45,15.5972,64.652,14.3373,2.91
1822,2/16/2026 13:00,15.5785,64.652,14.3336,2.876
1823,2/16/2026 13:15,15.5824,64.825,14.3334,2.885
1824,2/16/2026 13:30,15.5688,64.825,14.3278,2.867
1825,2/16/2026 13:45,15.5721,64.825,14.3309,2.867
1826,2/16/2026 14:00,15.5618,64.825,14.3249,2.857
1827,2/16/2026 14:15,15.5504,64.996,14.3213,2.839
1828,2/16/2026 14:30,15.5521,64.996,14.3222,2.841
1829,2/16/2026 14:45,15.5453,64.996,14.3225,2.825
1830,2/16/2026 15:00,15.5435,64.996,14.3232,2.819
1831,2/16/2026 15:15,15.5385,64.996,14.3241,2.805
1832,2/16/2026 15:30,15.5385,64.996,14.3235,2.807
1833,2/16/2026 15:45,15.5248,64.996,14.3232,2.776
1834,2/16/2026 16:00,15.5266,64.996,14.3225,2.782
1835,2/16/2026 16:15,15.5282,64.996,14.321,2.789
1836,2/16/2026 16:30,15.5317,64.996,14.3244,2.789
1837,2/16/2026 16:45,15.5402,64.996,14.3249,2.807
1838,2/16/2026 17:00,15.547,64.996,14.3284,2.815
1839,2/16/2026 17:15,15.5367,64.996,14.3242,2.801
1840,2/16/2026 17:30,15.5504,64.996,14.328,2.824
1841,2/16/2026 17:45,15.5556,64.996,14.3286,2.834
1842,2/16/2026 18:00,15.5607,64.996,14.3335,2.835
1843,2/16/2026 18:15,15.576,64.996,14.3307,2.877
1844,2/16/2026 18:30,15.5778,64.996,14.3336,2.874
1845,2/16/2026 18:45,15.5846,64.996,14.3339,2.889
1846,2/16/2026 19:00,15.5982,64.996,14.3394,2.908
1847,2/16/2026 19:15,15.6101,64.996,14.3373,2.94
1848,2/16/2026 19:30,15.642,64.825,14.3428,3.001
1849,2/16/2026 19:45,15.6728,64.825,14.3438,3.07
1850,2/16/2026 20:00,15.6899,64.825,14.3471,3.102
1851,2/16/2026 20:15,15.7172,64.825,14.3496,3.159
1852,2/16/2026 20:30,15.7462,64.825,14.3506,3.224
1853,2/16/2026 20:45,15.7649,64.825,14.3515,3.265
1854,2/16/2026 21:00,15.7871,64.825,14.3531,3.313
1855,2/16/2026 21:15,15.84,64.825,14.3531,3.435
1856,2/16/2026 21:30,15.8435,64.825,14.3531,3.443
1857,2/16/2026 21:45,15.8451,64.825,14.3561,3.439
1858,2/16/2026 22:00,15.9044,64.652,14.3515,3.587
1859,2/16/2026 22:15,15.8941,64.652,14.3545,3.556
1860,2/16/2026 22:30,15.9056,64.481,14.3592,3.572
1861,2/16/2026 22:45,15.9363,64.481,14.3577,3.646
1862,2/16/2026 23:00,15.9086,64.31,14.357,3.584
1863,2/16/2026 23:15,15.8915,64.31,14.355,3.549
1864,2/16/2026 23:30,15.9001,64.31,14.355,3.569
1865,2/16/2026 23:45,15.8945,64.139,14.3528,3.561
1866,2/17/2026 0:00,15.8945,64.139,14.3522,3.563
1867,2/17/2026 0:15,15.8961,64.139,14.3506,3.57
1868,2/17/2026 0:30,15.8718,63.968,14.3522,3.51
1869,2/17/2026 0:45,15.8838,63.968,14.3516,3.539
1870,2/17/2026 1:00,15.8838,63.968,14.3486,3.546
1871,2/17/2026 1:15,15.8753,63.968,14.3492,3.525
1872,2/17/2026 1:30,15.8412,63.968,14.3431,3.46
1873,2/17/2026 1:45,15.8509,63.797,14.3431,3.483
1874,2/17/2026 2:00,15.8458,63.797,14.3425,3.472
1875,2/17/2026 2:15,15.8117,63.797,14.3418,3.395
1876,2/17/2026 2:30,15.8185,63.797,14.3397,3.416
1877,2/17/2026 2:45,15.8317,63.626,14.3381,3.45
1878,2/17/2026 3:00,15.8061,63.626,14.3376,3.392
1879,2/17/2026 3:15,15.8175,63.455,14.337,3.42
1880,2/17/2026 3:30,15.821,63.455,14.3348,3.433
1881,2/17/2026 3:45,15.8159,63.455,14.3348,3.421
1882,2/17/2026 4:00,15.8307,63.282,14.3318,3.462
1883,2/17/2026 4:15,15.8256,63.282,14.3334,3.447
1884,2/17/2026 4:30,15.8103,63.282,14.3315,3.416
1885,2/17/2026 4:45,15.8017,63.282,14.332,3.394
1886,2/17/2026 5:00,15.7795,63.282,14.3335,3.34
1887,2/17/2026 5:15,15.7916,63.282,14.3329,3.369
1888,2/17/2026 5:30,15.7758,63.111,14.3345,3.329
1889,2/17/2026 5:45,15.7791,63.111,14.3361,3.333
1890,2/17/2026 6:00,15.7518,63.111,14.3397,3.261
1891,2/17/2026 6:15,15.7569,63.111,14.3397,3.273
1892,2/17/2026 6:30,15.7433,63.111,14.3452,3.229
1893,2/17/2026 6:45,15.7485,63.111,14.3422,3.248
1894,2/17/2026 7:00,15.7347,63.111,14.3483,3.202
1895,2/17/2026 7:15,15.7347,63.111,14.3467,3.206
1896,2/17/2026 7:30,15.7309,62.94,14.3519,3.185
1897,2/17/2026 7:45,15.7327,62.94,14.351,3.191
1898,2/17/2026 8:00,15.7327,62.94,14.3531,3.186
1899,2/17/2026 8:15,15.736,62.94,14.3522,3.196
1900,2/17/2026 8:30,15.7224,62.94,14.3534,3.162
1901,2/17/2026 8:45,15.707,62.94,14.3553,3.122
1902,2/17/2026 9:00,15.7296,63.111,14.3564,3.172
1903,2/17/2026 9:15,15.7058,63.111,14.3551,3.12
1904,2/17/2026 9:30,15.7058,63.111,14.3582,3.113
1905,2/17/2026 9:45,15.6973,63.111,14.3574,3.095
1906,2/17/2026 10:00,15.6989,63.111,14.3567,3.1
1907,2/17/2026 10:15,15.6995,63.282,14.3586,3.097
1908,2/17/2026 10:30,15.6995,63.282,14.3579,3.099
1909,2/17/2026 10:45,15.6742,63.455,14.3532,3.051
1910,2/17/2026 11:00,15.6832,63.626,14.3535,3.071
1911,2/17/2026 11:15,15.6854,63.797,14.356,3.071
1912,2/17/2026 11:30,15.6636,63.968,14.3486,3.038
1913,2/17/2026 11:45,15.659,64.139,14.351,3.021
1914,2/17/2026 12:00,15.6544,64.31,14.3437,3.028
1915,2/17/2026 12:15,15.6565,64.481,14.3397,3.042
1916,2/17/2026 12:30,15.6361,64.481,14.3373,3
1917,2/17/2026 12:45,15.6451,64.652,14.3381,3.019
1918,2/17/2026 13:00,15.6178,64.652,14.3318,2.971
1919,2/17/2026 13:15,15.6233,64.825,14.3302,2.987
1920,2/17/2026 13:30,15.613,64.825,14.3277,2.969
1921,2/17/2026 13:45,15.6097,64.825,14.3265,2.964
1922,2/17/2026 14:00,15.613,64.825,14.3252,2.975
1923,2/17/2026 14:15,15.6046,64.825,14.3219,2.963
1924,2/17/2026 14:30,15.6016,64.996,14.321,2.958
1925,2/17/2026 14:45,15.6029,64.825,14.3191,2.965
1926,2/17/2026 15:00,15.5994,64.825,14.3203,2.955
1927,2/17/2026 15:15,15.5904,64.652,14.3154,2.945
1928,2/17/2026 15:30,15.5836,64.652,14.3158,2.929
1929,2/17/2026 15:45,15.5871,64.652,14.3186,2.93
1930,2/17/2026 16:00,15.582,64.652,14.3183,2.919
1931,2/17/2026 16:15,15.5699,64.652,14.3222,2.882
1932,2/17/2026 16:30,15.5717,64.652,14.3222,2.886
1933,2/17/2026 16:45,15.5768,64.652,14.3219,2.899
1934,2/17/2026 17:00,15.5631,64.652,14.3247,2.861
1935,2/17/2026 17:15,15.5631,64.652,14.3216,2.868
1936,2/17/2026 17:30,15.5495,64.652,14.32,2.84
1937,2/17/2026 17:45,15.5563,64.652,14.3219,2.851
1938,2/17/2026 18:00,15.553,64.652,14.3225,2.842
1939,2/17/2026 18:15,15.5456,64.481,14.3296,2.809
1940,2/17/2026 18:30,15.5388,64.481,14.3336,2.784
1941,2/17/2026 18:45,15.5491,64.481,14.3291,2.818
1942,2/17/2026 19:00,15.5422,64.481,14.3307,2.798
1943,2/17/2026 19:15,15.5508,64.481,14.3341,2.811
1944,2/17/2026 19:30,15.5576,64.481,14.3363,2.821
1945,2/17/2026 19:45,15.561,64.481,14.3351,2.832
1946,2/17/2026 20:00,15.5662,64.481,14.3379,2.837
1947,2/17/2026 20:15,15.5713,64.481,14.3428,2.838
1948,2/17/2026 20:30,15.5627,64.481,14.3432,2.817
1949,2/17/2026 20:45,15.5559,64.481,14.3471,2.792
1950,2/17/2026 21:00,15.5559,64.481,14.3487,2.788
1951,2/17/2026 21:15,15.5541,64.481,14.3413,2.801
1952,2/17/2026 21:30,15.5473,64.481,14.35,2.766
1953,2/17/2026 21:45,15.5508,64.481,14.3495,2.775
1954,2/17/2026 22:00,15.544,64.481,14.3489,2.761
1955,2/17/2026 22:15,15.5422,64.481,14.3519,2.75
1956,2/17/2026 22:30,15.5456,64.481,14.3519,2.757
1957,2/17/2026 22:45,15.5491,64.481,14.3519,2.765
1958,2/17/2026 23:00,15.5473,64.481,14.3503,2.765
1959,2/17/2026 23:15,15.5508,64.481,14.3467,2.781
1960,2/17/2026 23:30,15.5504,64.31,14.3467,2.78
1961,2/17/2026 23:45,15.5504,64.31,14.3451,2.784
1962,2/18/2026 0:00,15.5623,64.31,14.3406,2.822
1963,2/18/2026 0:15,15.5418,64.31,14.3399,2.776
1964,2/18/2026 0:30,15.5434,64.31,14.3348,2.792
1965,2/18/2026 0:45,15.5366,64.31,14.3368,2.771
1966,2/18/2026 1:00,15.535,64.31,14.3307,2.782
1967,2/18/2026 1:15,15.5264,64.31,14.3293,2.765
1968,2/18/2026 1:30,15.5225,64.139,14.3293,2.756
1969,2/18/2026 1:45,15.5089,64.139,14.3261,2.732
1970,2/18/2026 2:00,15.5038,64.139,14.3216,2.731
1971,2/18/2026 2:15,15.5038,64.139,14.3225,2.729
1972,2/18/2026 2:30,15.4986,64.139,14.3173,2.729
1973,2/18/2026 2:45,15.4918,64.139,14.3112,2.727
1974,2/18/2026 3:00,15.4816,64.139,14.3097,2.707
1975,2/18/2026 3:15,15.4794,63.968,14.3112,2.698
1976,2/18/2026 3:30,15.4726,63.968,14.3081,2.69
1977,2/18/2026 3:45,15.4777,63.968,14.3091,2.699
1978,2/18/2026 4:00,15.4691,63.968,14.3091,2.679
1979,2/18/2026 4:15,15.4709,63.968,14.3091,2.683
1980,2/18/2026 4:30,15.4641,63.968,14.3106,2.664
1981,2/18/2026 4:45,15.4623,63.968,14.3116,2.658
1982,2/18/2026 5:00,15.4533,63.797,14.313,2.634
1983,2/18/2026 5:15,15.4517,63.797,14.3146,2.626
1984,2/18/2026 5:30,15.4432,63.797,14.3116,2.614
1985,2/18/2026 5:45,15.45,63.797,14.3136,2.625
1986,2/18/2026 6:00,15.4465,63.797,14.3173,2.608
1987,2/18/2026 6:15,15.4517,63.797,14.3235,2.606
1988,2/18/2026 6:30,15.4432,63.797,14.3244,2.584
1989,2/18/2026 6:45,15.4465,63.797,14.326,2.588
1990,2/18/2026 7:00,15.4397,63.797,14.3274,2.569
1991,2/18/2026 7:15,15.441,63.626,14.3296,2.567
1992,2/18/2026 7:30,15.4359,63.626,14.328,2.559
1993,2/18/2026 7:45,15.4359,63.626,14.3318,2.55
1994,2/18/2026 8:00,15.4359,63.626,14.3329,2.548
1995,2/18/2026 8:15,15.4325,63.626,14.3341,2.537
1996,2/18/2026 8:30,15.4291,63.626,14.3358,2.525
1997,2/18/2026 8:45,15.4325,63.626,14.3347,2.536
1998,2/18/2026 9:00,15.4274,63.626,14.34,2.511
1999,2/18/2026 9:15,15.4291,63.626,14.3394,2.517
2000,2/18/2026 9:30,15.4313,63.797,14.3371,2.527
2001,2/18/2026 9:45,15.4329,63.797,14.339,2.527
2002,2/18/2026 10:00,15.4313,63.797,14.3371,2.527
2003,2/18/2026 10:15,15.4265,63.968,14.3349,2.521
2004,2/18/2026 10:30,15.4249,63.968,14.3349,2.518
2005,2/18/2026 10:45,15.4201,64.139,14.3318,2.514
2006,2/18/2026 11:00,15.4172,64.31,14.329,2.514
2007,2/18/2026 11:15,15.4108,64.481,14.3268,2.504
2008,2/18/2026 11:30,15.4079,64.652,14.3255,2.5
2009,2/18/2026 11:45,15.4037,64.996,14.3228,2.497
2010,2/18/2026 12:00,15.3921,65.167,14.3225,2.471
2011,2/18/2026 12:15,15.396,65.338,14.3197,2.486
2012,2/18/2026 12:30,15.3936,65.68,14.3175,2.486
2013,2/18/2026 12:45,15.3872,65.851,14.3178,2.471
2014,2/18/2026 13:00,15.3808,66.022,14.313,2.467
2015,2/18/2026 13:15,15.3731,66.366,14.3081,2.461
2016,2/18/2026 13:30,15.372,66.537,14.3093,2.455
2017,2/18/2026 13:45,15.3652,66.537,14.3045,2.451
2018,2/18/2026 14:00,15.3621,66.708,14.3051,2.442
2019,2/18/2026 14:15,15.3553,66.708,14.3039,2.429
2020,2/18/2026 14:30,15.3485,66.708,14.2977,2.428
2021,2/18/2026 14:45,15.3467,66.708,14.2927,2.435
2022,2/18/2026 15:00,15.3421,66.879,14.2981,2.412
2023,2/18/2026 15:15,15.3399,66.708,14.2971,2.409
2024,2/18/2026 15:30,15.3348,66.708,14.2956,2.401
2025,2/18/2026 15:45,15.3292,66.537,14.2956,2.388
2026,2/18/2026 16:00,15.3292,66.537,14.2932,2.394
2027,2/18/2026 16:15,15.3219,66.366,14.2938,2.375
2028,2/18/2026 16:30,15.3266,66.193,14.292,2.39
2029,2/18/2026 16:45,15.3182,66.193,14.291,2.373
2030,2/18/2026 17:00,15.3193,66.022,14.2974,2.361
2031,2/18/2026 17:15,15.3176,66.022,14.2974,2.357
2032,2/18/2026 17:30,15.3171,65.851,14.2987,2.353
2033,2/18/2026 17:45,15.3121,65.851,14.3016,2.334
2034,2/18/2026 18:00,15.3155,65.851,14.3035,2.338
2035,2/18/2026 18:15,15.3116,65.68,14.3057,2.324
2036,2/18/2026 18:30,15.3099,65.68,14.3059,2.319
2037,2/18/2026 18:45,15.3112,65.509,14.3045,2.326
2038,2/18/2026 19:00,15.3145,65.509,14.3067,2.328
2039,2/18/2026 19:15,15.3112,65.509,14.3088,2.316
2040,2/18/2026 19:30,15.3112,65.509,14.31,2.313
2041,2/18/2026 19:45,15.3108,65.338,14.3083,2.316
2042,2/18/2026 20:00,15.3108,65.338,14.3116,2.308
2043,2/18/2026 20:15,15.3108,65.338,14.3157,2.299
2044,2/18/2026 20:30,15.3141,65.338,14.3181,2.301
2045,2/18/2026 20:45,15.3141,65.338,14.3215,2.293
2046,2/18/2026 21:00,15.3176,65.338,14.3209,2.303
2047,2/18/2026 21:15,15.3277,65.338,14.3228,2.322
2048,2/18/2026 21:30,15.3295,65.338,14.32,2.332
2049,2/18/2026 21:45,15.3295,65.338,14.321,2.33
2050,2/18/2026 22:00,15.3277,65.338,14.3204,2.327
2051,2/18/2026 22:15,15.3277,65.338,14.3213,2.325
2052,2/18/2026 22:30,15.3244,65.338,14.3229,2.314
2053,2/18/2026 22:45,15.3227,65.338,14.3244,2.306
2054,2/18/2026 23:00,15.3244,65.338,14.326,2.307
2055,2/18/2026 23:15,15.3193,65.338,14.3244,2.298
2056,2/18/2026 23:30,15.3141,65.338,14.3238,2.288
2057,2/18/2026 23:45,15.3108,65.338,14.3254,2.276
2058,2/19/2026 0:00,15.3176,65.338,14.3247,2.294
2059,2/19/2026 0:15,15.309,65.338,14.3204,2.284
2060,2/19/2026 0:30,15.3039,65.338,14.3207,2.271
2061,2/19/2026 0:45,15.3073,65.338,14.3141,2.294
2062,2/19/2026 1:00,15.309,65.338,14.3171,2.291
2063,2/19/2026 1:15,15.3005,65.338,14.3119,2.284
2064,2/19/2026 1:30,15.3022,65.338,14.3113,2.289
2065,2/19/2026 1:45,15.2886,65.338,14.3093,2.262
2066,2/19/2026 2:00,15.2897,65.167,14.3062,2.272
2067,2/19/2026 2:15,15.2915,65.167,14.303,2.283
2068,2/19/2026 2:30,15.2881,65.167,14.303,2.276
2069,2/19/2026 2:45,15.2864,65.167,14.2975,2.284
2070,2/19/2026 3:00,15.2881,65.167,14.2961,2.292
2071,2/19/2026 3:15,15.2864,65.167,14.2975,2.284
2072,2/19/2026 3:30,15.2864,65.167,14.2961,2.288
2073,2/19/2026 3:45,15.2877,64.996,14.292,2.3
2074,2/19/2026 4:00,15.2825,64.996,14.2967,2.277
2075,2/19/2026 4:15,15.2842,64.996,14.3012,2.271
2076,2/19/2026 4:30,15.286,64.996,14.2951,2.289
2077,2/19/2026 4:45,15.2809,64.996,14.292,2.284
2078,2/19/2026 5:00,15.2842,64.996,14.2951,2.285
2079,2/19/2026 5:15,15.2825,64.996,14.2961,2.279
2080,2/19/2026 5:30,15.2838,64.825,14.2961,2.282
2081,2/19/2026 5:45,15.2838,64.825,14.2969,2.28
2082,2/19/2026 6:00,15.2871,64.825,14.2994,2.282
2083,2/19/2026 6:15,15.2803,64.825,14.298,2.269
2084,2/19/2026 6:30,15.282,64.825,14.3004,2.268
2085,2/19/2026 6:45,15.2838,64.825,14.3013,2.27
2086,2/19/2026 7:00,15.2799,64.652,14.2991,2.265
2087,2/19/2026 7:15,15.2799,64.652,14.3054,2.251
2088,2/19/2026 7:30,15.2834,64.652,14.3054,2.259
2089,2/19/2026 7:45,15.2816,64.652,14.3043,2.257
2090,2/19/2026 8:00,15.2765,64.652,14.3025,2.25
2091,2/19/2026 8:15,15.2783,64.652,14.3068,2.244
2092,2/19/2026 8:30,15.2816,64.652,14.3094,2.246
2093,2/19/2026 8:45,15.2867,64.652,14.3128,2.25
2094,2/19/2026 9:00,15.2851,64.652,14.3103,2.252
2095,2/19/2026 9:15,15.2902,64.652,14.3136,2.256
2096,2/19/2026 9:30,15.2941,64.825,14.3115,2.27
2097,2/19/2026 9:45,15.2957,64.825,14.3132,2.27
2098,2/19/2026 10:00,15.2923,64.825,14.312,2.265
2099,2/19/2026 10:15,15.291,64.996,14.3123,2.261
2100,2/19/2026 10:30,15.2932,65.167,14.3074,2.277
2101,2/19/2026 10:45,15.2864,65.167,14.3097,2.256
2102,2/19/2026 11:00,15.2835,65.338,14.3067,2.257
2103,2/19/2026 11:15,15.2787,65.509,14.3026,2.255
2104,2/19/2026 11:30,15.2758,65.68,14.2971,2.261
2105,2/19/2026 11:45,15.2728,65.851,14.2968,2.255
2106,2/19/2026 12:00,15.2677,65.851,14.2927,2.252
2107,2/19/2026 12:15,15.2648,66.022,14.2946,2.241
2108,2/19/2026 12:30,15.2622,66.366,14.2916,2.242
2109,2/19/2026 12:45,15.2558,66.537,14.2867,2.239
2110,2/19/2026 13:00,15.2525,66.537,14.2823,2.241
2111,2/19/2026 13:15,15.241,66.708,14.278,2.225
2112,2/19/2026 13:30,15.238,66.879,14.2793,2.215
2113,2/19/2026 13:45,15.2311,66.879,14.2768,2.205
2114,2/19/2026 14:00,15.2248,67.05,14.2771,2.19
2115,2/19/2026 14:15,15.2146,67.05,14.2768,2.167
2116,2/19/2026 14:30,15.2026,67.05,14.2749,2.143
2117,2/19/2026 14:45,15.1907,67.05,14.2743,2.117
2118,2/19/2026 15:00,15.1839,67.05,14.2735,2.104
2119,2/19/2026 15:15,15.1753,67.05,14.2724,2.086
2120,2/19/2026 15:30,15.1685,67.05,14.2727,2.07
2121,2/19/2026 15:45,15.1667,67.05,14.2704,2.071
2122,2/19/2026 16:00,15.1582,67.05,14.2677,2.058
2123,2/19/2026 16:15,15.1577,66.879,14.2691,2.053
2124,2/19/2026 16:30,15.156,66.879,14.2688,2.05
2125,2/19/2026 16:45,15.1544,66.879,14.2661,2.053
2126,2/19/2026 17:00,15.1527,66.879,14.2663,2.048
2127,2/19/2026 17:15,15.1573,66.708,14.2682,2.054
2128,2/19/2026 17:30,15.1573,66.708,14.2658,2.06
2129,2/19/2026 17:45,15.1591,66.708,14.2665,2.062
2130,2/19/2026 18:00,15.1569,66.537,14.2684,2.053
2131,2/19/2026 18:15,15.1569,66.537,14.2665,2.057
2132,2/19/2026 18:30,15.1569,66.537,14.2669,2.056
2133,2/19/2026 18:45,15.165,66.366,14.2662,2.077
2134,2/19/2026 19:00,15.1855,66.366,14.2697,2.116
2135,2/19/2026 19:15,15.2089,66.193,14.2706,2.168
2136,2/19/2026 19:30,15.2277,66.193,14.2685,2.216
2137,2/19/2026 19:45,15.2327,66.193,14.2771,2.208
2138,2/19/2026 20:00,15.2409,66.022,14.2765,2.228
2139,2/19/2026 20:15,15.2426,66.022,14.2774,2.23
2140,2/19/2026 20:30,15.2472,65.851,14.2793,2.236
2141,2/19/2026 20:45,15.2523,65.851,14.2771,2.253
2142,2/19/2026 21:00,15.2523,65.851,14.2781,2.251
2143,2/19/2026 21:15,15.257,65.68,14.2795,2.258
2144,2/19/2026 21:30,15.2655,65.68,14.282,2.272
2145,2/19/2026 21:45,15.2723,65.68,14.2845,2.282
2146,2/19/2026 22:00,15.2791,65.68,14.2809,2.306
2147,2/19/2026 22:15,15.2791,65.68,14.2788,2.311
2148,2/19/2026 22:30,15.2809,65.68,14.2797,2.313
2149,2/19/2026 22:45,15.2844,65.68,14.2813,2.317
2150,2/19/2026 23:00,15.2963,65.68,14.2843,2.338
2151,2/19/2026 23:15,15.298,65.68,14.2813,2.349
2152,2/19/2026 23:30,15.3009,65.509,14.2797,2.359
2153,2/19/2026 23:45,15.3009,65.509,14.2766,2.366
2154,2/20/2026 0:00,15.298,65.68,14.2736,2.367
2155,2/20/2026 0:15,15.298,65.68,14.2756,2.362
2156,2/20/2026 0:30,15.2997,65.68,14.2726,2.373
2157,2/20/2026 0:45,15.298,65.68,14.2695,2.376
2158,2/20/2026 1:00,15.2945,65.68,14.265,2.378
2159,2/20/2026 1:15,15.2929,65.68,14.2629,2.38
2160,2/20/2026 1:30,15.2839,65.509,14.256,2.375
2161,2/20/2026 1:45,15.2839,65.509,14.2516,2.385
2162,2/20/2026 2:00,15.2873,65.509,14.2571,2.38
2163,2/20/2026 2:15,15.2839,65.509,14.2504,2.388
2164,2/20/2026 2:30,15.2873,65.509,14.2488,2.399
2165,2/20/2026 2:45,15.2787,65.509,14.2436,2.391
2166,2/20/2026 3:00,15.2771,65.509,14.2458,2.383
2167,2/20/2026 3:15,15.2736,65.509,14.2427,2.382
2168,2/20/2026 3:30,15.2783,65.338,14.2466,2.383
2169,2/20/2026 3:45,15.2765,65.338,14.2421,2.39
2170,2/20/2026 4:00,15.2715,65.338,14.2421,2.378
2171,2/20/2026 4:15,15.2715,65.338,14.2466,2.368
2172,2/20/2026 4:30,15.2715,65.338,14.2482,2.364
2173,2/20/2026 4:45,15.2732,65.338,14.2507,2.362
2174,2/20/2026 5:00,15.2664,65.338,14.2507,2.346
2175,2/20/2026 5:15,15.271,65.167,14.2507,2.357
2176,2/20/2026 5:30,15.271,65.167,14.2537,2.35
2177,2/20/2026 5:45,15.2677,65.167,14.2543,2.341
2178,2/20/2026 6:00,15.2642,65.167,14.2549,2.332
2179,2/20/2026 6:15,15.2677,65.167,14.2587,2.331
2180,2/20/2026 6:30,15.2677,65.167,14.2601,2.328
2181,2/20/2026 6:45,15.2693,65.167,14.256,2.341
2182,2/20/2026 7:00,15.271,65.167,14.2592,2.337
2183,2/20/2026 7:15,15.2659,65.167,14.2571,2.331
2184,2/20/2026 7:30,15.2693,65.167,14.2632,2.324
2185,2/20/2026 7:45,15.2677,65.167,14.2617,2.324
2186,2/20/2026 8:00,15.2693,65.167,14.2629,2.325
2187,2/20/2026 8:15,15.2681,65.338,14.2698,2.306
2188,2/20/2026 8:30,15.2715,65.338,14.2737,2.305
2189,2/20/2026 8:45,15.2697,65.338,14.274,2.3
2190,2/20/2026 9:00,15.2715,65.338,14.2769,2.297
2191,2/20/2026 9:15,15.2686,65.509,14.2764,2.292
2192,2/20/2026 9:30,15.2651,65.509,14.2714,2.296
2193,2/20/2026 9:45,15.2617,65.509,14.269,2.293
2194,2/20/2026 10:00,15.2639,65.68,14.2788,2.276
2195,2/20/2026 10:15,15.2587,65.68,14.2772,2.267
2196,2/20/2026 10:30,15.2575,65.851,14.275,2.27
2197,2/20/2026 10:45,15.2523,65.851,14.272,2.265
2198,2/20/2026 11:00,15.2494,66.022,14.2681,2.267
2199,2/20/2026 11:15,15.2477,66.022,14.2656,2.269
2200,2/20/2026 11:30,15.2448,66.193,14.2624,2.27
2201,2/20/2026 11:45,15.2464,66.193,14.2569,2.286
2202,2/20/2026 12:00,15.2588,66.366,14.2526,2.325
2203,2/20/2026 12:15,15.2815,66.537,14.2529,2.377
2204,2/20/2026 12:30,15.3087,66.537,14.2489,2.449
2205,2/20/2026 12:45,15.3638,66.708,14.2462,2.582
2206,2/20/2026 13:00,15.4544,66.708,14.244,2.796
2207,2/20/2026 13:15,15.4918,66.708,14.24,2.892
2208,2/20/2026 13:30,15.5034,66.537,14.2388,2.922
2209,2/20/2026 13:45,15.508,66.366,14.2372,2.936
2210,2/20/2026 14:00,15.5148,66.366,14.2391,2.947
2211,2/20/2026 14:15,15.5008,66.193,14.2347,2.925
2212,2/20/2026 14:30,15.5008,66.193,14.2336,2.928
2213,2/20/2026 14:45,15.4938,66.193,14.2369,2.904
2214,2/20/2026 15:00,15.4955,66.193,14.2281,2.928
2215,2/20/2026 15:15,15.5076,66.193,14.2268,2.959
2216,2/20/2026 15:30,15.4973,66.193,14.2262,2.937
2217,2/20/2026 15:45,15.5058,66.193,14.2256,2.958
2218,2/20/2026 16:00,15.5348,66.193,14.2286,3.018
2219,2/20/2026 16:15,15.5331,66.193,14.2311,3.008
2220,2/20/2026 16:30,15.5553,66.193,14.2357,3.049
2221,2/20/2026 16:45,15.5656,66.193,14.2355,3.073
2222,2/20/2026 17:00,15.5843,66.193,14.2385,3.109
2223,2/20/2026 17:15,15.5997,66.193,14.2375,3.147
2224,2/20/2026 17:30,15.6252,66.193,14.2366,3.208
2225,2/20/2026 17:45,15.6338,66.193,14.2404,3.219
2226,2/20/2026 18:00,15.6184,66.193,14.241,3.182
2227,2/20/2026 18:15,15.6265,66.022,14.2392,3.205
2228,2/20/2026 18:30,15.6368,66.022,14.2398,3.227
2229,2/20/2026 18:45,15.6316,66.022,14.2417,3.211
2230,2/20/2026 19:00,15.6248,66.022,14.245,3.188
2231,2/20/2026 19:15,15.6384,66.022,14.2469,3.215
2232,2/20/2026 19:30,15.6193,65.851,14.2463,3.172
2233,2/20/2026 19:45,15.6175,65.851,14.2479,3.164
2234,2/20/2026 20:00,15.592,65.851,14.2442,3.114
2235,2/20/2026 20:15,15.5903,65.851,14.2466,3.104
2236,2/20/2026 20:30,15.5731,65.851,14.2482,3.061
2237,2/20/2026 20:45,15.5578,65.851,14.2498,3.022
2238,2/20/2026 21:00,15.563,65.851,14.2513,3.03
2239,2/20/2026 21:15,15.5424,65.851,14.246,2.995
2240,2/20/2026 21:30,15.5219,65.851,14.2491,2.941
2241,2/20/2026 21:45,15.5373,65.851,14.2471,2.981
2242,2/20/2026 22:00,15.5151,65.851,14.2433,2.938
2243,2/20/2026 22:15,15.5118,65.851,14.2449,2.927
2244,2/20/2026 22:30,15.498,65.851,14.2459,2.893
2245,2/20/2026 22:45,15.49,66.022,14.2433,2.88
2246,2/20/2026 23:00,15.4815,66.022,14.2418,2.864
2247,2/20/2026 23:15,15.4712,66.022,14.2388,2.847
2248,2/20/2026 23:30,15.4696,66.022,14.2341,2.854
2249,2/20/2026 23:45,15.4661,66.022,14.2311,2.853
2250,2/21/2026 0:00,15.4696,66.022,14.2281,2.868
2251,2/21/2026 0:15,15.4712,66.022,14.2228,2.884
2252,2/21/2026 0:30,15.4934,66.022,14.2228,2.935
2253,2/21/2026 0:45,15.4918,66.022,14.2151,2.949
2254,2/21/2026 1:00,15.5173,66.022,14.2131,3.013
2255,2/21/2026 1:15,15.5531,66.022,14.2176,3.085
2256,2/21/2026 1:30,15.5771,66.022,14.2192,3.137
2257,2/21/2026 1:45,15.601,66.022,14.2192,3.192
2258,2/21/2026 2:00,15.6146,66.022,14.2149,3.234
2259,2/21/2026 2:15,15.647,66.022,14.2159,3.306
2260,2/21/2026 2:30,15.6419,66.022,14.2098,3.309
2261,2/21/2026 2:45,15.6516,65.851,14.2137,3.322
2262,2/21/2026 3:00,15.6755,65.851,14.2137,3.377
2263,2/21/2026 3:15,15.6687,65.851,14.2101,3.37
2264,2/21/2026 3:30,15.6551,65.851,14.2085,3.342
2265,2/21/2026 3:45,15.6584,65.851,14.2064,3.354
2266,2/21/2026 4:00,15.638,65.851,14.2049,3.311
2267,2/21/2026 4:15,15.6568,65.851,14.2049,3.354
2268,2/21/2026 4:30,15.6397,65.851,14.2034,3.318
2269,2/21/2026 4:45,15.6222,65.68,14.2028,3.279
2270,2/21/2026 5:00,15.6393,65.68,14.2028,3.319
2271,2/21/2026 5:15,15.6461,65.68,14.2059,3.327
2272,2/21/2026 5:30,15.6375,65.68,14.2059,3.307
2273,2/21/2026 5:45,15.6136,65.68,14.2111,3.24
2274,2/21/2026 6:00,15.629,65.68,14.2136,3.27
2275,2/21/2026 6:15,15.5898,65.68,14.215,3.176
2276,2/21/2026 6:30,15.6136,65.68,14.218,3.224
2277,2/21/2026 6:45,15.5813,65.68,14.2156,3.155
2278,2/21/2026 7:00,15.5863,65.68,14.2141,3.17
2279,2/21/2026 7:15,15.5641,65.68,14.2186,3.108
2280,2/21/2026 7:30,15.5608,65.68,14.2217,3.094
2281,2/21/2026 7:45,15.542,65.68,14.2217,3.05
2282,2/21/2026 8:00,15.5402,65.68,14.223,3.043
2283,2/21/2026 8:15,15.5288,65.851,14.2225,3.018
2284,2/21/2026 8:30,15.5237,65.851,14.2265,2.997
2285,2/21/2026 8:45,15.5151,65.851,14.2289,2.971
2286,2/21/2026 9:00,15.4997,65.851,14.2298,2.934
2287,2/21/2026 9:15,15.5054,66.022,14.2326,2.941
2288,2/21/2026 9:30,15.49,66.022,14.2346,2.9
2289,2/21/2026 9:45,15.487,66.193,14.2297,2.905
2290,2/21/2026 10:00,15.4854,66.193,14.2294,2.902
2291,2/21/2026 10:15,15.4786,66.193,14.2294,2.886
2292,2/21/2026 10:30,15.4665,66.193,14.2263,2.865
2293,2/21/2026 10:45,15.458,66.193,14.2217,2.856
2294,2/21/2026 11:00,15.4546,66.193,14.2202,2.852
2295,2/21/2026 11:15,15.4307,66.193,14.2192,2.799
2296,2/21/2026 11:30,15.429,66.193,14.2149,2.805
2297,2/21/2026 11:45,15.4107,66.366,14.2167,2.758
2298,2/21/2026 12:00,15.4124,66.366,14.2157,2.765
2299,2/21/2026 12:15,15.3992,66.537,14.2137,2.739
2300,2/21/2026 12:30,15.3924,66.537,14.2091,2.734
2301,2/21/2026 12:45,15.3788,66.537,14.202,2.719
2302,2/21/2026 13:00,15.3826,66.708,14.2008,2.73
2303,2/21/2026 13:15,15.3689,66.708,14.1964,2.709
2304,2/21/2026 13:30,15.3638,66.708,14.1931,2.705
2305,2/21/2026 13:45,15.3535,66.708,14.1912,2.686
2306,2/21/2026 14:00,15.3506,66.879,14.1877,2.687
2307,2/21/2026 14:15,15.3421,66.879,14.1854,2.673
2308,2/21/2026 14:30,15.3421,66.879,14.1814,2.682
2309,2/21/2026 14:45,15.3285,66.879,14.1805,2.652
2310,2/21/2026 15:00,15.325,66.879,14.177,2.652
2311,2/21/2026 15:15,15.3216,66.879,14.1745,2.65
2312,2/21/2026 15:30,15.3199,66.879,14.1764,2.642
2313,2/21/2026 15:45,15.3199,66.879,14.1761,2.643
2314,2/21/2026 16:00,15.3199,66.879,14.1799,2.634
2315,2/21/2026 16:15,15.325,66.879,14.1814,2.642
2316,2/21/2026 16:30,15.3216,66.879,14.1821,2.633
2317,2/21/2026 16:45,15.3199,66.879,14.1802,2.633
2318,2/21/2026 17:00,15.3245,66.708,14.1851,2.633
2319,2/21/2026 17:15,15.3229,66.708,14.187,2.625
2320,2/21/2026 17:30,15.3212,66.708,14.1889,2.616
2321,2/21/2026 17:45,15.3366,66.708,14.1859,2.659
2322,2/21/2026 18:00,15.352,66.708,14.1911,2.682
2323,2/21/2026 18:15,15.3792,66.708,14.195,2.736
2324,2/21/2026 18:30,15.4322,66.708,14.1966,2.855
2325,2/21/2026 18:45,15.4884,66.708,14.1975,2.983
2326,2/21/2026 19:00,15.5203,66.537,14.1985,3.054
2327,2/21/2026 19:15,15.5392,66.537,14.1993,3.096
2328,2/21/2026 19:30,15.563,66.537,14.2024,3.144
2329,2/21/2026 19:45,15.575,66.537,14.2018,3.173
2330,2/21/2026 20:00,15.5887,66.537,14.2028,3.202
2331,2/21/2026 20:15,15.5887,66.537,14.2083,3.189
2332,2/21/2026 20:30,15.599,66.537,14.2078,3.214
2333,2/21/2026 20:45,15.6023,66.537,14.2086,3.22
2334,2/21/2026 21:00,15.6087,66.366,14.2086,3.235
2335,2/21/2026 21:15,15.6001,66.366,14.208,3.216
2336,2/21/2026 21:30,15.6019,66.366,14.2089,3.218
2337,2/21/2026 21:45,15.5916,66.366,14.213,3.185
2338,2/21/2026 22:00,15.5916,66.366,14.2124,3.186
2339,2/21/2026 22:15,15.581,66.193,14.2118,3.163
2340,2/21/2026 22:30,15.581,66.193,14.2133,3.16
2341,2/21/2026 22:45,15.581,66.193,14.2082,3.172
2342,2/21/2026 23:00,15.5792,66.193,14.2066,3.171
2343,2/21/2026 23:15,15.5843,66.193,14.2075,3.181
2344,2/21/2026 23:30,15.5604,66.193,14.2075,3.126
2345,2/21/2026 23:45,15.5531,66.022,14.203,3.119
2346,2/22/2026 0:00,15.5344,66.022,14.1977,3.088
2347,2/22/2026 0:15,15.5446,66.022,14.1917,3.126
2348,2/22/2026 0:30,15.5241,66.022,14.1879,3.087
2349,2/22/2026 0:45,15.5066,65.851,14.1837,3.056
2350,2/22/2026 1:00,15.51,65.851,14.1816,3.069
2351,2/22/2026 1:15,15.5118,65.851,14.1872,3.06
2352,2/22/2026 1:30,15.4908,65.68,14.1834,3.02
2353,2/22/2026 1:45,15.4822,65.68,14.1777,3.014
2354,2/22/2026 2:00,15.4703,65.68,14.1777,2.986
2355,2/22/2026 2:15,15.4686,65.68,14.174,2.991
2356,2/22/2026 2:30,15.4716,65.509,14.1734,2.999
2357,2/22/2026 2:45,15.4391,65.509,14.1713,2.929
2358,2/22/2026 3:00,15.4409,65.509,14.1661,2.945
2359,2/22/2026 3:15,15.4268,65.338,14.164,2.917
2360,2/22/2026 3:30,15.4354,65.338,14.1634,2.938
2361,2/22/2026 3:45,15.4233,65.338,14.1658,2.905
2362,2/22/2026 4:00,15.4143,65.167,14.1638,2.889
2363,2/22/2026 4:15,15.4042,65.167,14.1608,2.872
2364,2/22/2026 4:30,15.4075,65.167,14.1555,2.892
2365,2/22/2026 4:45,15.382,65.167,14.155,2.835
2366,2/22/2026 5:00,15.3712,64.996,14.1544,2.811
2367,2/22/2026 5:15,15.3712,64.996,14.1552,2.809
2368,2/22/2026 5:30,15.3679,64.996,14.1547,2.803
2369,2/22/2026 5:45,15.3554,64.825,14.1608,2.76
2370,2/22/2026 6:00,15.3572,64.825,14.1632,2.758
2371,2/22/2026 6:15,15.3469,64.825,14.1642,2.732
2372,2/22/2026 6:30,15.355,64.652,14.1682,2.742
2373,2/22/2026 6:45,15.3515,64.652,14.1692,2.731
2374,2/22/2026 7:00,15.3482,64.652,14.1722,2.716
2375,2/22/2026 7:15,15.3499,64.652,14.1753,2.713
2376,2/22/2026 7:30,15.3477,64.481,14.1769,2.705
2377,2/22/2026 7:45,15.346,64.481,14.1805,2.692
2378,2/22/2026 8:00,15.3443,64.481,14.1832,2.682
2379,2/22/2026 8:15,15.3392,64.481,14.185,2.666
2380,2/22/2026 8:30,15.3409,64.481,14.1867,2.666
2381,2/22/2026 8:45,15.3375,64.481,14.1845,2.663
2382,2/22/2026 9:00,15.3277,64.652,14.1853,2.639
2383,2/22/2026 9:15,15.3293,64.652,14.1859,2.641
2384,2/22/2026 9:30,15.3299,64.825,14.1888,2.636
2385,2/22/2026 9:45,15.3231,64.825,14.1888,2.62
2386,2/22/2026 10:00,15.3235,64.996,14.185,2.63
2387,2/22/2026 10:15,15.3205,65.167,14.1895,2.613
2388,2/22/2026 10:30,15.3158,65.338,14.1928,2.594
2389,2/22/2026 10:45,15.3055,65.338,14.1922,2.572
2390,2/22/2026 11:00,15.2945,65.68,14.1901,2.552
2391,2/22/2026 11:15,15.286,65.68,14.1872,2.538
2392,2/22/2026 11:30,15.2813,65.851,14.1814,2.541
2393,2/22/2026 11:45,15.2823,66.193,14.1824,2.541
2394,2/22/2026 12:00,15.2754,66.193,14.1777,2.536
2395,2/22/2026 12:15,15.2861,66.366,14.1785,2.559
2396,2/22/2026 12:30,15.2896,66.366,14.1776,2.569
2397,2/22/2026 12:45,15.2771,66.193,14.1696,2.559
2398,2/22/2026 13:00,15.2686,66.193,14.1696,2.539
2399,2/22/2026 13:15,15.2601,66.193,14.1661,2.528
2400,2/22/2026 13:30,15.2503,66.366,14.1625,2.513
2401,2/22/2026 13:45,15.2388,66.537,14.1621,2.488
2402,2/22/2026 14:00,15.2353,66.537,14.1626,2.478
2403,2/22/2026 14:15,15.229,66.708,14.1593,2.471
2404,2/22/2026 14:30,15.2311,66.879,14.1583,2.479
2405,2/22/2026 14:45,15.2316,67.05,14.1599,2.476
2406,2/22/2026 15:00,15.2316,67.05,14.1599,2.476
2407,2/22/2026 15:15,15.2287,67.221,14.1602,2.469
2408,2/22/2026 15:30,15.2269,67.221,14.1612,2.462
2409,2/22/2026 15:45,15.2326,67.392,14.1596,2.479
2410,2/22/2026 16:00,15.2291,67.392,14.1621,2.466
2411,2/22/2026 16:15,15.2236,67.221,14.1661,2.443
2412,2/22/2026 16:30,15.2252,67.221,14.1689,2.441
2413,2/22/2026 16:45,15.23,67.05,14.1709,2.447
2414,2/22/2026 17:00,15.2282,67.05,14.17,2.445
2415,2/22/2026 17:15,15.2329,66.879,14.1753,2.444
2416,2/22/2026 17:30,15.2324,66.708,14.1773,2.438
2417,2/22/2026 17:45,15.2324,66.708,14.178,2.436
2418,2/22/2026 18:00,15.2337,66.537,14.1786,2.438
2419,2/22/2026 18:15,15.232,66.537,14.183,2.424
2420,2/22/2026 18:30,15.2337,66.537,14.1819,2.43
2421,2/22/2026 18:45,15.2353,66.537,14.1857,2.425
2422,2/22/2026 19:00,15.232,66.537,14.1879,2.412
2423,2/22/2026 19:15,15.2337,66.537,14.1906,2.41
2424,2/22/2026 19:30,15.2303,66.537,14.1919,2.399
2425,2/22/2026 19:45,15.2285,66.537,14.1932,2.392
2426,2/22/2026 20:00,15.232,66.537,14.2005,2.383
2427,2/22/2026 20:15,15.2388,66.537,14.2046,2.39
2428,2/22/2026 20:30,15.2456,66.537,14.207,2.4
2429,2/22/2026 20:45,15.2525,66.537,14.2059,2.418
2430,2/22/2026 21:00,15.261,66.537,14.2098,2.429
2431,2/22/2026 21:15,15.2797,66.537,14.2133,2.464
2432,2/22/2026 21:30,15.2918,66.537,14.2166,2.484
2433,2/22/2026 21:45,15.2951,66.537,14.2176,2.489
2434,2/22/2026 22:00,15.3054,66.537,14.2201,2.508
2435,2/22/2026 22:15,15.3054,66.537,14.221,2.506
2436,2/22/2026 22:30,15.3186,66.366,14.2173,2.544
2437,2/22/2026 22:45,15.3224,66.537,14.2151,2.558
2438,2/22/2026 23:00,15.3441,66.366,14.2182,2.601
2439,2/22/2026 23:15,15.3753,66.537,14.2162,2.678
2440,2/22/2026 23:30,15.3749,66.366,14.2124,2.686
2441,2/22/2026 23:45,15.392,66.366,14.2149,2.72
2442,2/23/2026 0:00,15.392,66.366,14.2134,2.723
2443,2/23/2026 0:15,15.3936,66.366,14.2159,2.721
2444,2/23/2026 0:30,15.3784,66.366,14.2159,2.686
2445,2/23/2026 0:45,15.3766,66.366,14.2153,2.683
2446,2/23/2026 1:00,15.3676,66.193,14.2131,2.667
2447,2/23/2026 1:15,15.3659,66.193,14.2079,2.675
2448,2/23/2026 1:30,15.3641,66.193,14.2073,2.673
2449,2/23/2026 1:45,15.3608,66.193,14.2037,2.673
2450,2/23/2026 2:00,15.3591,66.193,14.204,2.669
2451,2/23/2026 2:15,15.3791,66.022,14.2059,2.71
2452,2/23/2026 2:30,15.3905,65.851,14.2033,2.743
2453,2/23/2026 2:45,15.4026,65.851,14.2057,2.765
2454,2/23/2026 3:00,15.4076,65.851,14.203,2.783
2455,2/23/2026 3:15,15.414,65.68,14.2024,2.799
2456,2/23/2026 3:30,15.4158,65.68,14.2033,2.801
2457,2/23/2026 3:45,15.4259,65.68,14.2049,2.821
2458,2/23/2026 4:00,15.429,65.509,14.2064,2.824
2459,2/23/2026 4:15,15.4323,65.509,14.2115,2.82
2460,2/23/2026 4:30,15.4374,65.509,14.2146,2.825
2461,2/23/2026 4:45,15.4506,65.338,14.2162,2.852
2462,2/23/2026 5:00,15.4591,65.338,14.2202,2.862
2463,2/23/2026 5:15,15.4558,65.338,14.2186,2.858
2464,2/23/2026 5:30,15.4591,65.338,14.217,2.869
2465,2/23/2026 5:45,15.4472,65.338,14.2233,2.828
2466,2/23/2026 6:00,15.4745,65.338,14.2253,2.886
2467,2/23/2026 6:15,15.4655,65.167,14.2314,2.851
2468,2/23/2026 6:30,15.4792,65.167,14.233,2.879
2469,2/23/2026 6:45,15.486,65.167,14.236,2.887
2470,2/23/2026 7:00,15.4912,65.167,14.2407,2.889
2471,2/23/2026 7:15,15.5334,64.996,14.2391,2.99
2472,2/23/2026 7:30,15.5402,64.996,14.2437,2.995
2473,2/23/2026 7:45,15.5846,64.996,14.2437,3.097
2474,2/23/2026 8:00,15.6306,64.996,14.2468,3.197
2475,2/23/2026 8:15,15.7057,64.996,14.2484,3.367
2476,2/23/2026 8:30,15.8167,64.996,14.255,3.607
2477,2/23/2026 8:45,15.9206,64.996,14.2534,3.851
2478,2/23/2026 9:00,16.0333,64.996,14.2534,4.112
2479,2/23/2026 9:15,16.0571,64.996,14.2617,4.148
2480,2/23/2026 9:30,16.1595,64.996,14.2608,4.386
2481,2/23/2026 9:45,16.2142,64.996,14.2653,4.502
2482,2/23/2026 10:00,16.2461,64.825,14.2661,4.574
2483,2/23/2026 10:15,16.2286,64.652,14.265,4.536
2484,2/23/2026 10:30,16.2167,64.652,14.2636,4.512
2485,2/23/2026 10:45,16.2251,64.652,14.2648,4.528
2486,2/23/2026 11:00,16.2268,64.652,14.2607,4.542
2487,2/23/2026 11:15,16.2901,64.652,14.2629,4.683
2488,2/23/2026 11:30,16.1308,64.481,14.2634,4.313
2489,2/23/2026 11:45,16.1859,64.652,14.2594,4.45
2490,2/23/2026 12:00,16.1859,64.652,14.2566,4.457
2491,2/23/2026 12:15,16.1279,64.652,14.2539,4.329
2492,2/23/2026 12:30,16.0358,64.652,14.2485,4.129
2493,2/23/2026 12:45,16.0512,64.652,14.2488,4.163
2494,2/23/2026 13:00,16.0444,64.652,14.2424,4.162
2495,2/23/2026 13:15,15.9948,64.652,14.2411,4.051
2496,2/23/2026 13:30,15.9778,64.652,14.2384,4.018
2497,2/23/2026 13:45,15.9675,64.652,14.2365,3.999
2498,2/23/2026 14:00,15.8754,64.652,14.234,3.792
2499,2/23/2026 14:15,15.9027,64.652,14.2346,3.853
2500,2/23/2026 14:30,15.869,64.825,14.2305,3.785
2501,2/23/2026 14:45,15.8481,64.652,14.2311,3.735
2502,2/23/2026 15:00,15.8413,64.652,14.2327,3.716
2503,2/23/2026 15:15,15.8703,64.652,14.2291,3.791
2504,2/23/2026 15:30,15.8787,64.652,14.2299,3.809
2505,2/23/2026 15:45,15.86,64.652,14.233,3.758
2506,2/23/2026 16:00,15.8783,64.481,14.234,3.798
2507,2/23/2026 16:15,15.8596,64.481,14.2334,3.756
2508,2/23/2026 16:30,15.8477,64.481,14.2343,3.727
2509,2/23/2026 16:45,15.8681,64.481,14.2362,3.77
2510,2/23/2026 17:00,15.8271,64.481,14.2356,3.676
2511,2/23/2026 17:15,15.875,64.481,14.2411,3.774
2512,2/23/2026 17:30,15.846,64.481,14.242,3.705
2513,2/23/2026 17:45,15.8898,64.31,14.2455,3.798
2514,2/23/2026 18:00,15.8761,64.31,14.2479,3.761
2515,2/23/2026 18:15,15.8847,64.31,14.2504,3.775
2516,2/23/2026 18:30,15.8813,64.31,14.2523,3.763
2517,2/23/2026 18:45,15.8983,64.31,14.2534,3.799
2518,2/23/2026 19:00,15.895,64.31,14.2563,3.785
2519,2/23/2026 19:15,15.9035,64.31,14.2603,3.796
2520,2/23/2026 19:30,15.8911,64.139,14.2607,3.766
2521,2/23/2026 19:45,15.8876,64.139,14.2624,3.754
2522,2/23/2026 20:00,15.8706,64.139,14.265,3.709
2523,2/23/2026 20:15,15.8996,64.139,14.2706,3.763
2524,2/23/2026 20:30,15.8757,64.139,14.27,3.709
2525,2/23/2026 20:45,15.8808,64.139,14.2745,3.71
2526,2/23/2026 21:00,15.8484,64.139,14.2739,3.637
2527,2/23/2026 21:15,15.8548,63.968,14.2749,3.649
2528,2/23/2026 21:30,15.8462,63.968,14.278,3.622
2529,2/23/2026 21:45,15.8019,63.968,14.2774,3.521
2530,2/23/2026 22:00,15.8359,63.968,14.2742,3.607
2531,2/23/2026 22:15,15.819,63.968,14.2768,3.562
2532,2/23/2026 22:30,15.8207,63.968,14.2782,3.563
2533,2/23/2026 22:45,15.8223,63.968,14.2777,3.568
2534,2/23/2026 23:00,15.8139,63.968,14.2777,3.548
2535,2/23/2026 23:15,15.8053,63.968,14.2793,3.525
2536,2/23/2026 23:30,15.7929,63.797,14.2771,3.501
2537,2/23/2026 23:45,15.7691,63.797,14.2771,3.446
2538,2/24/2026 0:00,15.7964,63.797,14.2771,3.509
2539,2/24/2026 0:15,15.7775,63.797,14.2749,3.471
2540,2/24/2026 0:30,15.7742,63.797,14.2735,3.466
2541,2/24/2026 0:45,15.7911,63.797,14.2749,3.502
2542,2/24/2026 1:00,15.7843,63.797,14.2743,3.488
2543,2/24/2026 1:15,15.7775,63.797,14.2743,3.472
2544,2/24/2026 1:30,15.7673,63.797,14.2729,3.452
2545,2/24/2026 1:45,15.7724,63.797,14.2713,3.467
2546,2/24/2026 2:00,15.7485,63.797,14.2707,3.413
2547,2/24/2026 2:15,15.7412,63.626,14.2691,3.4
2548,2/24/2026 2:30,15.7617,63.626,14.2707,3.444
2549,2/24/2026 2:45,15.7412,63.626,14.2691,3.4
2550,2/24/2026 3:00,15.743,63.626,14.264,3.416
2551,2/24/2026 3:15,15.743,63.626,14.264,3.416
2552,2/24/2026 3:30,15.7327,63.626,14.2603,3.401
2553,2/24/2026 3:45,15.7259,63.626,14.2619,3.381
2554,2/24/2026 4:00,15.7243,63.626,14.2613,3.379
2555,2/24/2026 4:15,15.7259,63.626,14.2576,3.391
2556,2/24/2026 4:30,15.7118,63.455,14.2601,3.353
2557,2/24/2026 4:45,15.7135,63.455,14.2579,3.362
2558,2/24/2026 5:00,15.7272,63.455,14.2598,3.389
2559,2/24/2026 5:15,15.705,63.455,14.2571,3.344
2560,2/24/2026 5:30,15.7032,63.455,14.2595,3.334
2561,2/24/2026 5:45,15.7028,63.282,14.2595,3.333
2562,2/24/2026 6:00,15.7096,63.282,14.2626,3.342
2563,2/24/2026 6:15,15.7096,63.282,14.2658,3.335
2564,2/24/2026 6:30,15.6926,63.282,14.2688,3.289
2565,2/24/2026 6:45,15.7114,63.282,14.2724,3.323
2566,2/24/2026 7:00,15.7096,63.282,14.2739,3.316
2567,2/24/2026 7:15,15.7028,63.282,14.2777,3.292
2568,2/24/2026 7:30,15.6926,63.282,14.2797,3.263
2569,2/24/2026 7:45,15.7063,63.282,14.2824,3.289
2570,2/24/2026 8:00,15.6841,63.282,14.2882,3.224
2571,2/24/2026 8:15,15.7096,63.282,14.2878,3.284
2572,2/24/2026 8:30,15.6857,63.282,14.2906,3.222
2573,2/24/2026 8:45,15.6913,63.455,14.2911,3.234
2574,2/24/2026 9:00,15.6931,63.455,14.293,3.234
2575,2/24/2026 9:15,15.6794,63.455,14.2917,3.205
2576,2/24/2026 9:30,15.7015,63.455,14.2971,3.244
2577,2/24/2026 9:45,15.6867,63.626,14.298,3.208
2578,2/24/2026 10:00,15.6918,63.626,14.2946,3.227
2579,2/24/2026 10:15,15.6884,63.626,14.2969,3.214
2580,2/24/2026 10:30,15.6803,63.797,14.2969,3.195
2581,2/24/2026 10:45,15.67,63.797,14.2972,3.171
2582,2/24/2026 11:00,15.6568,63.968,14.2959,3.143
2583,2/24/2026 11:15,15.6603,63.968,14.2965,3.15
2584,2/24/2026 11:30,15.6414,63.968,14.294,3.112
2585,2/24/2026 11:45,15.6603,63.968,14.2896,3.166
2586,2/24/2026 12:00,15.6352,64.139,14.2861,3.116
2587,2/24/2026 12:15,15.639,64.31,14.2842,3.129
2588,2/24/2026 12:30,15.624,64.481,14.2806,3.103
2589,2/24/2026 12:45,15.6361,64.481,14.2787,3.136
2590,2/24/2026 13:00,15.6297,64.652,14.2787,3.121
2591,2/24/2026 13:15,15.6314,64.652,14.2774,3.128
2592,2/24/2026 13:30,15.5972,64.652,14.2735,3.058
2593,2/24/2026 13:45,15.611,64.652,14.2685,3.101
2594,2/24/2026 14:00,15.6046,64.825,14.2704,3.082
2595,2/24/2026 14:15,15.6062,64.825,14.2666,3.094
2596,2/24/2026 14:30,15.6097,64.825,14.2663,3.103
2597,2/24/2026 14:45,15.6046,64.825,14.2655,3.093
2598,2/24/2026 15:00,15.5908,64.825,14.2636,3.066
2599,2/24/2026 15:15,15.6029,64.825,14.2642,3.092
2600,2/24/2026 15:30,15.6046,64.825,14.2666,3.091
2601,2/24/2026 15:45,15.5858,64.825,14.2677,3.045
2602,2/24/2026 16:00,15.6046,64.825,14.2671,3.09
2603,2/24/2026 16:15,15.6046,64.825,14.2679,3.088
2604,2/24/2026 16:30,15.6033,64.996,14.2688,3.083
2605,2/24/2026 16:45,15.5947,64.996,14.2677,3.066
2606,2/24/2026 17:00,15.6136,64.996,14.2691,3.106
2607,2/24/2026 17:15,15.593,64.996,14.2697,3.057
2608,2/24/2026 17:30,15.6306,64.996,14.2713,3.14
2609,2/24/2026 17:45,15.6204,64.996,14.2729,3.113
2610,2/24/2026 18:00,15.6198,64.825,14.2698,3.119
2611,2/24/2026 18:15,15.6284,64.825,14.2736,3.13
2612,2/24/2026 18:30,15.6319,64.825,14.2758,3.133
2613,2/24/2026 18:45,15.642,64.825,14.2785,3.15
2614,2/24/2026 19:00,15.6319,64.825,14.282,3.118
2615,2/24/2026 19:15,15.642,64.825,14.2864,3.132
2616,2/24/2026 19:30,15.6626,64.825,14.2852,3.182
2617,2/24/2026 19:45,15.6433,64.652,14.2855,3.137
2618,2/24/2026 20:00,15.6587,64.652,14.2896,3.163
2619,2/24/2026 20:15,15.6689,64.652,14.2898,3.185
2620,2/24/2026 20:30,15.6433,64.652,14.2901,3.126
2621,2/24/2026 20:45,15.6484,64.652,14.2956,3.125
2622,2/24/2026 21:00,15.6689,64.652,14.292,3.18
2623,2/24/2026 21:15,15.6565,64.481,14.2939,3.148
2624,2/24/2026 21:30,15.677,64.481,14.2939,3.195
2625,2/24/2026 21:45,15.6855,64.481,14.2933,3.216
2626,2/24/2026 22:00,15.6787,64.481,14.2974,3.191
2627,2/24/2026 22:15,15.6868,64.31,14.2974,3.209
2628,2/24/2026 22:30,15.6816,64.31,14.2936,3.206
2629,2/24/2026 22:45,15.6663,64.31,14.2906,3.178
2630,2/24/2026 23:00,15.6731,64.31,14.2916,3.191
2631,2/24/2026 23:15,15.6658,64.139,14.293,3.171
2632,2/24/2026 23:30,15.6847,64.139,14.291,3.219
2633,2/24/2026 23:45,15.6863,64.139,14.2878,3.23
2634,2/25/2026 0:00,15.6876,63.968,14.2888,3.231
2635,2/25/2026 0:15,15.6739,63.968,14.2888,3.199
2636,2/25/2026 0:30,15.6876,63.968,14.2867,3.236
2637,2/25/2026 0:45,15.6871,63.797,14.2867,3.235
2638,2/25/2026 1:00,15.6957,63.797,14.2882,3.251
2639,2/25/2026 1:15,15.6803,63.797,14.2861,3.22
2640,2/25/2026 1:30,15.6884,63.626,14.283,3.246
2641,2/25/2026 1:45,15.69,63.626,14.2794,3.258
2642,2/25/2026 2:00,15.6918,63.626,14.2809,3.259
2643,2/25/2026 2:15,15.6918,63.626,14.2788,3.264
2644,2/25/2026 2:30,15.6982,63.455,14.2758,3.285
2645,2/25/2026 2:45,15.705,63.455,14.2727,3.308
2646,2/25/2026 3:00,15.6982,63.455,14.2675,3.304
2647,2/25/2026 3:15,15.6926,63.282,14.269,3.288
2648,2/25/2026 3:30,15.7011,63.282,14.2684,3.309
2649,2/25/2026 3:45,15.7096,63.282,14.2648,3.337
2650,2/25/2026 4:00,15.6909,63.282,14.2678,3.287
2651,2/25/2026 4:15,15.725,63.282,14.2694,3.362
2652,2/25/2026 4:30,15.7092,63.111,14.2672,3.33
2653,2/25/2026 4:45,15.7058,63.111,14.2672,3.323
2654,2/25/2026 5:00,15.7211,63.111,14.2688,3.354
2655,2/25/2026 5:15,15.6955,63.111,14.2688,3.295
2656,2/25/2026 5:30,15.6866,62.94,14.2719,3.267
2657,2/25/2026 5:45,15.707,62.94,14.2749,3.308
2658,2/25/2026 6:00,15.7087,62.94,14.278,3.305
2659,2/25/2026 6:15,15.6934,62.94,14.281,3.262
2660,2/25/2026 6:30,15.7037,62.94,14.282,3.283
2661,2/25/2026 6:45,15.7066,62.769,14.282,3.29
2662,2/25/2026 7:00,15.7169,62.769,14.2881,3.3
2663,2/25/2026 7:15,15.7134,62.769,14.2881,3.292
2664,2/25/2026 7:30,15.7083,62.769,14.2958,3.262
2665,2/25/2026 7:45,15.7134,62.769,14.3003,3.264
2666,2/25/2026 8:00,15.7215,62.598,14.2978,3.288
2667,2/25/2026 8:15,15.7248,62.598,14.2994,3.292
2668,2/25/2026 8:30,15.7266,62.598,14.2984,3.298
2669,2/25/2026 8:45,15.7369,62.598,14.2996,3.319
2670,2/25/2026 9:00,15.7407,62.769,14.3054,3.315
2671,2/25/2026 9:15,15.7202,62.769,14.3051,3.268
2672,2/25/2026 9:30,15.7389,62.769,14.3016,3.32
2673,2/25/2026 9:45,15.7237,62.769,14.3019,3.284
2674,2/25/2026 10:00,15.7407,62.769,14.3043,3.317
2675,2/25/2026 10:15,15.7428,62.94,14.3058,3.319
2676,2/25/2026 10:30,15.7087,62.94,14.3081,3.235
2677,2/25/2026 10:45,15.7074,63.111,14.3049,3.239
2678,2/25/2026 11:00,15.7296,63.111,14.3028,3.296
2679,2/25/2026 11:15,15.7063,63.282,14.3028,3.242
2680,2/25/2026 11:30,15.7199,63.282,14.303,3.272
2681,2/25/2026 11:45,15.7079,63.282,14.2993,3.253
2682,2/25/2026 12:00,15.6931,63.455,14.2949,3.229
2683,2/25/2026 12:15,15.6799,63.626,14.2897,3.211
2684,2/25/2026 12:30,15.6815,63.626,14.2922,3.209
2685,2/25/2026 12:45,15.6632,63.797,14.2869,3.179
2686,2/25/2026 13:00,15.6531,63.797,14.2842,3.162
2687,2/25/2026 13:15,15.6399,63.968,14.2829,3.134
2688,2/25/2026 13:30,15.6381,63.968,14.2807,3.135
2689,2/25/2026 13:45,15.6313,63.968,14.2759,3.131
2690,2/25/2026 14:00,15.6227,63.968,14.274,3.115
2691,2/25/2026 14:15,15.6454,64.139,14.2716,3.173
2692,2/25/2026 14:30,15.6146,64.139,14.2697,3.107
2693,2/25/2026 14:45,15.6254,64.31,14.27,3.131
2694,2/25/2026 15:00,15.6135,64.31,14.2697,3.104
2695,2/25/2026 15:15,15.6135,64.31,14.2668,3.111
2696,2/25/2026 15:30,15.5963,64.31,14.2624,3.081
2697,2/25/2026 15:45,15.5913,64.31,14.2637,3.066
2698,2/25/2026 16:00,15.5874,64.139,14.2594,3.067
2699,2/25/2026 16:15,15.5856,64.139,14.2613,3.059
2700,2/25/2026 16:30,15.5856,64.139,14.2632,3.055
2701,2/25/2026 16:45,15.5891,64.139,14.2632,3.063
2702,2/25/2026 17:00,15.5801,63.968,14.2629,3.043
2703,2/25/2026 17:15,15.5904,63.968,14.2662,3.059
2704,2/25/2026 17:30,15.563,63.968,14.2692,2.988
2705,2/25/2026 17:45,15.5937,63.968,14.2726,3.052
2706,2/25/2026 18:00,15.5972,63.968,14.2721,3.061
2707,2/25/2026 18:15,15.5814,63.797,14.2749,3.018
2708,2/25/2026 18:30,15.5865,63.797,14.2752,3.029
2709,2/25/2026 18:45,15.5933,63.797,14.2735,3.049
2710,2/25/2026 19:00,15.5711,63.797,14.2765,2.99
2711,2/25/2026 19:15,15.5746,63.797,14.2766,2.998
2712,2/25/2026 19:30,15.5757,63.626,14.2752,3.004
2713,2/25/2026 19:45,15.5672,63.626,14.2764,2.981
2714,2/25/2026 20:00,15.5757,63.626,14.2807,2.991
2715,2/25/2026 20:15,15.5724,63.626,14.282,2.98
2716,2/25/2026 20:30,15.5689,63.626,14.2823,2.972
2717,2/25/2026 20:45,15.5668,63.455,14.2811,2.969
2718,2/25/2026 21:00,15.5668,63.455,14.2861,2.958
2719,2/25/2026 21:15,15.5702,63.455,14.291,2.955
2720,2/25/2026 21:30,15.5685,63.455,14.2888,2.956
2721,2/25/2026 21:45,15.5685,63.455,14.2907,2.951
2722,2/25/2026 22:00,15.5736,63.455,14.2896,2.966
2723,2/25/2026 22:15,15.5544,63.282,14.2906,2.919
2724,2/25/2026 22:30,15.5441,63.282,14.2898,2.897
2725,2/25/2026 22:45,15.5494,63.282,14.2893,2.91
2726,2/25/2026 23:00,15.5562,63.282,14.2897,2.925
2727,2/25/2026 23:15,15.5509,63.282,14.2891,2.914
2728,2/25/2026 23:30,15.542,63.111,14.2885,2.895
2729,2/25/2026 23:45,15.5472,63.111,14.2853,2.914
2730,2/26/2026 0:00,15.5386,63.111,14.2894,2.885
2731,2/26/2026 0:15,15.5369,63.111,14.2888,2.882
2732,2/26/2026 0:30,15.525,63.111,14.2888,2.855
2733,2/26/2026 0:45,15.5318,63.111,14.2858,2.878
2734,2/26/2026 1:00,15.5283,63.111,14.2836,2.875
2735,2/26/2026 1:15,15.5125,62.94,14.28,2.847
2736,2/26/2026 1:30,15.5109,62.94,14.2764,2.851
2737,2/26/2026 1:45,15.4971,62.94,14.2764,2.819
2738,2/26/2026 2:00,15.5006,62.94,14.2772,2.826
2739,2/26/2026 2:15,15.4938,62.94,14.2758,2.813
2740,2/26/2026 2:30,15.4938,62.94,14.2752,2.814
2741,2/26/2026 2:45,15.4887,62.94,14.2752,2.803
2742,2/26/2026 3:00,15.487,62.94,14.273,2.804
2743,2/26/2026 3:15,15.4852,62.94,14.2669,2.814
2744,2/26/2026 3:30,15.4683,62.94,14.2663,2.776
2745,2/26/2026 3:45,15.4683,62.94,14.2648,2.78
2746,2/26/2026 4:00,15.4767,62.94,14.2642,2.8
2747,2/26/2026 4:15,15.4648,62.94,14.2626,2.777
2748,2/26/2026 4:30,15.4648,62.94,14.2658,2.769
2749,2/26/2026 4:45,15.4648,62.94,14.2642,2.773
2750,2/26/2026 5:00,15.4699,62.94,14.2636,2.786
2751,2/26/2026 5:15,15.458,62.94,14.2605,2.766
2752,2/26/2026 5:30,15.4734,62.94,14.265,2.791
2753,2/26/2026 5:45,15.4644,62.769,14.265,2.77
2754,2/26/2026 6:00,15.4677,62.769,14.2682,2.77
2755,2/26/2026 6:15,15.4644,62.769,14.2661,2.768
2756,2/26/2026 6:30,15.4661,62.769,14.2721,2.757
2757,2/26/2026 6:45,15.4694,62.769,14.2737,2.761
2758,2/26/2026 7:00,15.4776,62.598,14.2768,2.773
2759,2/26/2026 7:15,15.469,62.598,14.2782,2.75
2760,2/26/2026 7:30,15.4673,62.598,14.2813,2.739
2761,2/26/2026 7:45,15.4758,62.598,14.2856,2.749
2762,2/26/2026 8:00,15.4741,62.598,14.2852,2.746
2763,2/26/2026 8:15,15.4707,62.598,14.2849,2.739
2764,2/26/2026 8:30,15.469,62.598,14.2822,2.741
2765,2/26/2026 8:45,15.4758,62.598,14.2861,2.748
2766,2/26/2026 9:00,15.4707,62.598,14.2862,2.736
2767,2/26/2026 9:15,15.4745,62.769,14.284,2.749
2768,2/26/2026 9:30,15.4677,62.769,14.2896,2.721
2769,2/26/2026 9:45,15.4644,62.769,14.2888,2.715
2770,2/26/2026 10:00,15.4631,62.94,14.2903,2.709
2771,2/26/2026 10:15,15.4602,63.111,14.2906,2.701
2772,2/26/2026 10:30,15.4606,63.282,14.2914,2.7
2773,2/26/2026 10:45,15.4575,63.455,14.2935,2.689
2774,2/26/2026 11:00,15.4529,63.626,14.2913,2.683
2775,2/26/2026 11:15,15.45,63.797,14.2867,2.687
2776,2/26/2026 11:30,15.4355,64.139,14.2864,2.654
2777,2/26/2026 11:45,15.4343,64.31,14.2795,2.667
2778,2/26/2026 12:00,15.4467,64.481,14.279,2.697
2779,2/26/2026 12:15,15.4339,64.825,14.2798,2.666
2780,2/26/2026 12:30,15.4343,64.996,14.2771,2.673
2781,2/26/2026 12:45,15.4314,65.167,14.2749,2.672
2782,2/26/2026 13:00,15.4251,65.338,14.2746,2.658
2783,2/26/2026 13:15,15.4204,65.509,14.2729,2.651
2784,2/26/2026 13:30,15.4123,65.68,14.2716,2.635
2785,2/26/2026 13:45,15.4059,65.851,14.2735,2.616
2786,2/26/2026 14:00,15.4059,65.851,14.2685,2.628
2787,2/26/2026 14:15,15.3958,65.851,14.2682,2.605
2788,2/26/2026 14:30,15.3923,65.851,14.2674,2.599
2789,2/26/2026 14:45,15.3991,65.851,14.2656,2.619
2790,2/26/2026 15:00,15.3923,65.851,14.2646,2.605
2791,2/26/2026 15:15,15.3884,65.68,14.2659,2.593
2792,2/26/2026 15:30,15.3918,65.68,14.2613,2.612
2793,2/26/2026 15:45,15.3846,65.509,14.2642,2.588
2794,2/26/2026 16:00,15.3857,65.338,14.2678,2.583
2795,2/26/2026 16:15,15.3888,65.167,14.2697,2.585
2796,2/26/2026 16:30,15.3853,65.167,14.2713,2.574
2797,2/26/2026 16:45,15.3884,64.996,14.2743,2.573
2798,2/26/2026 17:00,15.3884,64.996,14.2768,2.568
2799,2/26/2026 17:15,15.3862,64.825,14.2788,2.558
2800,2/26/2026 17:30,15.3794,64.825,14.2775,2.545
2801,2/26/2026 17:45,15.384,64.652,14.2787,2.553
2802,2/26/2026 18:00,15.3789,64.652,14.2798,2.539
2803,2/26/2026 18:15,15.3733,64.481,14.2826,2.519
2804,2/26/2026 18:30,15.3768,64.481,14.2823,2.528
2805,2/26/2026 18:45,15.3733,64.481,14.282,2.521
2806,2/26/2026 19:00,15.3711,64.31,14.2852,2.508
2807,2/26/2026 19:15,15.3779,64.31,14.2846,2.525
2808,2/26/2026 19:30,15.3831,64.31,14.2852,2.536
2809,2/26/2026 19:45,15.3814,64.31,14.2881,2.525
2810,2/26/2026 20:00,15.3831,64.31,14.2862,2.534
2811,2/26/2026 20:15,15.3878,64.139,14.2906,2.534
2812,2/26/2026 20:30,15.386,64.139,14.294,2.522
2813,2/26/2026 20:45,15.386,64.139,14.2927,2.525
2814,2/26/2026 21:00,15.381,64.139,14.2916,2.516
2815,2/26/2026 21:15,15.3878,64.139,14.2904,2.535
2816,2/26/2026 21:30,15.3843,64.139,14.2945,2.517
2817,2/26/2026 21:45,15.3775,64.139,14.2954,2.5
2818,2/26/2026 22:00,15.3823,63.968,14.2932,2.516
2819,2/26/2026 22:15,15.377,63.968,14.2926,2.505
2820,2/26/2026 22:30,15.3737,63.968,14.292,2.498
2821,2/26/2026 22:45,15.3685,63.968,14.293,2.484
2822,2/26/2026 23:00,15.3685,63.968,14.2898,2.491
2823,2/26/2026 23:15,15.3715,63.797,14.2923,2.493
2824,2/26/2026 23:30,15.3612,63.797,14.2933,2.467
2825,2/26/2026 23:45,15.3595,63.797,14.2927,2.464
2826,2/27/2026 0:00,15.3511,63.797,14.2897,2.452
2827,2/27/2026 0:15,15.3459,63.797,14.2875,2.445
2828,2/27/2026 0:30,15.3443,63.797,14.2839,2.449
2829,2/27/2026 0:45,15.3375,63.797,14.2839,2.433
2830,2/27/2026 1:00,15.3318,63.626,14.2817,2.425
2831,2/27/2026 1:15,15.3301,63.626,14.2787,2.428
2832,2/27/2026 1:30,15.325,63.626,14.2765,2.422
2833,2/27/2026 1:45,15.3216,63.626,14.2735,2.421
2834,2/27/2026 2:00,15.3164,63.626,14.2714,2.414
2835,2/27/2026 2:15,15.3109,63.455,14.2708,2.402
2836,2/27/2026 2:30,15.3058,63.455,14.2681,2.397
2837,2/27/2026 2:45,15.3041,63.455,14.269,2.391
2838,2/27/2026 3:00,15.3006,63.455,14.2669,2.387
2839,2/27/2026 3:15,15.2955,63.455,14.2658,2.378
2840,2/27/2026 3:30,15.2968,63.282,14.2661,2.381
2841,2/27/2026 3:45,15.2968,63.282,14.2674,2.378
2842,2/27/2026 4:00,15.2968,63.282,14.2656,2.382
2843,2/27/2026 4:15,15.2968,63.282,14.2637,2.386
2844,2/27/2026 4:30,15.2964,63.111,14.265,2.382
2845,2/27/2026 4:45,15.2947,63.111,14.2649,2.378
2846,2/27/2026 5:00,15.2993,62.94,14.2677,2.383
2847,2/27/2026 5:15,15.2976,62.94,14.2701,2.373
2848,2/27/2026 5:30,15.2989,62.769,14.2711,2.374
2849,2/27/2026 5:45,15.2916,62.598,14.2714,2.356
2850,2/27/2026 6:00,15.2984,62.598,14.2739,2.366
2851,2/27/2026 6:15,15.3013,62.425,14.2794,2.36
2852,2/27/2026 6:30,15.3013,62.425,14.2788,2.361
2853,2/27/2026 6:45,15.3026,62.254,14.2804,2.361
2854,2/27/2026 7:00,15.3044,62.254,14.2849,2.354
2855,2/27/2026 7:15,15.3077,62.254,14.2843,2.363
2856,2/27/2026 7:30,15.3141,62.083,14.289,2.367
2857,2/27/2026 7:45,15.3176,62.083,14.2943,2.363
2858,2/27/2026 8:00,15.3193,62.083,14.2969,2.361
2859,2/27/2026 8:15,15.3193,62.083,14.294,2.368
2860,2/27/2026 8:30,15.3176,62.083,14.2942,2.363
2861,2/27/2026 8:45,15.3141,62.083,14.2954,2.353
2862,2/27/2026 9:00,15.3141,62.083,14.2958,2.352
2863,2/27/2026 9:15,15.3108,62.083,14.2997,2.335
2864,2/27/2026 9:30,15.3129,62.254,14.2987,2.342
2865,2/27/2026 9:45,15.3116,62.425,14.2983,2.34
2866,2/27/2026 10:00,15.3099,62.425,14.2988,2.335
2867,2/27/2026 10:15,15.3087,62.598,14.3,2.33
2868,2/27/2026 10:30,15.3074,62.769,14.3004,2.326
2869,2/27/2026 10:45,15.3129,62.94,14.3035,2.331
2870,2/27/2026 11:00,15.3087,63.282,14.3004,2.329
2871,2/27/2026 11:15,15.3092,63.455,14.301,2.329
2872,2/27/2026 11:30,15.3067,63.797,14.3016,2.322
2873,2/27/2026 11:45,15.3003,63.968,14.2958,2.32
2874,2/27/2026 12:00,15.2979,64.31,14.2946,2.317
2875,2/27/2026 12:15,15.2935,64.652,14.2949,2.307
2876,2/27/2026 12:30,15.2906,64.825,14.2884,2.315
2877,2/27/2026 12:45,15.2864,65.167,14.2897,2.302
2878,2/27/2026 13:00,15.2835,65.338,14.2864,2.304
2879,2/27/2026 13:15,15.2776,65.68,14.2843,2.295
2880,2/27/2026 13:30,15.2813,65.851,14.2797,2.314
2881,2/27/2026 13:45,15.2784,66.022,14.2801,2.306
2882,2/27/2026 14:00,15.2767,66.022,14.2774,2.309
2883,2/27/2026 14:15,15.2699,66.022,14.2768,2.294
2884,2/27/2026 14:30,15.2652,66.193,14.2753,2.287
2885,2/27/2026 14:45,15.2652,66.193,14.2746,2.289
2886,2/27/2026 15:00,15.267,66.193,14.2753,2.291
2887,2/27/2026 15:15,15.2584,66.193,14.2729,2.277
2888,2/27/2026 15:30,15.2617,66.193,14.2739,2.282
2889,2/27/2026 15:45,15.2549,66.193,14.2721,2.271
2890,2/27/2026 16:00,15.2481,66.193,14.2694,2.261
2891,2/27/2026 16:15,15.2448,66.193,14.2698,2.252
2892,2/27/2026 16:30,15.2448,66.193,14.2695,2.253
2893,2/27/2026 16:45,15.2448,66.193,14.272,2.247
2894,2/27/2026 17:00,15.2426,66.022,14.2745,2.237
2895,2/27/2026 17:15,15.2409,66.022,14.2724,2.237
2896,2/27/2026 17:30,15.2375,66.022,14.2742,2.226
2897,2/27/2026 17:45,15.2387,65.851,14.2816,2.211
2898,2/27/2026 18:00,15.2438,65.851,14.2822,2.222
2899,2/27/2026 18:15,15.2417,65.68,14.2878,2.204
2900,2/27/2026 18:30,15.2433,65.68,14.2859,2.212
2901,2/27/2026 18:45,15.2396,65.509,14.2832,2.209
2902,2/27/2026 19:00,15.2429,65.509,14.2826,2.218
2903,2/27/2026 19:15,15.2442,65.338,14.2872,2.211
2904,2/27/2026 19:30,15.2459,65.338,14.2878,2.213
2905,2/27/2026 19:45,15.2442,65.338,14.2891,2.206
2906,2/27/2026 20:00,15.2471,65.167,14.2919,2.207
2907,2/27/2026 20:15,15.2471,65.167,14.2932,2.204
2908,2/27/2026 20:30,15.2455,65.167,14.2951,2.196
2909,2/27/2026 20:45,15.2438,65.167,14.2938,2.195
2910,2/27/2026 21:00,15.242,65.167,14.2951,2.188
2911,2/27/2026 21:15,15.2398,64.996,14.2939,2.185
2912,2/27/2026 21:30,15.2398,64.996,14.2972,2.177
2913,2/27/2026 21:45,15.2433,64.996,14.2975,2.185
2914,2/27/2026 22:00,15.2416,64.996,14.2985,2.178
2915,2/27/2026 22:15,15.2416,64.996,14.2964,2.183
2916,2/27/2026 22:30,15.2398,64.996,14.2974,2.177
2917,2/27/2026 22:45,15.2365,64.996,14.2936,2.178
2918,2/27/2026 23:00,15.2365,64.996,14.2961,2.172
2919,2/27/2026 23:15,15.233,64.996,14.2946,2.168
2920,2/27/2026 23:30,15.2279,64.996,14.2864,2.175
2921,2/27/2026 23:45,15.2229,64.996,14.2833,2.17
2922,2/28/2026 0:00,15.2262,64.996,14.2817,2.182
2923,2/28/2026 0:15,15.2297,64.996,14.2795,2.195
2924,2/28/2026 0:30,15.2262,64.996,14.279,2.188
2925,2/28/2026 0:45,15.2211,64.996,14.2775,2.18
2926,2/28/2026 1:00,15.2176,64.996,14.2769,2.173
2927,2/28/2026 1:15,15.2126,64.996,14.2764,2.163
2928,2/28/2026 1:30,15.2126,64.996,14.2742,2.168
2929,2/28/2026 1:45,15.204,64.996,14.2711,2.155
2930,2/28/2026 2:00,15.1989,64.996,14.2659,2.155
2931,2/28/2026 2:15,15.1989,64.996,14.2643,2.159
2932,2/28/2026 2:30,15.1955,64.996,14.2634,2.153
2933,2/28/2026 2:45,15.1886,64.996,14.2588,2.148
2934,2/28/2026 3:00,15.1853,64.996,14.2574,2.144
2935,2/28/2026 3:15,15.1818,64.996,14.2558,2.139
2936,2/28/2026 3:30,15.1772,65.167,14.2536,2.134
2937,2/28/2026 3:45,15.1772,65.167,14.2524,2.136
2938,2/28/2026 4:00,15.1721,65.167,14.2513,2.127
2939,2/28/2026 4:15,15.1699,64.996,14.2476,2.131
2940,2/28/2026 4:30,15.1733,64.996,14.2479,2.138
2941,2/28/2026 4:45,15.1767,64.996,14.2504,2.14
2942,2/28/2026 5:00,15.1801,64.996,14.2559,2.135
2943,2/28/2026 5:15,15.1818,64.996,14.2578,2.135
2944,2/28/2026 5:30,15.1836,64.996,14.2621,2.129
2945,2/28/2026 5:45,15.1831,64.825,14.2634,2.124
2946,2/28/2026 6:00,15.1831,64.825,14.2653,2.12
2947,2/28/2026 6:15,15.1814,64.825,14.2682,2.109
2948,2/28/2026 6:30,15.1827,64.652,14.2679,2.113
2949,2/28/2026 6:45,15.1844,64.652,14.2662,2.121
2950,2/28/2026 7:00,15.1856,64.481,14.2723,2.11
2951,2/28/2026 7:15,15.1976,64.481,14.2748,2.132
2952,2/28/2026 7:30,15.2005,64.31,14.2769,2.133
2953,2/28/2026 7:45,15.204,64.31,14.2811,2.132
2954,2/28/2026 8:00,15.2091,64.31,14.284,2.137
2955,2/28/2026 8:15,15.2087,64.139,14.2858,2.132
2956,2/28/2026 8:30,15.2052,64.139,14.2874,2.12
2957,2/28/2026 8:45,15.2069,64.139,14.2922,2.113
2958,2/28/2026 9:00,15.2087,64.139,14.2911,2.119
2959,2/28/2026 9:15,15.2069,64.139,14.2901,2.118
2960,2/28/2026 9:30,15.2087,64.139,14.2923,2.117
2961,2/28/2026 9:45,15.2074,64.31,14.2891,2.121
2962,2/28/2026 10:00,15.2045,64.481,14.29,2.112
2963,2/28/2026 10:15,15.2045,64.481,14.2922,2.107
2964,2/28/2026 10:30,15.1997,64.652,14.2897,2.102
2965,2/28/2026 10:45,15.1968,64.825,14.2881,2.099
2966,2/28/2026 11:00,15.1904,64.996,14.2927,2.074
2967,2/28/2026 11:15,15.1857,65.167,14.2891,2.071
2968,2/28/2026 11:30,15.1844,65.338,14.2875,2.072
2969,2/28/2026 11:45,15.1798,65.509,14.2855,2.066
2970,2/28/2026 12:00,15.1773,65.851,14.2855,2.06
2971,2/28/2026 12:15,15.1692,66.022,14.2849,2.043
2972,2/28/2026 12:30,15.1667,66.366,14.2816,2.045
2973,2/28/2026 12:45,15.162,66.537,14.2749,2.049
2974,2/28/2026 13:00,15.156,66.879,14.2768,2.031
2975,2/28/2026 13:15,15.1485,67.221,14.2688,2.033
2976,2/28/2026 13:30,15.1476,67.564,14.2655,2.038
2977,2/28/2026 13:45,15.1515,67.735,14.2627,2.054
2978,2/28/2026 14:00,15.1537,67.906,14.2575,2.071
2979,2/28/2026 14:15,15.1609,68.077,14.2559,2.091
2980,2/28/2026 14:30,15.1665,68.248,14.2558,2.104
2981,2/28/2026 14:45,15.1738,68.421,14.2533,2.127
2982,2/28/2026 15:00,15.1807,68.421,14.2527,2.144
2983,2/28/2026 15:15,15.1844,68.592,14.2505,2.158
2984,2/28/2026 15:30,15.1897,68.592,14.2492,2.173
2985,2/28/2026 15:45,15.1926,68.421,14.2498,2.179
2986,2/28/2026 16:00,15.196,68.421,14.2526,2.18
2987,2/28/2026 16:15,15.2058,68.248,14.2523,2.203
2988,2/28/2026 16:30,15.2161,68.248,14.251,2.23
2989,2/28/2026 16:45,15.2378,68.077,14.2516,2.279
2990,2/28/2026 17:00,15.2625,67.735,14.2578,2.322
2991,2/28/2026 17:15,15.2858,67.564,14.2614,2.367
2992,2/28/2026 17:30,15.314,67.221,14.2663,2.421
2993,2/28/2026 17:45,15.3443,67.05,14.2633,2.498
2994,2/28/2026 18:00,15.3826,66.708,14.263,2.587
2995,2/28/2026 18:15,15.4061,66.537,14.2672,2.631
2996,2/28/2026 18:30,15.409,66.366,14.2716,2.628
2997,2/28/2026 18:45,15.412,66.193,14.2721,2.633
2998,2/28/2026 19:00,15.4171,66.193,14.275,2.638
2999,2/28/2026 19:15,15.4342,66.193,14.2778,2.672
3000,2/28/2026 19:30,15.4461,66.193,14.2811,2.691
3001,2/28/2026 19:45,15.4529,66.193,14.279,2.712
3002,2/28/2026 20:00,15.4586,66.366,14.283,2.716
3003,2/28/2026 20:15,15.4777,66.537,14.2809,2.765
3004,2/28/2026 20:30,15.5067,66.537,14.2811,2.832
3005,2/28/2026 20:45,15.5511,66.537,14.2806,2.935
3006,2/28/2026 21:00,15.5937,66.537,14.2816,3.032
3007,2/28/2026 21:15,15.6416,66.537,14.281,3.144
3008,2/28/2026 21:30,15.6531,66.366,14.2835,3.164
3009,2/28/2026 21:45,15.6462,66.366,14.2827,3.15
3010,2/28/2026 22:00,15.6702,66.366,14.2822,3.207
3011,2/28/2026 22:15,15.6616,66.366,14.2852,3.18
3012,2/28/2026 22:30,15.6735,66.366,14.2862,3.205
3013,2/28/2026 22:45,15.6599,66.366,14.2832,3.181
3014,2/28/2026 23:00,15.648,66.366,14.2832,3.153
3015,2/28/2026 23:15,15.639,66.193,14.284,3.13
3016,2/28/2026 23:30,15.6338,66.193,14.2804,3.127
3017,2/28/2026 23:45,15.6151,66.193,14.2819,3.08
3018,3/1/2026 0:00,15.5962,66.193,14.2768,3.048
3019,3/1/2026 0:15,15.581,66.193,14.2752,3.017
3020,3/1/2026 0:30,15.5621,66.193,14.2752,2.973
3021,3/1/2026 0:45,15.5434,66.193,14.2669,2.949
3022,3/1/2026 1:00,15.5331,66.193,14.2639,2.932
3023,3/1/2026 1:15,15.5173,66.022,14.2679,2.886
3024,3/1/2026 1:30,15.5241,66.022,14.2663,2.906
3025,3/1/2026 1:45,15.4968,66.022,14.2679,2.839
3026,3/1/2026 2:00,15.4986,66.022,14.2672,2.845
3027,3/1/2026 2:15,15.49,66.022,14.2697,2.819
3028,3/1/2026 2:30,15.4797,66.022,14.2652,2.806
3029,3/1/2026 2:45,15.4696,66.022,14.2707,2.77
3030,3/1/2026 3:00,15.461,66.022,14.263,2.768
3031,3/1/2026 3:15,15.4474,66.022,14.26,2.743
3032,3/1/2026 3:30,15.4371,66.022,14.2614,2.716
3033,3/1/2026 3:45,15.4235,66.022,14.2563,2.696
3034,3/1/2026 4:00,15.4252,66.022,14.2578,2.697
3035,3/1/2026 4:15,15.4098,66.022,14.2533,2.672
3036,3/1/2026 4:30,15.4063,66.022,14.2594,2.65
3037,3/1/2026 4:45,15.3991,65.851,14.2563,2.64
3038,3/1/2026 5:00,15.3889,65.851,14.2594,2.61
3039,3/1/2026 5:15,15.3855,65.851,14.2542,2.614
3040,3/1/2026 5:30,15.3769,65.851,14.2597,2.581
3041,3/1/2026 5:45,15.3736,65.851,14.2621,2.568
3042,3/1/2026 6:00,15.365,65.851,14.2637,2.544
3043,3/1/2026 6:15,15.3594,65.68,14.2652,2.528
3044,3/1/2026 6:30,15.3525,65.68,14.2646,2.513
3045,3/1/2026 6:45,15.3475,65.68,14.2662,2.498
3046,3/1/2026 7:00,15.3372,65.68,14.2707,2.464
3047,3/1/2026 7:15,15.3372,65.68,14.2707,2.464
3048,3/1/2026 7:30,15.3356,65.68,14.2769,2.446
3049,3/1/2026 7:45,15.3287,65.68,14.28,2.423
3050,3/1/2026 8:00,15.3253,65.68,14.283,2.408
3051,3/1/2026 8:15,15.3202,65.68,14.2878,2.385
3052,3/1/2026 8:30,15.3185,65.68,14.2872,2.382
3053,3/1/2026 8:45,15.3134,65.68,14.2871,2.371
3054,3/1/2026 9:00,15.3138,65.851,14.284,2.379
3055,3/1/2026 9:15,15.3121,65.851,14.2904,2.36
3056,3/1/2026 9:30,15.3138,65.851,14.2929,2.359
3057,3/1/2026 9:45,15.316,66.022,14.2968,2.355
3058,3/1/2026 10:00,15.3096,66.193,14.2977,2.338
3059,3/1/2026 10:15,15.3202,66.366,14.3001,2.357
3060,3/1/2026 10:30,15.3169,66.366,14.2964,2.358
3061,3/1/2026 10:45,15.3087,66.537,14.2955,2.341
3062,3/1/2026 11:00,15.3076,66.708,14.2974,2.334
3063,3/1/2026 11:15,15.3034,67.05,14.2993,2.32
3064,3/1/2026 11:30,15.3054,67.221,14.2993,2.325
3065,3/1/2026 11:45,15.2957,67.392,14.2965,2.309
3066,3/1/2026 12:00,15.2812,67.735,14.2888,2.293
3067,3/1/2026 12:15,15.268,67.906,14.2913,2.257
3068,3/1/2026 12:30,15.2497,68.077,14.2852,2.229
3069,3/1/2026 12:45,15.2297,68.248,14.2788,2.197
3070,3/1/2026 13:00,15.2143,68.248,14.2748,2.171
3071,3/1/2026 13:15,15.1994,68.421,14.2745,2.137
3072,3/1/2026 13:30,15.1926,68.421,14.2732,2.125
3073,3/1/2026 13:45,15.1807,68.421,14.2717,2.101
3074,3/1/2026 14:00,15.1691,68.592,14.2665,2.086
3075,3/1/2026 14:15,15.1611,68.763,14.2607,2.081
3076,3/1/2026 14:30,15.1508,68.763,14.2607,2.057
3077,3/1/2026 14:45,15.1422,68.763,14.2572,2.045
3078,3/1/2026 15:00,15.1389,68.763,14.256,2.04
3079,3/1/2026 15:15,15.1354,68.763,14.2578,2.028
3080,3/1/2026 15:30,15.1354,68.763,14.2585,2.027
3081,3/1/2026 15:45,15.1372,68.763,14.2582,2.031
3082,3/1/2026 16:00,15.1325,68.934,14.2563,2.025
3083,3/1/2026 16:15,15.1274,68.934,14.2542,2.018
3084,3/1/2026 16:30,15.1274,68.934,14.2585,2.008
3085,3/1/2026 16:45,15.1253,68.763,14.252,2.018
3086,3/1/2026 17:00,15.1218,68.763,14.2572,1.998
3087,3/1/2026 17:15,15.1235,68.763,14.2584,1.999
3088,3/1/2026 17:30,15.1167,68.763,14.2587,1.983
3089,3/1/2026 17:45,15.1184,68.763,14.2636,1.976
3090,3/1/2026 18:00,15.1163,68.592,14.2663,1.964
3091,3/1/2026 18:15,15.1163,68.592,14.2675,1.961
3092,3/1/2026 18:30,15.1179,68.592,14.2735,1.951
3093,3/1/2026 18:45,15.1196,68.592,14.2755,1.951
3094,3/1/2026 19:00,15.1163,68.592,14.2768,1.94
3095,3/1/2026 19:15,15.1174,68.421,14.2817,1.931
3096,3/1/2026 19:30,15.1174,68.421,14.2845,1.925
3097,3/1/2026 19:45,15.1192,68.421,14.2864,1.925
3098,3/1/2026 20:00,15.1153,68.248,14.2872,1.913
3099,3/1/2026 20:15,15.117,68.248,14.2891,1.913
3100,3/1/2026 20:30,15.1153,68.248,14.2932,1.9
3101,3/1/2026 20:45,15.1119,68.248,14.2925,1.894
3102,3/1/2026 21:00,15.1063,68.077,14.2919,1.882
3103,3/1/2026 21:15,15.1097,68.077,14.2929,1.888
3104,3/1/2026 21:30,15.108,68.077,14.2984,1.871
3105,3/1/2026 21:45,15.1115,68.077,14.3003,1.875
3106,3/1/2026 22:00,15.1216,68.077,14.3042,1.889
3107,3/1/2026 22:15,15.1264,67.906,14.3051,1.898
3108,3/1/2026 22:30,15.1247,67.906,14.2984,1.909
3109,3/1/2026 22:45,15.1196,67.906,14.2978,1.899
3110,3/1/2026 23:00,15.1161,67.906,14.2948,1.898
3111,3/1/2026 23:15,15.1054,67.735,14.2896,1.885
3112,3/1/2026 23:30,15.1054,67.735,14.2956,1.871
3113,3/1/2026 23:45,15.1071,67.735,14.2997,1.866
3114,3/2/2026 0:00,15.1071,67.735,14.3012,1.862
3115,3/2/2026 0:15,15.1036,67.735,14.2991,1.859
3116,3/2/2026 0:30,15.0952,67.735,14.2954,1.848
3117,3/2/2026 0:45,15.0878,67.564,14.2933,1.836
3118,3/2/2026 1:00,15.0845,67.564,14.2911,1.833
3119,3/2/2026 1:15,15.0794,67.564,14.2942,1.814
3120,3/2/2026 1:30,15.0777,67.564,14.2926,1.814
3121,3/2/2026 1:45,15.0709,67.564,14.289,1.807
3122,3/2/2026 2:00,15.0691,67.564,14.2859,1.81
3123,3/2/2026 2:15,15.0674,67.564,14.289,1.799
3124,3/2/2026 2:30,15.0656,67.564,14.2853,1.803
3125,3/2/2026 2:45,15.0572,67.564,14.2848,1.785
3126,3/2/2026 3:00,15.0555,67.564,14.2801,1.792
3127,3/2/2026 3:15,15.0504,67.564,14.2795,1.781
3128,3/2/2026 3:30,15.0469,67.564,14.2785,1.776
3129,3/2/2026 3:45,15.0452,67.564,14.2724,1.786
3130,3/2/2026 4:00,15.0452,67.564,14.2771,1.775
3131,3/2/2026 4:15,15.0436,67.564,14.278,1.769
3132,3/2/2026 4:30,15.0482,67.392,14.282,1.77
3133,3/2/2026 4:45,15.0482,67.392,14.2814,1.772
3134,3/2/2026 5:00,15.0465,67.392,14.2793,1.773
3135,3/2/2026 5:15,15.0414,67.392,14.2781,1.764
3136,3/2/2026 5:30,15.0448,67.392,14.2795,1.768
3137,3/2/2026 5:45,15.043,67.392,14.2771,1.77
3138,3/2/2026 6:00,15.0362,67.392,14.2778,1.752
3139,3/2/2026 6:15,15.0397,67.392,14.2861,1.741
3140,3/2/2026 6:30,15.0448,67.392,14.2917,1.74
3141,3/2/2026 6:45,15.0498,67.392,14.2933,1.748
3142,3/2/2026 7:00,15.0516,67.392,14.2969,1.744
3143,3/2/2026 7:15,15.0533,67.392,14.2985,1.744
3144,3/2/2026 7:30,15.0533,67.392,14.3032,1.733
3145,3/2/2026 7:45,15.0533,67.392,14.3058,1.727
3146,3/2/2026 8:00,15.0551,67.392,14.3071,1.728
3147,3/2/2026 8:15,15.0538,67.564,14.3099,1.719
3148,3/2/2026 8:30,15.0572,67.564,14.3116,1.723
3149,3/2/2026 8:45,15.0606,67.564,14.3119,1.73
3150,3/2/2026 9:00,15.0641,67.564,14.3183,1.723
3151,3/2/2026 9:15,15.0674,67.564,14.3202,1.727
3152,3/2/2026 9:30,15.073,67.735,14.3232,1.733
3153,3/2/2026 9:45,15.0832,67.735,14.3247,1.753
3154,3/2/2026 10:00,15.0871,67.906,14.3262,1.758
3155,3/2/2026 10:15,15.0905,67.906,14.3258,1.767
3156,3/2/2026 10:30,15.0893,68.077,14.321,1.775
3157,3/2/2026 10:45,15.0858,68.077,14.3222,1.765
3158,3/2/2026 11:00,15.0829,68.248,14.3191,1.765
3159,3/2/2026 11:15,15.0761,68.248,14.3151,1.759
3160,3/2/2026 11:30,15.0629,68.421,14.3087,1.743
3161,3/2/2026 11:45,15.167,68.421,14.313,1.973
3162,3/2/2026 12:00,15.1828,68.592,14.3112,2.014
3163,3/2/2026 12:15,15.1811,68.592,14.3075,2.019
3164,3/2/2026 12:30,15.1815,68.763,14.3036,2.029
3165,3/2/2026 12:45,15.1802,68.934,14.3001,2.034
3166,3/2/2026 13:00,15.1752,68.934,14.3006,2.021
3167,3/2/2026 13:15,15.1723,69.107,14.2984,2.02
3168,3/2/2026 13:30,15.1709,69.278,14.2987,2.016
3169,3/2/2026 13:45,15.1692,69.278,14.2925,2.026
3170,3/2/2026 14:00,15.1624,69.278,14.293,2.009
3171,3/2/2026 14:15,15.1543,69.449,14.29,1.998
3172,3/2/2026 14:30,15.1527,69.449,14.2836,2.009
3173,3/2/2026 14:45,15.1496,69.622,14.2833,2.002
3174,3/2/2026 15:00,15.1463,69.622,14.2823,1.997
3175,3/2/2026 15:15,15.1463,69.622,14.2839,1.993
3176,3/2/2026 15:30,15.1463,69.622,14.2839,1.993
3177,3/2/2026 15:45,15.1432,69.793,14.2817,1.991
3178,3/2/2026 16:00,15.1377,69.622,14.288,1.964
3179,3/2/2026 16:15,15.1377,69.622,14.288,1.964
3180,3/2/2026 16:30,15.1343,69.622,14.2885,1.955
3181,3/2/2026 16:45,15.1343,69.622,14.2878,1.956
3182,3/2/2026 17:00,15.1309,69.622,14.2878,1.949
3183,3/2/2026 17:15,15.1292,69.622,14.2839,1.954
3184,3/2/2026 17:30,15.1237,69.449,14.2859,1.936
3185,3/2/2026 17:45,15.1237,69.449,14.2897,1.927
3186,3/2/2026 18:00,15.127,69.449,14.2919,1.93
3187,3/2/2026 18:15,15.127,69.449,14.2922,1.929
3188,3/2/2026 18:30,15.13,69.278,14.2949,1.93
3189,3/2/2026 18:45,15.1351,69.278,14.3013,1.927
3190,3/2/2026 19:00,15.1369,69.278,14.3048,1.923
3191,3/2/2026 19:15,15.1415,69.107,14.3072,1.928
3192,3/2/2026 19:30,15.138,69.107,14.309,1.916
3193,3/2/2026 19:45,15.1448,69.107,14.3125,1.924
3194,3/2/2026 20:00,15.1461,68.934,14.3144,1.922
3195,3/2/2026 20:15,15.1496,68.934,14.3152,1.928
3196,3/2/2026 20:30,15.1479,68.934,14.3146,1.926
3197,3/2/2026 20:45,15.1457,68.763,14.3141,1.922
3198,3/2/2026 21:00,15.1457,68.763,14.3149,1.92
3199,3/2/2026 21:15,15.1422,68.763,14.3158,1.91
3200,3/2/2026 21:30,15.1418,68.592,14.3162,1.908
3201,3/2/2026 21:45,15.1435,68.592,14.3146,1.916
3202,3/2/2026 22:00,15.1435,68.592,14.311,1.924
3203,3/2/2026 22:15,15.1435,68.592,14.308,1.931
3204,3/2/2026 22:30,15.138,68.421,14.308,1.918
3205,3/2/2026 22:45,15.1431,68.421,14.3104,1.924
3206,3/2/2026 23:00,15.1431,68.421,14.3129,1.919
3207,3/2/2026 23:15,15.1414,68.421,14.3113,1.918
3208,3/2/2026 23:30,15.1443,68.248,14.3129,1.921
3209,3/2/2026 23:45,15.1512,68.248,14.3113,1.941
3210,3/3/2026 0:00,15.1495,68.248,14.3067,1.948
3211,3/3/2026 0:15,15.1512,68.248,14.3055,1.954
3212,3/3/2026 0:30,15.1512,68.248,14.308,1.949
3213,3/3/2026 0:45,15.1524,68.077,14.3104,1.946
3214,3/3/2026 1:00,15.1592,68.077,14.309,1.965
3215,3/3/2026 1:15,15.1627,68.077,14.3104,1.969
3216,3/3/2026 1:30,15.1712,68.077,14.3074,1.996
3217,3/3/2026 1:45,15.1831,68.077,14.3074,2.024
3218,3/3/2026 2:00,15.1913,67.906,14.3052,2.047
3219,3/3/2026 2:15,15.2014,67.906,14.3038,2.074
3220,3/3/2026 2:30,15.2082,67.906,14.3016,2.095
3221,3/3/2026 2:45,15.2152,67.906,14.2969,2.122
3222,3/3/2026 3:00,15.222,67.906,14.2969,2.138
3223,3/3/2026 3:15,15.2304,67.906,14.2939,2.164
3224,3/3/2026 3:30,15.2335,67.735,14.2933,2.172
3225,3/3/2026 3:45,15.2436,67.735,14.2942,2.194
3226,3/3/2026 4:00,15.2522,67.735,14.2974,2.206
3227,3/3/2026 4:15,15.2556,67.735,14.2952,2.219
3228,3/3/2026 4:30,15.2535,67.564,14.2952,2.214
3229,3/3/2026 4:45,15.2535,67.564,14.2952,2.214
3230,3/3/2026 5:00,15.2535,67.564,14.2922,2.221
3231,3/3/2026 5:15,15.2586,67.564,14.2967,2.223
3232,3/3/2026 5:30,15.2586,67.564,14.2946,2.227
3233,3/3/2026 5:45,15.262,67.564,14.2946,2.235
3234,3/3/2026 6:00,15.2654,67.564,14.3007,2.229
3235,3/3/2026 6:15,15.27,67.392,14.3054,2.229
3236,3/3/2026 6:30,15.2752,67.392,14.3084,2.234
3237,3/3/2026 6:45,15.2854,67.392,14.3139,2.245
3238,3/3/2026 7:00,15.2939,67.392,14.317,2.257
3239,3/3/2026 7:15,15.2939,67.392,14.3186,2.254
3240,3/3/2026 7:30,15.3003,67.221,14.3194,2.266
3241,3/3/2026 7:45,15.3089,67.221,14.3216,2.281
3242,3/3/2026 8:00,15.3157,67.221,14.3252,2.289
3243,3/3/2026 8:15,15.314,67.221,14.3258,2.283
3244,3/3/2026 8:30,15.3208,67.221,14.3296,2.29
3245,3/3/2026 8:45,15.3225,67.221,14.3283,2.297
3246,3/3/2026 9:00,15.3243,67.221,14.3294,2.299
3247,3/3/2026 9:15,15.3282,67.392,14.3306,2.305
3248,3/3/2026 9:30,15.3366,67.392,14.3309,2.324
3249,3/3/2026 9:45,15.3434,67.392,14.3287,2.345
3250,3/3/2026 10:00,15.3469,67.392,14.329,2.352
3251,3/3/2026 10:15,15.3491,67.564,14.329,2.357
3252,3/3/2026 10:30,15.3495,67.735,14.3262,2.364
3253,3/3/2026 10:45,15.3462,67.735,14.3255,2.358
3254,3/3/2026 11:00,15.3517,67.906,14.3258,2.371
3255,3/3/2026 11:15,15.3488,68.077,14.3247,2.367
3256,3/3/2026 11:30,15.344,68.248,14.3238,2.358
3257,3/3/2026 11:45,15.3372,68.248,14.3225,2.345
3258,3/3/2026 12:00,15.3376,68.421,14.3203,2.351
3259,3/3/2026 12:15,15.3382,68.592,14.3151,2.364
3260,3/3/2026 12:30,15.3318,68.763,14.3115,2.358
3261,3/3/2026 12:45,15.3258,69.107,14.3103,2.347
3262,3/3/2026 13:00,15.3212,69.278,14.3075,2.343
3263,3/3/2026 13:15,15.317,69.622,14.3048,2.339
3264,3/3/2026 13:30,15.3106,69.793,14.3045,2.325
3265,3/3/2026 13:45,15.3025,69.964,14.3033,2.309
3266,3/3/2026 14:00,15.2974,69.964,14.3,2.305
3267,3/3/2026 14:15,15.2893,70.137,14.2951,2.298
3268,3/3/2026 14:30,15.2829,70.308,14.2925,2.289
3269,3/3/2026 14:45,15.2744,70.308,14.2919,2.271
3270,3/3/2026 15:00,15.2675,70.308,14.291,2.257
3271,3/3/2026 15:15,15.259,70.308,14.2885,2.243
3272,3/3/2026 15:30,15.2506,70.308,14.2839,2.234
3273,3/3/2026 15:45,15.2381,70.137,14.283,2.208
3274,3/3/2026 16:00,15.2348,70.137,14.2852,2.195
3275,3/3/2026 16:15,15.2308,69.964,14.284,2.188
3276,3/3/2026 16:30,15.232,69.793,14.2853,2.188
3277,3/3/2026 16:45,15.2282,69.622,14.2898,2.169
3278,3/3/2026 17:00,15.2243,69.449,14.2906,2.158
3279,3/3/2026 17:15,15.2221,69.278,14.2923,2.149
3280,3/3/2026 17:30,15.2204,69.278,14.2965,2.135
3281,3/3/2026 17:45,15.22,69.107,14.2969,2.133
3282,3/3/2026 18:00,15.2145,68.934,14.2959,2.123
3283,3/3/2026 18:15,15.2127,68.934,14.2993,2.111
3284,3/3/2026 18:30,15.214,68.763,14.2994,2.114
3285,3/3/2026 18:45,15.2088,68.763,14.3041,2.091
3286,3/3/2026 19:00,15.205,68.592,14.3041,2.082
3287,3/3/2026 19:15,15.205,68.592,14.3016,2.088
3288,3/3/2026 19:30,15.2033,68.592,14.3068,2.072
3289,3/3/2026 19:45,15.2011,68.421,14.3035,2.074
3290,3/3/2026 20:00,15.1976,68.421,14.3054,2.062
3291,3/3/2026 20:15,15.1976,68.421,14.3087,2.054
3292,3/3/2026 20:30,15.196,68.421,14.3097,2.048
3293,3/3/2026 20:45,15.1956,68.248,14.3116,2.043
3294,3/3/2026 21:00,15.1972,68.248,14.3171,2.034
3295,3/3/2026 21:15,15.2007,68.248,14.3149,2.047
3296,3/3/2026 21:30,15.204,68.248,14.3158,2.053
3297,3/3/2026 21:45,15.2058,68.248,14.3107,2.068
3298,3/3/2026 22:00,15.2053,68.077,14.31,2.069
3299,3/3/2026 22:15,15.2088,68.077,14.3132,2.07
3300,3/3/2026 22:30,15.2036,68.077,14.311,2.063
3301,3/3/2026 22:45,15.1985,68.077,14.3125,2.047
3302,3/3/2026 23:00,15.1968,68.077,14.3149,2.038
3303,3/3/2026 23:15,15.1899,68.077,14.3135,2.025
3304,3/3/2026 23:30,15.1849,68.077,14.3135,2.014
3305,3/3/2026 23:45,15.1798,68.077,14.3129,2.003
3306,3/4/2026 0:00,15.1746,68.077,14.3113,1.995
3307,3/4/2026 0:15,15.1712,68.077,14.3099,1.99
3308,3/4/2026 0:30,15.166,68.077,14.3061,1.987
3309,3/4/2026 0:45,15.1609,68.077,14.3025,1.984
3310,3/4/2026 1:00,15.1592,68.077,14.3009,1.983
3311,3/4/2026 1:15,15.1537,67.906,14.3003,1.972
3312,3/4/2026 1:30,15.1486,67.906,14.2988,1.964
3313,3/4/2026 1:45,15.1537,67.906,14.2967,1.98
3314,3/4/2026 2:00,15.1605,67.906,14.2906,2.01
3315,3/4/2026 2:15,15.1588,67.906,14.2878,2.013
3316,3/4/2026 2:30,15.157,67.906,14.2848,2.016
3317,3/4/2026 2:45,15.1537,67.906,14.2832,2.012
3318,3/4/2026 3:00,15.1502,67.906,14.2872,1.994
3319,3/4/2026 3:15,15.1434,67.906,14.2804,1.994
3320,3/4/2026 3:30,15.1383,67.906,14.2798,1.984
3321,3/4/2026 3:45,15.1383,67.906,14.2798,1.984
3322,3/4/2026 4:00,15.1332,67.906,14.2861,1.958
3323,3/4/2026 4:15,15.1315,67.906,14.2823,1.962
3324,3/4/2026 4:30,15.1328,67.735,14.2848,1.96
3325,3/4/2026 4:45,15.1293,67.735,14.2833,1.955
3326,3/4/2026 5:00,15.1311,67.735,14.2833,1.959
3327,3/4/2026 5:15,15.1276,67.735,14.2833,1.951
3328,3/4/2026 5:30,15.1293,67.735,14.2848,1.952
3329,3/4/2026 5:45,15.1293,67.735,14.2894,1.941
3330,3/4/2026 6:00,15.1293,67.735,14.2888,1.942
3331,3/4/2026 6:15,15.1258,67.735,14.2903,1.931
3332,3/4/2026 6:30,15.1293,67.735,14.291,1.937
3333,3/4/2026 6:45,15.1328,67.735,14.2965,1.932
3334,3/4/2026 7:00,15.1344,67.735,14.2985,1.931
3335,3/4/2026 7:15,15.1379,67.735,14.3001,1.936
3336,3/4/2026 7:30,15.1408,67.564,14.3016,1.939
3337,3/4/2026 7:45,15.1425,67.564,14.3032,1.939
3338,3/4/2026 8:00,15.146,67.564,14.3043,1.945
3339,3/4/2026 8:15,15.1476,67.564,14.3041,1.949
3340,3/4/2026 8:30,15.1493,67.564,14.3043,1.953
3341,3/4/2026 8:45,15.1579,67.564,14.3091,1.961
3342,3/4/2026 9:00,15.1612,67.564,14.308,1.972
3343,3/4/2026 9:15,15.1754,67.735,14.3113,1.997
3344,3/4/2026 9:30,15.184,67.735,14.3106,2.018
3345,3/4/2026 9:45,15.1873,67.735,14.31,2.027
3346,3/4/2026 10:00,15.1891,67.735,14.3125,2.026
3347,3/4/2026 10:15,15.1942,67.735,14.313,2.036
3348,3/4/2026 10:30,15.1946,67.906,14.3115,2.041
3349,3/4/2026 10:45,15.2014,67.906,14.3117,2.056
3350,3/4/2026 11:00,15.195,68.077,14.309,2.047
3351,3/4/2026 11:15,15.1956,68.248,14.3081,2.051
3352,3/4/2026 11:30,15.1943,68.421,14.3078,2.049
3353,3/4/2026 11:45,15.1918,68.763,14.301,2.059
3354,3/4/2026 12:00,15.187,68.934,14.3001,2.05
3355,3/4/2026 12:15,15.1828,69.278,14.2938,2.055
3356,3/4/2026 12:30,15.1786,69.622,14.2935,2.046
3357,3/4/2026 12:45,15.1744,69.964,14.2907,2.043
3358,3/4/2026 13:00,15.1788,70.308,14.2923,2.049
3359,3/4/2026 13:15,15.1708,70.48,14.2885,2.039
3360,3/4/2026 13:30,15.1712,70.651,14.2861,2.046
3361,3/4/2026 13:45,15.1649,70.824,14.2833,2.038
3362,3/4/2026 14:00,15.1618,70.995,14.2814,2.035
3363,3/4/2026 14:15,15.1593,71.339,14.2814,2.03
3364,3/4/2026 14:30,15.153,71.512,14.2788,2.021
3365,3/4/2026 14:45,15.1479,71.512,14.2775,2.012
3366,3/4/2026 15:00,15.1496,71.512,14.2758,2.02
3367,3/4/2026 15:15,15.1479,71.512,14.2724,2.024
3368,3/4/2026 15:30,15.1428,71.512,14.2749,2.006
3369,3/4/2026 15:45,15.1389,71.339,14.2774,1.992
3370,3/4/2026 16:00,15.1354,71.339,14.2794,1.979
3371,3/4/2026 16:15,15.1303,71.339,14.2782,1.97
3372,3/4/2026 16:30,15.1286,71.339,14.2745,1.975
3373,3/4/2026 16:45,15.1282,71.168,14.2745,1.973
3374,3/4/2026 17:00,15.126,70.995,14.2762,1.964
3375,3/4/2026 17:15,15.1192,70.995,14.2784,1.944
3376,3/4/2026 17:30,15.1153,70.824,14.2768,1.938
3377,3/4/2026 17:45,15.1148,70.651,14.2771,1.936
3378,3/4/2026 18:00,15.1126,70.48,14.2807,1.923
3379,3/4/2026 18:15,15.1076,70.48,14.2832,1.906
3380,3/4/2026 18:30,15.1054,70.308,14.2839,1.899
3381,3/4/2026 18:45,15.105,70.137,14.2851,1.895
3382,3/4/2026 19:00,15.1028,69.964,14.2864,1.887
3383,3/4/2026 19:15,15.1045,69.964,14.2881,1.887
3384,3/4/2026 19:30,15.1057,69.793,14.2885,1.889
3385,3/4/2026 19:45,15.1019,69.622,14.2919,1.872
3386,3/4/2026 20:00,15.1052,69.622,14.2938,1.876
3387,3/4/2026 20:15,15.1083,69.449,14.2946,1.881
3388,3/4/2026 20:30,15.1066,69.449,14.3001,1.864
3389,3/4/2026 20:45,15.1061,69.278,14.3012,1.86
3390,3/4/2026 21:00,15.1026,69.278,14.3036,1.847
3391,3/4/2026 21:15,15.1044,69.278,14.3045,1.849
3392,3/4/2026 21:30,15.1057,69.107,14.3075,1.845
3393,3/4/2026 21:45,15.1039,69.107,14.3045,1.848
3394,3/4/2026 22:00,15.1022,69.107,14.3075,1.837
3395,3/4/2026 22:15,15.1039,69.107,14.3086,1.838
3396,3/4/2026 22:30,15.1052,68.934,14.3094,1.839
3397,3/4/2026 22:45,15.1086,68.934,14.3103,1.845
3398,3/4/2026 23:00,15.1068,68.934,14.3088,1.844
3399,3/4/2026 23:15,15.1064,68.763,14.3075,1.846
3400,3/4/2026 23:30,15.1064,68.763,14.3061,1.85
3401,3/4/2026 23:45,15.1081,68.763,14.31,1.845
3402,3/5/2026 0:00,15.1047,68.763,14.307,1.844
3403,3/5/2026 0:15,15.1013,68.763,14.3039,1.843
3404,3/5/2026 0:30,15.0974,68.592,14.3055,1.83
3405,3/5/2026 0:45,15.0957,68.592,14.3039,1.83
3406,3/5/2026 1:00,15.0923,68.592,14.3033,1.823
3407,3/5/2026 1:15,15.0923,68.592,14.3017,1.827
3408,3/5/2026 1:30,15.0855,68.592,14.3003,1.815
3409,3/5/2026 1:45,15.0799,68.421,14.2967,1.81
3410,3/5/2026 2:00,15.0816,68.421,14.2991,1.808
3411,3/5/2026 2:15,15.0765,68.421,14.2969,1.802
3412,3/5/2026 2:30,15.073,68.421,14.2948,1.799
3413,3/5/2026 2:45,15.0697,68.421,14.2911,1.799
3414,3/5/2026 3:00,15.068,68.421,14.292,1.793
3415,3/5/2026 3:15,15.0641,68.248,14.2906,1.787
3416,3/5/2026 3:30,15.0658,68.248,14.29,1.793
3417,3/5/2026 3:45,15.0607,68.248,14.2887,1.784
3418,3/5/2026 4:00,15.059,68.248,14.2867,1.785
3419,3/5/2026 4:15,15.0585,68.077,14.2906,1.775
3420,3/5/2026 4:30,15.0551,68.077,14.2916,1.764
3421,3/5/2026 4:45,15.0551,68.077,14.2864,1.776
3422,3/5/2026 5:00,15.0551,68.077,14.2833,1.783
3423,3/5/2026 5:15,15.0551,68.077,14.2872,1.774
3424,3/5/2026 5:30,15.053,67.906,14.2888,1.766
3425,3/5/2026 5:45,15.0496,67.906,14.2919,1.751
3426,3/5/2026 6:00,15.0496,67.906,14.2853,1.766
3427,3/5/2026 6:15,15.053,67.906,14.2869,1.77
3428,3/5/2026 6:30,15.053,67.906,14.2891,1.765
3429,3/5/2026 6:45,15.0546,67.906,14.2927,1.761
3430,3/5/2026 7:00,15.0581,67.906,14.2952,1.763
3431,3/5/2026 7:15,15.0581,67.906,14.2999,1.752
3432,3/5/2026 7:30,15.0564,67.906,14.2983,1.752
3433,3/5/2026 7:45,15.0559,67.735,14.3019,1.742
3434,3/5/2026 8:00,15.0594,67.735,14.3022,1.75
3435,3/5/2026 8:15,15.0627,67.735,14.3019,1.758
3436,3/5/2026 8:30,15.0627,67.735,14.3058,1.749
3437,3/5/2026 8:45,15.0678,67.735,14.3103,1.75
3438,3/5/2026 9:00,15.0768,67.906,14.3081,1.776
3439,3/5/2026 9:15,15.082,67.906,14.309,1.786
3440,3/5/2026 9:30,15.0854,67.906,14.3106,1.79
3441,3/5/2026 9:45,15.0858,68.077,14.3068,1.8
3442,3/5/2026 10:00,15.0841,68.077,14.3054,1.799
3443,3/5/2026 10:15,15.0825,68.077,14.3084,1.789
3444,3/5/2026 10:30,15.0794,68.248,14.3062,1.787
3445,3/5/2026 10:45,15.0748,68.421,14.3032,1.783
3446,3/5/2026 11:00,15.073,68.421,14.3048,1.775
3447,3/5/2026 11:15,15.0633,68.592,14.3014,1.761
3448,3/5/2026 11:30,15.0603,68.763,14.2996,1.758
3449,3/5/2026 11:45,15.0539,68.934,14.2984,1.746
3450,3/5/2026 12:00,15.0493,69.107,14.294,1.745
3451,3/5/2026 12:15,15.0446,69.278,14.2951,1.732
3452,3/5/2026 12:30,15.0439,69.622,14.2914,1.739
3453,3/5/2026 12:45,15.0379,69.964,14.2903,1.728
3454,3/5/2026 13:00,15.0333,70.137,14.2845,1.731
3455,3/5/2026 13:15,15.029,70.48,14.2797,1.732
3456,3/5/2026 13:30,15.0265,70.824,14.281,1.723
3457,3/5/2026 13:45,15.0223,71.168,14.2791,1.718
3458,3/5/2026 14:00,15.0194,71.339,14.279,1.712
3459,3/5/2026 14:15,15.0147,71.512,14.2771,1.705
3460,3/5/2026 14:30,15.0121,71.856,14.2759,1.702
3461,3/5/2026 14:45,15.0092,72.028,14.2729,1.702
3462,3/5/2026 15:00,15.0046,72.199,14.272,1.694
3463,3/5/2026 15:15,15.0046,72.199,14.2733,1.691
3464,3/5/2026 15:30,15.0068,72.372,14.2746,1.693
3465,3/5/2026 15:45,15.0118,72.372,14.2716,1.712
3466,3/5/2026 16:00,15.0175,72.545,14.2721,1.723
3467,3/5/2026 16:15,15.0158,72.545,14.2697,1.725
3468,3/5/2026 16:30,15.0175,72.545,14.272,1.724
3469,3/5/2026 16:45,15.0187,72.372,14.272,1.726
3470,3/5/2026 17:00,15.0136,72.372,14.272,1.715
3471,3/5/2026 17:15,15.0147,72.199,14.2752,1.71
3472,3/5/2026 17:30,15.0131,72.199,14.2784,1.699
3473,3/5/2026 17:45,15.0131,72.199,14.279,1.697
3474,3/5/2026 18:00,15.0131,72.199,14.281,1.693
3475,3/5/2026 18:15,15.0114,72.199,14.2811,1.688
3476,3/5/2026 18:30,15.0097,72.199,14.283,1.68
3477,3/5/2026 18:45,15.0079,72.199,14.2839,1.674
3478,3/5/2026 19:00,15.0079,72.199,14.2869,1.667
3479,3/5/2026 19:15,15.011,72.028,14.29,1.667
3480,3/5/2026 19:30,15.0127,72.028,14.2922,1.666
3481,3/5/2026 19:45,15.0092,72.028,14.2943,1.653
3482,3/5/2026 20:00,15.0105,71.856,14.2971,1.649
3483,3/5/2026 20:15,15.0139,71.856,14.3004,1.649
3484,3/5/2026 20:30,15.0139,71.856,14.3054,1.638
3485,3/5/2026 20:45,15.0152,71.683,14.3051,1.642
3486,3/5/2026 21:00,15.0169,71.683,14.309,1.637
3487,3/5/2026 21:15,15.0185,71.683,14.3115,1.635
3488,3/5/2026 21:30,15.0185,71.683,14.3139,1.629
3489,3/5/2026 21:45,15.0181,71.512,14.3119,1.633
3490,3/5/2026 22:00,15.0147,71.512,14.3128,1.623
3491,3/5/2026 22:15,15.0147,71.512,14.3168,1.613
3492,3/5/2026 22:30,15.0194,71.339,14.3183,1.621
3493,3/5/2026 22:45,15.0176,71.339,14.313,1.629
3494,3/5/2026 23:00,15.0159,71.339,14.3186,1.612
3495,3/5/2026 23:15,15.0172,71.168,14.3202,1.611
3496,3/5/2026 23:30,15.0189,71.168,14.3202,1.615
3497,3/5/2026 23:45,15.0155,71.168,14.321,1.605
3498,3/6/2026 0:00,15.0133,70.995,14.3149,1.614
3499,3/6/2026 0:15,15.01,70.995,14.3128,1.612
3500,3/6/2026 0:30,15.0082,70.995,14.3083,1.618
3501,3/6/2026 0:45,15.0047,70.995,14.3097,1.607
3502,3/6/2026 1:00,14.9992,70.824,14.3061,1.602
3503,3/6/2026 1:15,14.9957,70.824,14.3055,1.596
3504,3/6/2026 1:30,14.992,70.651,14.3039,1.59
3505,3/6/2026 1:45,14.9885,70.651,14.3009,1.589
3506,3/6/2026 2:00,14.9867,70.651,14.3009,1.585
3507,3/6/2026 2:15,14.9799,70.651,14.2972,1.578
3508,3/6/2026 2:30,14.9762,70.48,14.2951,1.574
3509,3/6/2026 2:45,14.9762,70.48,14.2945,1.576
3510,3/6/2026 3:00,14.9762,70.48,14.2959,1.572
3511,3/6/2026 3:15,14.974,70.308,14.2975,1.564
3512,3/6/2026 3:30,14.9688,70.308,14.2975,1.552
3513,3/6/2026 3:45,14.9718,70.137,14.2954,1.564
3514,3/6/2026 4:00,14.9701,70.137,14.2964,1.557
3515,3/6/2026 4:15,14.9683,70.137,14.2951,1.556
3516,3/6/2026 4:30,14.9683,70.137,14.2945,1.558
3517,3/6/2026 4:45,14.9679,69.964,14.293,1.56
3518,3/6/2026 5:00,14.9662,69.964,14.2955,1.55
3519,3/6/2026 5:15,14.9611,69.964,14.2945,1.541
3520,3/6/2026 5:30,14.9589,69.793,14.293,1.539
3521,3/6/2026 5:45,14.9606,69.793,14.2945,1.54
3522,3/6/2026 6:00,14.9606,69.793,14.2975,1.533
3523,3/6/2026 6:15,14.9624,69.793,14.2945,1.544
3524,3/6/2026 6:30,14.9602,69.622,14.2967,1.534
3525,3/6/2026 6:45,14.9602,69.622,14.2958,1.536
3526,3/6/2026 7:00,14.9619,69.622,14.2958,1.54
3527,3/6/2026 7:15,14.9619,69.622,14.2978,1.535
3528,3/6/2026 7:30,14.9653,69.622,14.3036,1.529
3529,3/6/2026 7:45,14.9688,69.622,14.2981,1.55
3530,3/6/2026 8:00,14.9717,69.449,14.3009,1.55
3531,3/6/2026 8:15,14.982,69.449,14.3045,1.566
3532,3/6/2026 8:30,14.991,69.622,14.3012,1.594
3533,3/6/2026 8:45,14.9921,69.449,14.3039,1.591
3534,3/6/2026 9:00,14.9892,69.622,14.3042,1.583
3535,3/6/2026 9:15,14.991,69.622,14.307,1.581
3536,3/6/2026 9:30,14.9875,69.622,14.3075,1.572
3537,3/6/2026 9:45,14.9892,69.622,14.3103,1.569
3538,3/6/2026 10:00,14.9862,69.793,14.3081,1.567
3539,3/6/2026 10:15,14.9846,69.793,14.3099,1.559
3540,3/6/2026 10:30,14.9811,69.793,14.3096,1.552
3541,3/6/2026 10:45,14.9782,69.964,14.3099,1.545
3542,3/6/2026 11:00,14.9765,69.964,14.3093,1.542
3543,3/6/2026 11:15,14.9769,70.137,14.3103,1.541
3544,3/6/2026 11:30,14.974,70.308,14.3087,1.538
3545,3/6/2026 11:45,14.9727,70.48,14.3065,1.54
3546,3/6/2026 12:00,14.9698,70.651,14.3067,1.533
3547,3/6/2026 12:15,14.9663,70.651,14.3061,1.526
3548,3/6/2026 12:30,14.9617,70.824,14.3025,1.524
3549,3/6/2026 12:45,14.9625,71.168,14.2958,1.541
3550,3/6/2026 13:00,14.9544,71.339,14.2952,1.524
3551,3/6/2026 13:15,14.9561,71.339,14.2933,1.532
3552,3/6/2026 13:30,14.9532,71.512,14.2916,1.53
3553,3/6/2026 13:45,14.9515,71.512,14.2881,1.534
3554,3/6/2026 14:00,14.9434,71.683,14.2881,1.515
3555,3/6/2026 14:15,14.9438,71.856,14.2845,1.524
3556,3/6/2026 14:30,14.9422,71.856,14.2798,1.531
3557,3/6/2026 14:45,14.9376,72.028,14.2816,1.517
3558,3/6/2026 15:00,14.9376,72.028,14.2814,1.517
3559,3/6/2026 15:15,14.9363,72.199,14.2809,1.515
3560,3/6/2026 15:30,14.9363,72.199,14.2756,1.527
3561,3/6/2026 15:45,14.9345,72.199,14.2768,1.521
3562,3/6/2026 16:00,14.9295,72.199,14.2771,1.508
3563,3/6/2026 16:15,14.9312,72.199,14.2777,1.511
3564,3/6/2026 16:30,14.9306,72.028,14.2788,1.507
3565,3/6/2026 16:45,14.9341,72.028,14.2788,1.515
3566,3/6/2026 17:00,14.9354,71.856,14.2775,1.521
3567,3/6/2026 17:15,14.9422,71.856,14.2798,1.531
3568,3/6/2026 17:30,14.9473,71.856,14.2768,1.55
3569,3/6/2026 17:45,14.9502,71.683,14.2755,1.56
3570,3/6/2026 18:00,14.9519,71.683,14.2793,1.555
3571,3/6/2026 18:15,14.9554,71.683,14.2829,1.555
3572,3/6/2026 18:30,14.9583,71.512,14.2856,1.555
3573,3/6/2026 18:45,14.9566,71.512,14.2884,1.545
3574,3/6/2026 19:00,14.9601,71.512,14.2867,1.557
3575,3/6/2026 19:15,14.9618,71.512,14.294,1.544
3576,3/6/2026 19:30,14.9634,71.512,14.2974,1.54
3577,3/6/2026 19:45,14.9601,71.512,14.3014,1.523
3578,3/6/2026 20:00,14.9579,71.339,14.3032,1.513
3579,3/6/2026 20:15,14.9596,71.339,14.3072,1.508
3580,3/6/2026 20:30,14.963,71.339,14.3091,1.511
3581,3/6/2026 20:45,14.9614,71.339,14.3116,1.502
3582,3/6/2026 21:00,14.9614,71.339,14.311,1.503
3583,3/6/2026 21:15,14.9596,71.339,14.3141,1.492
3584,3/6/2026 21:30,14.9579,71.339,14.3133,1.49
3585,3/6/2026 21:45,14.9579,71.339,14.3149,1.486
3586,3/6/2026 22:00,14.9579,71.339,14.3133,1.49
3587,3/6/2026 22:15,14.9579,71.339,14.3174,1.481
3588,3/6/2026 22:30,14.9561,71.339,14.3174,1.477
3589,3/6/2026 22:45,14.9511,71.339,14.3158,1.469
3590,3/6/2026 23:00,14.9472,71.168,14.3138,1.464
3591,3/6/2026 23:15,14.9454,71.168,14.3116,1.465
3592,3/6/2026 23:30,14.9472,71.168,14.3116,1.469
3593,3/6/2026 23:45,14.9472,71.168,14.311,1.471
3594,3/7/2026 0:00,14.9472,71.168,14.3135,1.465
3595,3/7/2026 0:15,14.9438,71.168,14.3083,1.469
3596,3/7/2026 0:30,14.9489,71.168,14.3067,1.485
3597,3/7/2026 0:45,14.9416,70.995,14.3009,1.481
3598,3/7/2026 1:00,14.9382,70.995,14.2951,1.487
3599,3/7/2026 1:15,14.9348,70.995,14.2939,1.482
3600,3/7/2026 1:30,14.9292,70.824,14.2887,1.481
3601,3/7/2026 1:45,14.9258,70.824,14.2933,1.462
3602,3/7/2026 2:00,14.9274,70.824,14.2903,1.473
3603,3/7/2026 2:15,14.9241,70.824,14.2856,1.476
3604,3/7/2026 2:30,14.9184,70.651,14.2826,1.47
3605,3/7/2026 2:45,14.9151,70.651,14.2785,1.471
3606,3/7/2026 3:00,14.91,70.651,14.2735,1.471
3607,3/7/2026 3:15,14.9048,70.651,14.2724,1.462
3608,3/7/2026 3:30,14.9032,70.651,14.271,1.461
3609,3/7/2026 3:45,14.9026,70.48,14.2672,1.469
3610,3/7/2026 4:00,14.901,70.48,14.2658,1.468
3611,3/7/2026 4:15,14.901,70.48,14.2658,1.468
3612,3/7/2026 4:30,14.8958,70.48,14.2627,1.463
3613,3/7/2026 4:45,14.8958,70.48,14.2658,1.456
3614,3/7/2026 5:00,14.8954,70.308,14.2636,1.46
3615,3/7/2026 5:15,14.8954,70.308,14.2646,1.458
3616,3/7/2026 5:30,14.8989,70.308,14.2707,1.452
3617,3/7/2026 5:45,14.9,70.137,14.2685,1.46
3618,3/7/2026 6:00,14.9086,70.137,14.2762,1.462
3619,3/7/2026 6:15,14.9103,70.137,14.2798,1.457
3620,3/7/2026 6:30,14.9171,70.137,14.2809,1.471
3621,3/7/2026 6:45,14.9171,70.137,14.2839,1.464
3622,3/7/2026 7:00,14.9167,69.964,14.2839,1.463
3623,3/7/2026 7:15,14.9202,69.964,14.2861,1.466
3624,3/7/2026 7:30,14.9235,69.964,14.2845,1.477
3625,3/7/2026 7:45,14.9235,69.964,14.2867,1.472
3626,3/7/2026 8:00,14.9253,69.964,14.2856,1.478
3627,3/7/2026 8:15,14.9303,69.964,14.2893,1.482
3628,3/7/2026 8:30,14.9286,69.964,14.2884,1.48
3629,3/7/2026 8:45,14.927,69.964,14.2896,1.473
3630,3/7/2026 9:00,14.9286,69.964,14.2914,1.473
3631,3/7/2026 9:15,14.9321,69.964,14.2932,1.477
3632,3/7/2026 9:30,14.9303,69.964,14.2926,1.474
3633,3/7/2026 9:45,14.9286,69.964,14.2888,1.479
3634,3/7/2026 10:00,14.9292,70.137,14.2882,1.481
3635,3/7/2026 10:15,14.9274,70.137,14.2906,1.472
3636,3/7/2026 10:30,14.9244,70.308,14.29,1.466
3637,3/7/2026 10:45,14.9266,70.48,14.2919,1.467
3638,3/7/2026 11:00,14.9254,70.651,14.2911,1.466
3639,3/7/2026 11:15,14.9237,70.651,14.2894,1.466
3640,3/7/2026 11:30,14.919,70.824,14.2848,1.466
3641,3/7/2026 11:45,14.9155,70.824,14.2839,1.46
3642,3/7/2026 12:00,14.9142,70.995,14.2817,1.462
3643,3/7/2026 12:15,14.9078,71.168,14.2795,1.452
3644,3/7/2026 12:30,14.9049,71.339,14.279,1.447
3645,3/7/2026 12:45,14.9058,71.683,14.2759,1.456
3646,3/7/2026 13:00,14.9012,71.856,14.2737,1.451
3647,3/7/2026 13:15,14.9034,72.028,14.2695,1.465
3648,3/7/2026 13:30,14.9038,72.199,14.2698,1.466
3649,3/7/2026 13:45,14.9009,72.372,14.2687,1.462
3650,3/7/2026 14:00,14.9013,72.545,14.2706,1.458
3651,3/7/2026 14:15,14.9035,72.718,14.2685,1.468
3652,3/7/2026 14:30,14.9005,72.891,14.2649,1.47
3653,3/7/2026 14:45,14.9039,72.891,14.264,1.48
3654,3/7/2026 15:00,14.901,73.062,14.2646,1.472
3655,3/7/2026 15:15,14.901,73.062,14.2701,1.459
3656,3/7/2026 15:30,14.9048,73.234,14.2679,1.473
3657,3/7/2026 15:45,14.9116,73.234,14.2723,1.478
3658,3/7/2026 16:00,14.9105,73.407,14.2706,1.48
3659,3/7/2026 16:15,14.919,73.407,14.2701,1.5
3660,3/7/2026 16:30,14.9305,73.234,14.2753,1.515
3661,3/7/2026 16:45,14.9364,72.891,14.2723,1.536
3662,3/7/2026 17:00,14.9376,72.718,14.2758,1.53
3663,3/7/2026 17:15,14.9411,72.718,14.2775,1.534
3664,3/7/2026 17:30,14.9406,72.545,14.2777,1.533
3665,3/7/2026 17:45,14.9389,72.545,14.2797,1.524
3666,3/7/2026 18:00,14.9435,72.372,14.2809,1.532
3667,3/7/2026 18:15,14.9396,72.199,14.2795,1.526
3668,3/7/2026 18:30,14.9414,72.199,14.282,1.524
3669,3/7/2026 18:45,14.9392,72.028,14.282,1.519
3670,3/7/2026 19:00,14.9376,72.028,14.2845,1.51
3671,3/7/2026 19:15,14.937,71.856,14.2851,1.507
3672,3/7/2026 19:30,14.937,71.856,14.2916,1.492
3673,3/7/2026 19:45,14.9366,71.683,14.2913,1.492
3674,3/7/2026 20:00,14.9383,71.683,14.2946,1.488
3675,3/7/2026 20:15,14.9383,71.683,14.2955,1.486
3676,3/7/2026 20:30,14.9418,71.683,14.3004,1.483
3677,3/7/2026 20:45,14.9396,71.512,14.3023,1.473
3678,3/7/2026 21:00,14.9396,71.512,14.3048,1.468
3679,3/7/2026 21:15,14.9396,71.512,14.3036,1.47
3680,3/7/2026 21:30,14.9412,71.512,14.303,1.475
3681,3/7/2026 21:45,14.9361,71.512,14.3003,1.47
3682,3/7/2026 22:00,14.9289,71.339,14.2981,1.458
3683,3/7/2026 22:15,14.9254,71.339,14.2975,1.451
3684,3/7/2026 22:30,14.9254,71.339,14.2954,1.456
3685,3/7/2026 22:45,14.9221,71.339,14.2978,1.443
3686,3/7/2026 23:00,14.9186,71.339,14.2942,1.443
3687,3/7/2026 23:15,14.9131,71.168,14.2936,1.432
3688,3/7/2026 23:30,14.9113,71.168,14.293,1.429
3689,3/7/2026 23:45,14.9078,71.168,14.2914,1.425
3690,3/8/2026 0:00,14.9045,71.168,14.293,1.414
3691,3/8/2026 0:15,14.9006,70.995,14.2909,1.409
3692,3/8/2026 0:30,14.8973,70.995,14.2878,1.409
3693,3/8/2026 0:45,14.8938,70.995,14.2862,1.404
3694,3/8/2026 1:00,14.892,70.995,14.2826,1.409
3695,3/8/2026 1:15,14.8887,70.995,14.2765,1.415
3696,3/8/2026 1:30,14.887,70.995,14.2759,1.413
3697,3/8/2026 1:45,14.8819,70.995,14.2743,1.404
3698,3/8/2026 2:00,14.878,70.824,14.2697,1.406
3699,3/8/2026 2:15,14.8729,70.824,14.2666,1.401
3700,3/8/2026 2:30,14.8694,70.824,14.2652,1.397
3701,3/8/2026 2:45,14.8643,70.824,14.2614,1.394
3702,3/8/2026 3:00,14.8626,70.824,14.263,1.386
3703,3/8/2026 3:15,14.8558,70.824,14.2639,1.368
3704,3/8/2026 3:30,14.8587,70.651,14.2671,1.368
3705,3/8/2026 3:45,14.8536,70.651,14.2655,1.359
3706,3/8/2026 4:00,14.8519,70.651,14.2624,1.362
3707,3/8/2026 4:15,14.8485,70.651,14.2649,1.349
3708,3/8/2026 4:30,14.8485,70.651,14.2619,1.356
3709,3/8/2026 4:45,14.8446,70.48,14.2663,1.337
3710,3/8/2026 5:00,14.8498,70.48,14.271,1.338
3711,3/8/2026 5:15,14.8481,70.48,14.275,1.325
3712,3/8/2026 5:30,14.8582,70.48,14.275,1.348
3713,3/8/2026 5:45,14.8567,70.48,14.2784,1.337
3714,3/8/2026 6:00,14.8596,70.308,14.2794,1.341
3715,3/8/2026 6:15,14.8561,70.308,14.2809,1.33
3716,3/8/2026 6:30,14.8578,70.308,14.2849,1.324
3717,3/8/2026 6:45,14.8578,70.308,14.2819,1.331
3718,3/8/2026 7:00,14.8578,70.308,14.2869,1.32
3719,3/8/2026 7:15,14.8561,70.308,14.2877,1.314
3720,3/8/2026 7:30,14.8596,70.308,14.2897,1.317
3721,3/8/2026 7:45,14.8596,70.308,14.2903,1.316
3722,3/8/2026 8:00,14.8596,70.308,14.2936,1.308
3723,3/8/2026 8:15,14.863,70.308,14.2949,1.313
3724,3/8/2026 8:30,14.8664,70.308,14.2961,1.318
3725,3/8/2026 8:45,14.863,70.308,14.2948,1.313
3726,3/8/2026 9:00,14.8664,70.308,14.2981,1.313
3727,3/8/2026 9:15,14.8664,70.308,14.2959,1.319
3728,3/8/2026 9:30,14.8635,70.48,14.2978,1.307
3729,3/8/2026 9:45,14.8617,70.48,14.2971,1.305
3730,3/8/2026 10:00,14.8635,70.48,14.2943,1.316
3731,3/8/2026 10:15,14.8587,70.651,14.2946,1.304
3732,3/8/2026 10:30,14.8553,70.651,14.2936,1.298
3733,3/8/2026 10:45,14.854,70.824,14.2949,1.292
3734,3/8/2026 11:00,14.8494,70.995,14.2909,1.291
3735,3/8/2026 11:15,14.8481,71.168,14.29,1.29
3736,3/8/2026 11:30,14.8537,71.339,14.2891,1.305
3737,3/8/2026 11:45,14.8588,71.339,14.2845,1.328
3738,3/8/2026 12:00,14.8661,71.512,14.2851,1.343
3739,3/8/2026 12:15,14.8759,71.339,14.2814,1.374
3740,3/8/2026 12:30,14.8815,71.512,14.2795,1.391
3741,3/8/2026 12:45,14.8862,71.339,14.2823,1.396
3742,3/8/2026 13:00,14.8896,71.339,14.2814,1.406
3743,3/8/2026 13:15,14.8931,71.339,14.2771,1.424
3744,3/8/2026 13:30,14.8913,71.339,14.2765,1.421
3745,3/8/2026 13:45,14.8896,71.339,14.274,1.423
3746,3/8/2026 14:00,14.8913,71.339,14.271,1.434
3747,3/8/2026 14:15,14.8867,71.512,14.2695,1.427
3748,3/8/2026 14:30,14.8832,71.512,14.2668,1.425
3749,3/8/2026 14:45,14.8815,71.512,14.2656,1.424
3750,3/8/2026 15:00,14.8786,71.683,14.2643,1.42
3751,3/8/2026 15:15,14.8786,71.683,14.2646,1.419
3752,3/8/2026 15:30,14.882,71.683,14.2632,1.431
3753,3/8/2026 15:45,14.8836,71.683,14.262,1.437
3754,3/8/2026 16:00,14.8799,71.512,14.2623,1.428
3755,3/8/2026 16:15,14.8799,71.512,14.2614,1.43
3756,3/8/2026 16:30,14.8781,71.512,14.2613,1.426
3757,3/8/2026 16:45,14.8781,71.512,14.263,1.422
3758,3/8/2026 17:00,14.8815,71.512,14.2671,1.42
3759,3/8/2026 17:15,14.8793,71.339,14.2652,1.42
3760,3/8/2026 17:30,14.8793,71.339,14.2652,1.42
3761,3/8/2026 17:45,14.8777,71.339,14.2648,1.417
3762,3/8/2026 18:00,14.8777,71.339,14.2672,1.411
3763,3/8/2026 18:15,14.8806,71.168,14.2666,1.419
3764,3/8/2026 18:30,14.8841,71.168,14.2672,1.426
3765,3/8/2026 18:45,14.8788,71.168,14.2688,1.41
3766,3/8/2026 19:00,14.8784,70.995,14.2726,1.4
3767,3/8/2026 19:15,14.8819,70.995,14.2768,1.399
3768,3/8/2026 19:30,14.887,70.995,14.2817,1.399
3769,3/8/2026 19:45,14.8916,70.824,14.2842,1.404
3770,3/8/2026 20:00,14.8968,70.824,14.2846,1.415
3771,3/8/2026 20:15,14.9019,70.824,14.2864,1.423
3772,3/8/2026 20:30,14.9019,70.824,14.2904,1.413
3773,3/8/2026 20:45,14.9015,70.651,14.2893,1.415
3774,3/8/2026 21:00,14.9015,70.651,14.2962,1.399
3775,3/8/2026 21:15,14.9048,70.651,14.2987,1.401
3776,3/8/2026 21:30,14.9083,70.651,14.3028,1.4
3777,3/8/2026 21:45,14.9096,70.48,14.2984,1.413
3778,3/8/2026 22:00,14.9078,70.48,14.3,1.405
3779,3/8/2026 22:15,14.9044,70.48,14.2972,1.403
3780,3/8/2026 22:30,14.9044,70.48,14.2967,1.405
3781,3/8/2026 22:45,14.8971,70.308,14.2975,1.386
3782,3/8/2026 23:00,14.8954,70.308,14.2955,1.387
3783,3/8/2026 23:15,14.8903,70.308,14.2939,1.379
3784,3/8/2026 23:30,14.8868,70.308,14.2903,1.379
3785,3/8/2026 23:45,14.8852,70.308,14.2842,1.389
3786,3/9/2026 0:00,14.8817,70.308,14.2878,1.373
3787,3/9/2026 0:15,14.8778,70.137,14.2862,1.367
3788,3/9/2026 0:30,14.8745,70.137,14.2862,1.36
3789,3/9/2026 0:45,14.871,70.137,14.2817,1.362
3790,3/9/2026 1:00,14.8677,70.137,14.278,1.363
3791,3/9/2026 1:15,14.8625,70.137,14.2735,1.361
3792,3/9/2026 1:30,14.8609,70.137,14.2682,1.37
3793,3/9/2026 1:45,14.8574,70.137,14.2661,1.367
3794,3/9/2026 2:00,14.8535,69.964,14.2646,1.361
3795,3/9/2026 2:15,14.8484,69.964,14.2603,1.359
3796,3/9/2026 2:30,14.8484,69.964,14.2572,1.366
3797,3/9/2026 2:45,14.845,69.964,14.2566,1.36
3798,3/9/2026 3:00,14.8394,69.793,14.256,1.348
3799,3/9/2026 3:15,14.8377,69.793,14.2585,1.339
3800,3/9/2026 3:30,14.8394,69.793,14.2549,1.351
3801,3/9/2026 3:45,14.8446,69.793,14.2511,1.372
3802,3/9/2026 4:00,14.853,69.793,14.2505,1.393
3803,3/9/2026 4:15,14.8651,69.793,14.2521,1.417
3804,3/9/2026 4:30,14.868,69.622,14.2516,1.425
3805,3/9/2026 4:45,14.8662,69.622,14.25,1.424
3806,3/9/2026 5:00,14.868,69.622,14.25,1.428
3807,3/9/2026 5:15,14.8697,69.622,14.25,1.432
3808,3/9/2026 5:30,14.8765,69.622,14.251,1.446
3809,3/9/2026 5:45,14.8897,69.449,14.2524,1.473
3810,3/9/2026 6:00,14.9,69.449,14.2518,1.498
3811,3/9/2026 6:15,14.9086,69.449,14.2529,1.515
3812,3/9/2026 6:30,14.9119,69.449,14.2529,1.523
3813,3/9/2026 6:45,14.917,69.449,14.2568,1.526
3814,3/9/2026 7:00,14.9132,69.278,14.2584,1.513
3815,3/9/2026 7:15,14.9097,69.278,14.2584,1.505
3816,3/9/2026 7:30,14.9097,69.278,14.2568,1.509
3817,3/9/2026 7:45,14.908,69.278,14.2595,1.499
3818,3/9/2026 8:00,14.908,69.278,14.2613,1.495
3819,3/9/2026 8:15,14.9064,69.278,14.2616,1.49
3820,3/9/2026 8:30,14.9047,69.278,14.2619,1.486
3821,3/9/2026 8:45,14.9012,69.278,14.2597,1.483
3822,3/9/2026 9:00,14.8996,69.278,14.2626,1.472
3823,3/9/2026 9:15,14.8961,69.278,14.264,1.461
3824,3/9/2026 9:30,14.8983,69.449,14.2624,1.47
3825,3/9/2026 9:45,14.8948,69.449,14.2613,1.464
3826,3/9/2026 10:00,14.8902,69.622,14.2643,1.446
3827,3/9/2026 10:15,14.8884,69.622,14.2611,1.45
3828,3/9/2026 10:30,14.889,69.793,14.2611,1.451
3829,3/9/2026 10:45,14.8809,69.964,14.2571,1.442
3830,3/9/2026 11:00,14.8745,70.137,14.2562,1.429
3831,3/9/2026 11:15,14.8732,70.308,14.2531,1.433
3832,3/9/2026 11:30,14.8668,70.48,14.251,1.423
3833,3/9/2026 11:45,14.8593,70.824,14.2462,1.417
3834,3/9/2026 12:00,14.8562,70.995,14.244,1.415
3835,3/9/2026 12:15,14.8498,71.168,14.2414,1.407
3836,3/9/2026 12:30,14.8456,71.512,14.2386,1.403
3837,3/9/2026 12:45,14.8445,71.683,14.2405,1.396
3838,3/9/2026 13:00,14.8381,71.856,14.235,1.394
3839,3/9/2026 13:15,14.83,72.028,14.2301,1.387
3840,3/9/2026 13:30,14.8253,72.199,14.2268,1.384
3841,3/9/2026 13:45,14.8189,72.372,14.2217,1.381
3842,3/9/2026 14:00,14.8142,72.545,14.223,1.367
3843,3/9/2026 14:15,14.813,72.718,14.2196,1.372
3844,3/9/2026 14:30,14.8099,72.891,14.2178,1.369
3845,3/9/2026 14:45,14.807,73.062,14.2138,1.372
3846,3/9/2026 15:00,14.8041,73.234,14.2144,1.364
3847,3/9/2026 15:15,14.8007,73.234,14.2143,1.356
3848,3/9/2026 15:30,14.8011,73.407,14.214,1.358
3849,3/9/2026 15:45,14.7978,73.407,14.2128,1.353
3850,3/9/2026 16:00,14.7943,73.407,14.2136,1.343
3851,3/9/2026 16:15,14.7943,73.407,14.2128,1.345
3852,3/9/2026 16:30,14.7925,73.407,14.217,1.331
3853,3/9/2026 16:45,14.7952,73.062,14.2241,1.32
3854,3/9/2026 17:00,14.7963,72.891,14.2254,1.32
3855,3/9/2026 17:15,14.7994,72.718,14.2297,1.317
3856,3/9/2026 17:30,14.801,72.718,14.2346,1.31
3857,3/9/2026 17:45,14.8023,72.545,14.2331,1.316
3858,3/9/2026 18:00,14.7983,72.372,14.2331,1.307
3859,3/9/2026 18:15,14.7983,72.372,14.2341,1.304
3860,3/9/2026 18:30,14.7962,72.199,14.2312,1.306
3861,3/9/2026 18:45,14.7946,72.199,14.237,1.289
3862,3/9/2026 19:00,14.7957,72.028,14.2368,1.292
3863,3/9/2026 19:15,14.7992,72.028,14.2395,1.294
3864,3/9/2026 19:30,14.8005,71.856,14.2421,1.291
3865,3/9/2026 19:45,14.8039,71.856,14.2418,1.299
3866,3/9/2026 20:00,14.8034,71.683,14.2455,1.29
3867,3/9/2026 20:15,14.8034,71.683,14.2437,1.294
3868,3/9/2026 20:30,14.8063,71.512,14.2479,1.291
3869,3/9/2026 20:45,14.803,71.512,14.246,1.288
3870,3/9/2026 21:00,14.8041,71.339,14.2504,1.28
3871,3/9/2026 21:15,14.8059,71.339,14.2455,1.296
3872,3/9/2026 21:30,14.8037,71.168,14.2473,1.286
3873,3/9/2026 21:45,14.8037,71.168,14.2455,1.29
3874,3/9/2026 22:00,14.8015,70.995,14.2427,1.292
3875,3/9/2026 22:15,14.8033,70.995,14.243,1.295
3876,3/9/2026 22:30,14.7995,70.824,14.2465,1.278
3877,3/9/2026 22:45,14.7995,70.824,14.2468,1.278
3878,3/9/2026 23:00,14.7973,70.651,14.2476,1.271
3879,3/9/2026 23:15,14.7973,70.651,14.2449,1.277
3880,3/9/2026 23:30,14.7921,70.651,14.2429,1.27
3881,3/9/2026 23:45,14.7952,70.48,14.2421,1.278
3882,3/10/2026 0:00,14.7917,70.48,14.2385,1.279
3883,3/10/2026 0:15,14.7917,70.48,14.2434,1.267
3884,3/10/2026 0:30,14.7883,70.48,14.2368,1.275
3885,3/10/2026 0:45,14.7844,70.308,14.2376,1.264
3886,3/10/2026 1:00,14.7827,70.308,14.2318,1.273
3887,3/10/2026 1:15,14.7776,70.308,14.2282,1.27
3888,3/10/2026 1:30,14.7772,70.137,14.2285,1.268
3889,3/10/2026 1:45,14.7721,70.137,14.2249,1.265
3890,3/10/2026 2:00,14.7721,70.137,14.2227,1.27
3891,3/10/2026 2:15,14.7737,70.137,14.2221,1.275
3892,3/10/2026 2:30,14.7717,69.964,14.221,1.273
3893,3/10/2026 2:45,14.7699,69.964,14.2218,1.267
3894,3/10/2026 3:00,14.7717,69.964,14.2259,1.261
3895,3/10/2026 3:15,14.7695,69.793,14.2246,1.259
3896,3/10/2026 3:30,14.766,69.793,14.2195,1.263
3897,3/10/2026 3:45,14.7643,69.793,14.2198,1.258
3898,3/10/2026 4:00,14.7643,69.793,14.2198,1.258
3899,3/10/2026 4:15,14.766,69.793,14.2207,1.26
3900,3/10/2026 4:30,14.7621,69.622,14.2156,1.263
3901,3/10/2026 4:45,14.7605,69.622,14.2186,1.252
3902,3/10/2026 5:00,14.7605,69.622,14.2165,1.257
3903,3/10/2026 5:15,14.7588,69.622,14.2143,1.258
3904,3/10/2026 5:30,14.7588,69.622,14.2143,1.258
3905,3/10/2026 5:45,14.7566,69.449,14.2107,1.262
3906,3/10/2026 6:00,14.7566,69.449,14.2107,1.262
3907,3/10/2026 6:15,14.7532,69.449,14.2101,1.255
3908,3/10/2026 6:30,14.7566,69.449,14.2156,1.25
3909,3/10/2026 6:45,14.7601,69.449,14.2138,1.262
3910,3/10/2026 7:00,14.7612,69.278,14.2157,1.261
3911,3/10/2026 7:15,14.763,69.278,14.2185,1.258
3912,3/10/2026 7:30,14.7612,69.278,14.221,1.249
3913,3/10/2026 7:45,14.7612,69.278,14.2201,1.251
3914,3/10/2026 8:00,14.763,69.278,14.2188,1.258
3915,3/10/2026 8:15,14.7647,69.278,14.2221,1.254
3916,3/10/2026 8:30,14.768,69.278,14.2217,1.263
3917,3/10/2026 8:45,14.7647,69.278,14.2205,1.258
3918,3/10/2026 9:00,14.7669,69.449,14.2275,1.247
3919,3/10/2026 9:15,14.7754,69.449,14.2344,1.25
3920,3/10/2026 9:30,14.7737,69.449,14.2307,1.255
3921,3/10/2026 9:45,14.7759,69.622,14.2327,1.255
3922,3/10/2026 10:00,14.7796,69.793,14.2373,1.253
3923,3/10/2026 10:15,14.7801,69.964,14.2333,1.264
3924,3/10/2026 10:30,14.7767,69.964,14.2353,1.251
3925,3/10/2026 10:45,14.7737,70.137,14.2366,1.241
3926,3/10/2026 11:00,14.773,70.48,14.2347,1.244
3927,3/10/2026 11:15,14.7721,70.824,14.236,1.239
3928,3/10/2026 11:30,14.7692,70.995,14.2336,1.238
3929,3/10/2026 11:45,14.7661,71.168,14.2336,1.231
3930,3/10/2026 12:00,14.765,71.339,14.2307,1.235
3931,3/10/2026 12:15,14.7654,71.512,14.2298,1.238
3932,3/10/2026 12:30,14.763,71.856,14.2275,1.238
3933,3/10/2026 12:45,14.7599,72.028,14.2266,1.233
3934,3/10/2026 13:00,14.7608,72.372,14.2231,1.243
3935,3/10/2026 13:15,14.7544,72.545,14.2201,1.235
3936,3/10/2026 13:30,14.7515,72.718,14.2166,1.237
3937,3/10/2026 13:45,14.7486,72.891,14.2099,1.246
3938,3/10/2026 14:00,14.7438,73.062,14.208,1.239
3939,3/10/2026 14:15,14.746,73.234,14.2091,1.242
3940,3/10/2026 14:30,14.7413,73.407,14.2054,1.239
3941,3/10/2026 14:45,14.7418,73.58,14.2034,1.245
3942,3/10/2026 15:00,14.7418,73.58,14.2054,1.24
3943,3/10/2026 15:15,14.7418,73.58,14.2024,1.247
3944,3/10/2026 15:30,14.738,73.407,14.2024,1.239
3945,3/10/2026 15:45,14.7396,73.407,14.2079,1.229
3946,3/10/2026 16:00,14.7392,73.234,14.2025,1.241
3947,3/10/2026 16:15,14.7409,73.234,14.2067,1.235
3948,3/10/2026 16:30,14.7405,73.062,14.2063,1.235
3949,3/10/2026 16:45,14.74,72.891,14.2082,1.23
3950,3/10/2026 17:00,14.74,72.891,14.2078,1.231
3951,3/10/2026 17:15,14.7412,72.718,14.2082,1.232
3952,3/10/2026 17:30,14.7447,72.718,14.2102,1.236
3953,3/10/2026 17:45,14.7464,72.718,14.2107,1.239
3954,3/10/2026 18:00,14.7464,72.718,14.2105,1.239
3955,3/10/2026 18:15,14.7476,72.545,14.2125,1.237
3956,3/10/2026 18:30,14.7511,72.545,14.2131,1.244
3957,3/10/2026 18:45,14.7476,72.545,14.213,1.236
3958,3/10/2026 19:00,14.7511,72.545,14.212,1.246
3959,3/10/2026 19:15,14.7596,72.545,14.2109,1.269
3960,3/10/2026 19:30,14.7899,72.372,14.2131,1.334
3961,3/10/2026 19:45,14.8137,72.372,14.2151,1.384
3962,3/10/2026 20:00,14.8359,72.372,14.2173,1.43
3963,3/10/2026 20:15,14.8355,72.199,14.217,1.43
3964,3/10/2026 20:30,14.8337,72.199,14.2136,1.434
3965,3/10/2026 20:45,14.835,72.028,14.2163,1.43
3966,3/10/2026 21:00,14.8397,71.856,14.2199,1.433
3967,3/10/2026 21:15,14.8397,71.856,14.2234,1.425
3968,3/10/2026 21:30,14.841,71.683,14.2215,1.432
3969,3/10/2026 21:45,14.8337,71.512,14.2172,1.425
3970,3/10/2026 22:00,14.8355,71.512,14.2176,1.428
3971,3/10/2026 22:15,14.8355,71.512,14.2224,1.417
3972,3/10/2026 22:30,14.8349,71.339,14.2234,1.414
3973,3/10/2026 22:45,14.8366,71.339,14.2253,1.413
3974,3/10/2026 23:00,14.8366,71.339,14.2246,1.415
3975,3/10/2026 23:15,14.8327,71.168,14.2256,1.403
3976,3/10/2026 23:30,14.8327,71.168,14.2228,1.41
3977,3/10/2026 23:45,14.8345,71.168,14.2253,1.408
3978,3/11/2026 0:00,14.8345,71.168,14.2231,1.413
3979,3/11/2026 0:15,14.8307,70.995,14.224,1.402
3980,3/11/2026 0:30,14.8307,70.995,14.2204,1.411
3981,3/11/2026 0:45,14.8272,70.995,14.2162,1.413
3982,3/11/2026 1:00,14.8239,70.995,14.217,1.403
3983,3/11/2026 1:15,14.8221,70.995,14.2179,1.397
3984,3/11/2026 1:30,14.8217,70.824,14.2143,1.404
3985,3/11/2026 1:45,14.8233,70.824,14.2137,1.409
3986,3/11/2026 2:00,14.8233,70.824,14.2146,1.407
3987,3/11/2026 2:15,14.8217,70.824,14.214,1.405
3988,3/11/2026 2:30,14.8233,70.824,14.2125,1.412
3989,3/11/2026 2:45,14.8246,70.651,14.2165,1.406
3990,3/11/2026 3:00,14.8195,70.651,14.2098,1.409
3991,3/11/2026 3:15,14.8213,70.651,14.2082,1.417
3992,3/11/2026 3:30,14.8213,70.651,14.2137,1.404
3993,3/11/2026 3:45,14.8224,70.48,14.2169,1.4
3994,3/11/2026 4:00,14.8242,70.48,14.2224,1.391
3995,3/11/2026 4:15,14.8292,70.48,14.2186,1.411
3996,3/11/2026 4:30,14.8327,70.48,14.2196,1.417
3997,3/11/2026 4:45,14.8339,70.308,14.2221,1.414
3998,3/11/2026 5:00,14.8408,70.308,14.2215,1.432
3999,3/11/2026 5:15,14.8424,70.308,14.226,1.425
4000,3/11/2026 5:30,14.851,70.308,14.227,1.442
4001,3/11/2026 5:45,14.8556,70.137,14.2279,1.451
4002,3/11/2026 6:00,14.8609,70.137,14.231,1.456
4003,3/11/2026 6:15,14.8642,70.137,14.2289,1.468
4004,3/11/2026 6:30,14.8677,70.137,14.2273,1.48
4005,3/11/2026 6:45,14.8659,70.137,14.2328,1.463
4006,3/11/2026 7:00,14.8694,70.137,14.2298,1.478
4007,3/11/2026 7:15,14.8677,70.137,14.2314,1.471
4008,3/11/2026 7:30,14.8741,69.964,14.2344,1.478
4009,3/11/2026 7:45,14.8758,69.964,14.2369,1.477
4010,3/11/2026 8:00,14.8791,69.964,14.2415,1.474
4011,3/11/2026 8:15,14.8809,69.964,14.2436,1.473
4012,3/11/2026 8:30,14.8809,69.964,14.2498,1.459
4013,3/11/2026 8:45,14.8826,69.964,14.2473,1.468
4014,3/11/2026 9:00,14.8842,69.964,14.2518,1.462
4015,3/11/2026 9:15,14.8859,69.964,14.2524,1.464
4016,3/11/2026 9:30,14.8778,70.137,14.2444,1.464
4017,3/11/2026 9:45,14.871,70.137,14.2426,1.453
4018,3/11/2026 10:00,14.8694,70.137,14.2392,1.457
4019,3/11/2026 10:15,14.8609,70.137,14.2365,1.443
4020,3/11/2026 10:30,14.8613,70.308,14.2352,1.447
4021,3/11/2026 10:45,14.8527,70.308,14.2339,1.43
4022,3/11/2026 11:00,14.8527,70.308,14.2281,1.444
4023,3/11/2026 11:15,14.8481,70.48,14.2283,1.433
4024,3/11/2026 11:30,14.8468,70.651,14.2231,1.442
4025,3/11/2026 11:45,14.8421,70.824,14.2194,1.44
4026,3/11/2026 12:00,14.8387,70.824,14.221,1.428
4027,3/11/2026 12:15,14.8345,71.168,14.2199,1.421
4028,3/11/2026 12:30,14.832,71.512,14.2114,1.435
4029,3/11/2026 12:45,15.0646,71.683,14.2066,1.984
4030,3/11/2026 13:00,15.0539,71.512,14.1975,1.98
4031,3/11/2026 13:15,15.0253,71.683,14.1975,1.914
4032,3/11/2026 13:30,14.9998,71.683,14.196,1.858
4033,3/11/2026 13:45,14.9831,71.856,14.1893,1.835
4034,3/11/2026 14:00,14.9734,72.028,14.1915,1.808
4035,3/11/2026 14:15,14.9704,72.199,14.1993,1.783
4036,3/11/2026 14:30,14.9692,72.372,14.198,1.783
4037,3/11/2026 14:45,14.9662,72.545,14.1931,1.787
4038,3/11/2026 15:00,14.9598,72.718,14.1931,1.773
4039,3/11/2026 15:15,14.9619,72.891,14.1922,1.78
4040,3/11/2026 15:30,14.9586,72.891,14.187,1.784
4041,3/11/2026 15:45,14.9535,72.891,14.1872,1.772
4042,3/11/2026 16:00,14.9569,72.891,14.1919,1.769
4043,3/11/2026 16:15,14.9569,72.891,14.1931,1.766
4044,3/11/2026 16:30,14.9586,72.891,14.1979,1.759
4045,3/11/2026 16:45,14.9619,72.891,14.2012,1.759
4046,3/11/2026 17:00,14.965,72.718,14.203,1.762
4047,3/11/2026 17:15,14.965,72.718,14.2064,1.754
4048,3/11/2026 17:30,14.965,72.718,14.2085,1.749
4049,3/11/2026 17:45,14.9683,72.718,14.2153,1.741
4050,3/11/2026 18:00,14.9751,72.718,14.2159,1.756
4051,3/11/2026 18:15,14.9701,72.718,14.2173,1.74
4052,3/11/2026 18:30,14.9683,72.718,14.2188,1.733
4053,3/11/2026 18:45,14.9683,72.718,14.2162,1.739
4054,3/11/2026 19:00,14.973,72.545,14.2198,1.741
4055,3/11/2026 19:15,14.973,72.545,14.2234,1.733
4056,3/11/2026 19:30,14.9714,72.545,14.2208,1.735
4057,3/11/2026 19:45,14.9747,72.545,14.2244,1.735
4058,3/11/2026 20:00,14.9778,72.372,14.2272,1.735
4059,3/11/2026 20:15,14.9794,72.372,14.2292,1.734
4060,3/11/2026 20:30,14.9828,72.372,14.2311,1.738
4061,3/11/2026 20:45,14.9857,72.199,14.2339,1.738
4062,3/11/2026 21:00,14.9875,72.199,14.2388,1.731
4063,3/11/2026 21:15,14.9857,72.199,14.2437,1.716
4064,3/11/2026 21:30,14.9888,72.028,14.244,1.722
4065,3/11/2026 21:45,14.987,72.028,14.2458,1.714
4066,3/11/2026 22:00,14.9883,71.856,14.243,1.723
4067,3/11/2026 22:15,14.9899,71.856,14.2433,1.726
4068,3/11/2026 22:30,14.993,71.683,14.2452,1.729
4069,3/11/2026 22:45,14.9947,71.683,14.2485,1.725
4070,3/11/2026 23:00,14.9926,71.512,14.2479,1.721
4071,3/11/2026 23:15,14.9972,71.339,14.2452,1.738
4072,3/11/2026 23:30,14.9955,71.339,14.2471,1.73
4073,3/11/2026 23:45,14.9915,71.168,14.2443,1.727
4074,3/12/2026 0:00,14.9928,70.995,14.2421,1.735
4075,3/12/2026 0:15,14.9894,70.995,14.241,1.73
4076,3/12/2026 0:30,14.9856,70.824,14.2341,1.737
4077,3/12/2026 0:45,14.9817,70.651,14.235,1.726
4078,3/12/2026 1:00,14.9799,70.651,14.2382,1.715
4079,3/12/2026 1:15,14.9762,70.48,14.233,1.718
4080,3/12/2026 1:30,14.9705,70.308,14.2292,1.713
4081,3/12/2026 1:45,14.9688,70.308,14.2256,1.718
4082,3/12/2026 2:00,14.9666,70.137,14.2302,1.702
4083,3/12/2026 2:15,14.965,70.137,14.2234,1.714
4084,3/12/2026 2:30,14.9628,69.964,14.2234,1.709
4085,3/12/2026 2:45,14.9593,69.964,14.2198,1.709
4086,3/12/2026 3:00,14.9556,69.793,14.2182,1.704
4087,3/12/2026 3:15,14.9589,69.793,14.2192,1.71
4088,3/12/2026 3:30,14.9602,69.622,14.2186,1.714
4089,3/12/2026 3:45,14.9567,69.622,14.2149,1.715
4090,3/12/2026 4:00,14.9546,69.449,14.2143,1.711
4091,3/12/2026 4:15,14.9598,69.449,14.2173,1.716
4092,3/12/2026 4:30,14.9627,69.278,14.2198,1.717
4093,3/12/2026 4:45,14.9627,69.278,14.2192,1.718
4094,3/12/2026 5:00,14.9657,69.107,14.2202,1.723
4095,3/12/2026 5:15,14.9657,69.107,14.2233,1.716
4096,3/12/2026 5:30,14.9669,68.934,14.2241,1.717
4097,3/12/2026 5:45,14.9669,68.934,14.2252,1.714
4098,3/12/2026 6:00,14.9669,68.934,14.2266,1.711
4099,3/12/2026 6:15,14.975,68.763,14.2352,1.71
4100,3/12/2026 6:30,14.9733,68.763,14.2368,1.702
4101,3/12/2026 6:45,14.975,68.763,14.2368,1.706
4102,3/12/2026 7:00,14.9763,68.592,14.2429,1.695
4103,3/12/2026 7:15,14.9831,68.592,14.2444,1.707
4104,3/12/2026 7:30,14.9831,68.592,14.2521,1.689
4105,3/12/2026 7:45,14.9831,68.592,14.2491,1.696
4106,3/12/2026 8:00,14.9865,68.592,14.2552,1.69
4107,3/12/2026 8:15,14.9847,68.592,14.2582,1.679
4108,3/12/2026 8:30,14.9878,68.421,14.2582,1.686
4109,3/12/2026 8:45,14.9878,68.421,14.2536,1.697
4110,3/12/2026 9:00,14.9878,68.421,14.2629,1.675
4111,3/12/2026 9:15,14.9928,68.421,14.2695,1.671
4112,3/12/2026 9:30,15.01,68.421,14.2788,1.69
4113,3/12/2026 9:45,14.9997,68.421,14.2726,1.68
4114,3/12/2026 10:00,15.01,68.421,14.2772,1.693
4115,3/12/2026 10:15,15.0065,68.421,14.2778,1.684
4116,3/12/2026 10:30,15.01,68.421,14.2778,1.692
4117,3/12/2026 10:45,15.01,68.421,14.2784,1.691
4118,3/12/2026 11:00,15.0117,68.421,14.2745,1.704
4119,3/12/2026 11:15,15.0121,68.592,14.272,1.71
4120,3/12/2026 11:30,15.0104,68.592,14.2649,1.723
4121,3/12/2026 11:45,15.0091,68.763,14.264,1.722
4122,3/12/2026 12:00,15.0057,68.763,14.2636,1.715
4123,3/12/2026 12:15,15.0108,68.763,14.2627,1.729
4124,3/12/2026 12:30,15.0159,68.763,14.2649,1.736
4125,3/12/2026 12:45,15.0194,68.763,14.2627,1.749
4126,3/12/2026 13:00,15.0245,68.763,14.255,1.778
4127,3/12/2026 13:15,15.0317,68.934,14.2495,1.808
4128,3/12/2026 13:30,15.0387,68.934,14.244,1.837
4129,3/12/2026 13:45,15.0455,68.934,14.2407,1.86
4130,3/12/2026 14:00,15.0506,68.934,14.2388,1.876
4131,3/12/2026 14:15,15.0596,69.107,14.2391,1.896
4132,3/12/2026 14:30,15.0629,69.107,14.2341,1.915
4133,3/12/2026 14:45,15.0668,69.278,14.227,1.941
4134,3/12/2026 15:00,15.0668,69.278,14.2268,1.942
4135,3/12/2026 15:15,15.0651,69.278,14.2212,1.95
4136,3/12/2026 15:30,15.0686,69.278,14.2188,1.964
4137,3/12/2026 15:45,15.0793,69.449,14.2286,1.966
4138,3/12/2026 16:00,15.0741,69.449,14.2215,1.97
4139,3/12/2026 16:15,15.0793,69.449,14.2176,1.991
4140,3/12/2026 16:30,15.0725,69.449,14.2053,2.004
4141,3/12/2026 16:45,15.078,69.622,14.2064,2.014
4142,3/12/2026 17:00,15.0762,69.622,14.2078,2.007
4143,3/12/2026 17:15,15.0951,69.622,14.2185,2.026
4144,3/12/2026 17:30,15.0984,69.622,14.2194,2.032
4145,3/12/2026 17:45,15.0951,69.622,14.2279,2.004
4146,3/12/2026 18:00,15.0951,69.622,14.2268,2.007
4147,3/12/2026 18:15,15.0934,69.622,14.2286,1.999
4148,3/12/2026 18:30,15.0929,69.449,14.2218,2.013
4149,3/12/2026 18:45,15.0894,69.449,14.2268,1.994
4150,3/12/2026 19:00,15.0894,69.449,14.2301,1.986
4151,3/12/2026 19:15,15.089,69.278,14.2243,1.998
4152,3/12/2026 19:30,15.0839,69.278,14.2308,1.972
4153,3/12/2026 19:45,15.0857,69.278,14.2295,1.979
4154,3/12/2026 20:00,15.0868,69.107,14.232,1.976
4155,3/12/2026 20:15,15.0919,69.107,14.2369,1.976
4156,3/12/2026 20:30,15.0936,69.107,14.2363,1.981
4157,3/12/2026 20:45,15.0932,68.934,14.2388,1.975
4158,3/12/2026 21:00,15.0899,68.934,14.2443,1.954
4159,3/12/2026 21:15,15.0932,68.934,14.2453,1.96
4160,3/12/2026 21:30,15.091,68.763,14.2437,1.958
4161,3/12/2026 21:45,15.0928,68.763,14.2492,1.949
4162,3/12/2026 22:00,15.0928,68.763,14.2456,1.958
4163,3/12/2026 22:15,15.0945,68.763,14.2495,1.953
4164,3/12/2026 22:30,15.0957,68.592,14.2429,1.971
4165,3/12/2026 22:45,15.0855,68.592,14.2346,1.966
4166,3/12/2026 23:00,15.082,68.592,14.2346,1.958
4167,3/12/2026 23:15,15.0765,68.421,14.2263,1.965
4168,3/12/2026 23:30,15.073,68.421,14.2227,1.965
4169,3/12/2026 23:45,15.068,68.421,14.2112,1.98
4170,3/13/2026 0:00,15.0577,68.421,14.2076,1.964
4171,3/13/2026 0:15,15.0487,68.248,14.204,1.952
4172,3/13/2026 0:30,15.0385,68.248,14.1927,1.955
4173,3/13/2026 0:45,15.0385,68.248,14.1951,1.949
4174,3/13/2026 1:00,15.0329,68.077,14.1915,1.944
4175,3/13/2026 1:15,15.0313,68.077,14.1908,1.942
4176,3/13/2026 1:30,15.0329,68.077,14.1924,1.942
4177,3/13/2026 1:45,15.0261,68.077,14.1857,1.942
4178,3/13/2026 2:00,15.0223,67.906,14.1857,1.933
4179,3/13/2026 2:15,15.0171,67.906,14.1851,1.922
4180,3/13/2026 2:30,15.012,67.906,14.1819,1.918
4181,3/13/2026 2:45,15.0155,67.906,14.1835,1.922
4182,3/13/2026 3:00,15.0116,67.735,14.1819,1.917
4183,3/13/2026 3:15,15.0098,67.735,14.1799,1.918
4184,3/13/2026 3:30,15.003,67.735,14.1769,1.909
4185,3/13/2026 3:45,14.9997,67.735,14.1753,1.905
4186,3/13/2026 4:00,14.9979,67.735,14.1737,1.905
4187,3/13/2026 4:15,14.9944,67.735,14.1737,1.897
4188,3/13/2026 4:30,14.9876,67.735,14.1676,1.895
4189,3/13/2026 4:45,14.9825,67.735,14.1645,1.89
4190,3/13/2026 5:00,14.9786,67.564,14.1631,1.884
4191,3/13/2026 5:15,14.9838,67.564,14.1731,1.873
4192,3/13/2026 5:30,14.9838,67.564,14.1716,1.877
4193,3/13/2026 5:45,14.9804,67.564,14.1655,1.883
4194,3/13/2026 6:00,14.9854,67.564,14.1747,1.873
4195,3/13/2026 6:15,14.9838,67.564,14.1731,1.873
4196,3/13/2026 6:30,14.9872,67.564,14.1808,1.863
4197,3/13/2026 6:45,14.994,67.564,14.1854,1.868
4198,3/13/2026 7:00,14.9975,67.564,14.1854,1.876
4199,3/13/2026 7:15,14.994,67.564,14.1879,1.863
4200,3/13/2026 7:30,14.9957,67.564,14.1832,1.877
4201,3/13/2026 7:45,14.9957,67.564,14.1832,1.877
4202,3/13/2026 8:00,14.9975,67.564,14.1863,1.874
4203,3/13/2026 8:15,15.0008,67.564,14.194,1.864
4204,3/13/2026 8:30,15.0026,67.564,14.194,1.868
4205,3/13/2026 8:45,15.0043,67.564,14.1956,1.869
4206,3/13/2026 9:00,15.0111,67.564,14.2022,1.869
4207,3/13/2026 9:15,15.0129,67.564,14.2022,1.873
4208,3/13/2026 9:30,15.0179,67.564,14.2083,1.871
4209,3/13/2026 9:45,15.0197,67.564,14.2083,1.875
4210,3/13/2026 10:00,15.0145,67.564,14.1844,1.918
4211,3/13/2026 10:15,15.0076,67.564,14.1774,1.918
4212,3/13/2026 10:30,15.006,67.564,14.1667,1.939
4213,3/13/2026 10:45,15.0076,67.564,14.1719,1.931
4214,3/13/2026 11:00,15.0076,67.564,14.1596,1.96
4215,3/13/2026 11:15,15.0333,67.564,14.1654,2.005
4216,3/13/2026 11:30,15.0474,67.735,14.1574,2.056
4217,3/13/2026 11:45,15.0645,67.735,14.1577,2.095
4218,3/13/2026 12:00,15.0922,67.906,14.1518,2.173
4219,3/13/2026 12:15,15.1401,67.906,14.1506,2.286
4220,3/13/2026 12:30,15.1588,67.906,14.141,2.352
4221,3/13/2026 12:45,15.166,68.077,14.1351,2.382
4222,3/13/2026 13:00,15.1678,68.077,14.1326,2.392
4223,3/13/2026 13:15,15.149,68.077,14.1257,2.365
4224,3/13/2026 13:30,15.1528,68.248,14.137,2.347
4225,3/13/2026 13:45,15.1409,68.248,14.1262,2.345
4226,3/13/2026 14:00,15.1273,68.248,14.1201,2.327
4227,3/13/2026 14:15,15.1119,68.248,14.1045,2.328
4228,3/13/2026 14:30,15.1038,68.421,14.1032,2.312
4229,3/13/2026 14:45,15.1021,68.421,14.1065,2.301
4230,3/13/2026 15:00,15.1106,68.421,14.1022,2.33
4231,3/13/2026 15:15,15.1055,68.421,14.1212,2.275
4232,3/13/2026 15:30,15.1021,68.421,14.1126,2.287
4233,3/13/2026 15:45,15.0936,68.421,14.1081,2.277
4234,3/13/2026 16:00,15.1005,68.421,14.1233,2.258
4235,3/13/2026 16:15,15.1106,68.421,14.1268,2.273
4236,3/13/2026 16:30,15.1073,68.421,14.1164,2.29
4237,3/13/2026 16:45,15.1021,68.421,14.1167,2.277
4238,3/13/2026 17:00,15.1141,68.421,14.1293,2.276
4239,3/13/2026 17:15,15.1158,68.421,14.1362,2.264
4240,3/13/2026 17:30,15.1221,68.248,14.1428,2.263
4241,3/13/2026 17:45,15.1374,68.248,14.1477,2.287
4242,3/13/2026 18:00,15.1358,68.248,14.1579,2.26
4243,3/13/2026 18:15,15.1682,68.248,14.1573,2.336
4244,3/13/2026 18:30,15.1853,68.248,14.1545,2.382
4245,3/13/2026 18:45,15.2046,68.421,14.1463,2.446
4246,3/13/2026 19:00,15.2438,68.421,14.1441,2.541
4247,3/13/2026 19:15,15.3171,68.421,14.1557,2.684
4248,3/13/2026 19:30,15.4384,68.421,14.1551,2.966
4249,3/13/2026 19:45,15.5357,68.421,14.1628,3.173
4250,3/13/2026 20:00,15.6342,68.248,14.1606,3.405
4251,3/13/2026 20:15,15.6905,68.248,14.1637,3.528
4252,3/13/2026 20:30,15.7673,68.248,14.1693,3.693
4253,3/13/2026 20:45,15.7861,68.248,14.1661,3.743
4254,3/13/2026 21:00,15.8049,68.248,14.1548,3.813
4255,3/13/2026 21:15,15.871,68.077,14.1542,3.967
4256,3/13/2026 21:30,15.917,68.077,14.1512,4.081
4257,3/13/2026 21:45,15.9546,68.077,14.1537,4.162
4258,3/13/2026 22:00,15.9086,68.077,14.1415,4.084
4259,3/13/2026 22:15,15.9376,68.077,14.1476,4.137
4260,3/13/2026 22:30,15.9746,67.906,14.1592,4.195
4261,3/13/2026 22:45,15.9814,67.906,14.1484,4.236
4262,3/13/2026 23:00,15.9644,67.906,14.15,4.193
4263,3/13/2026 23:15,15.952,67.735,14.1407,4.185
4264,3/13/2026 23:30,15.8786,67.735,14.1347,4.03
4265,3/13/2026 23:45,15.9105,67.564,14.1393,4.093
4266,3/14/2026 0:00,15.8525,67.564,14.1347,3.969
4267,3/14/2026 0:15,15.861,67.564,14.1332,3.992
4268,3/14/2026 0:30,15.8248,67.392,14.1277,3.921
4269,3/14/2026 0:45,15.8213,67.392,14.1291,3.91
4270,3/14/2026 1:00,15.8413,67.221,14.1322,3.949
4271,3/14/2026 1:15,15.8362,67.221,14.12,3.966
4272,3/14/2026 1:30,15.8022,67.221,14.12,3.887
4273,3/14/2026 1:45,15.7642,67.05,14.1148,3.811
4274,3/14/2026 2:00,15.7556,67.05,14.1025,3.82
4275,3/14/2026 2:15,15.7556,67.05,14.101,3.823
4276,3/14/2026 2:30,15.7346,66.879,14.1056,3.764
4277,3/14/2026 2:45,15.7517,66.879,14.101,3.814
4278,3/14/2026 3:00,15.7517,66.879,14.0964,3.825
4279,3/14/2026 3:15,15.6954,66.879,14.0903,3.709
4280,3/14/2026 3:30,15.6937,66.879,14.0917,3.701
4281,3/14/2026 3:45,15.68,66.879,14.0927,3.667
4282,3/14/2026 4:00,15.6783,66.879,14.0911,3.667
4283,3/14/2026 4:15,15.6425,66.879,14.0881,3.591
4284,3/14/2026 4:30,15.671,66.708,14.0994,3.631
4285,3/14/2026 4:45,15.659,66.708,14.0933,3.617
4286,3/14/2026 5:00,15.6232,66.708,14.0974,3.525
4287,3/14/2026 5:15,15.6181,66.708,14.0958,3.517
4288,3/14/2026 5:30,15.5942,66.708,14.0988,3.455
4289,3/14/2026 5:45,15.6027,66.708,14.1049,3.461
4290,3/14/2026 6:00,15.584,66.708,14.1112,3.403
4291,3/14/2026 6:15,15.5926,66.708,14.1112,3.423
4292,3/14/2026 6:30,15.6095,66.708,14.1162,3.45
4293,3/14/2026 6:45,15.584,66.708,14.1132,3.398
4294,3/14/2026 7:00,15.5976,66.708,14.1123,3.432
4295,3/14/2026 7:15,15.5942,66.708,14.1154,3.417
4296,3/14/2026 7:30,15.584,66.708,14.117,3.39
4297,3/14/2026 7:45,15.5737,66.708,14.1267,3.343
4298,3/14/2026 8:00,15.5878,66.879,14.1242,3.382
4299,3/14/2026 8:15,15.6016,66.879,14.1349,3.389
4300,3/14/2026 8:30,15.5895,66.879,14.1396,3.35
4301,3/14/2026 8:45,15.5998,66.879,14.1405,3.372
4302,3/14/2026 9:00,15.61,66.879,14.142,3.392
4303,3/14/2026 9:15,15.6071,67.05,14.1465,3.375
4304,3/14/2026 9:30,15.6293,67.05,14.1405,3.44
4305,3/14/2026 9:45,15.6433,67.221,14.1365,3.482
4306,3/14/2026 10:00,15.6677,67.392,14.1367,3.538
4307,3/14/2026 10:15,15.6734,67.564,14.1386,3.546
4308,3/14/2026 10:30,15.6857,67.735,14.1358,3.581
4309,3/14/2026 10:45,15.7357,67.906,14.1431,3.68
4310,3/14/2026 11:00,15.7681,67.906,14.1477,3.744
4311,3/14/2026 11:15,15.7549,68.077,14.137,3.739
4312,3/14/2026 11:30,15.7533,68.077,14.1293,3.753
4313,3/14/2026 11:45,15.7792,68.248,14.1274,3.817
4314,3/14/2026 12:00,15.8365,68.592,14.1265,3.952
4315,3/14/2026 12:15,15.8916,68.763,14.1262,4.08
4316,3/14/2026 12:30,15.9911,68.934,14.1244,4.314
4317,3/14/2026 12:45,16.0052,69.107,14.1188,4.36
4318,3/14/2026 13:00,15.9726,69.622,14.1112,4.302
4319,3/14/2026 13:15,15.9012,69.793,14.1035,4.155
4320,3/14/2026 13:30,15.961,69.793,14.1071,4.285
4321,3/14/2026 13:45,15.9188,69.964,14.098,4.209
4322,3/14/2026 14:00,15.8352,69.964,14.0919,4.029
4323,3/14/2026 14:15,15.8869,70.137,14.0961,4.139
4324,3/14/2026 14:30,15.8703,70.308,14.1019,4.088
4325,3/14/2026 14:45,15.79,70.308,14.089,3.932
4326,3/14/2026 15:00,15.8481,70.308,14.0845,4.077
4327,3/14/2026 15:15,15.8106,70.308,14.0848,3.989
4328,3/14/2026 15:30,15.7781,70.308,14.0811,3.922
4329,3/14/2026 15:45,15.7878,70.137,14.0829,3.941
4330,3/14/2026 16:00,15.752,70.137,14.0808,3.863
4331,3/14/2026 16:15,15.728,70.137,14.0787,3.812
4332,3/14/2026 16:30,15.7179,70.137,14.0827,3.779
4333,3/14/2026 16:45,15.7247,70.137,14.0806,3.8
4334,3/14/2026 17:00,15.7588,70.137,14.1045,3.824
4335,3/14/2026 17:15,15.752,70.137,14.1109,3.793
4336,3/14/2026 17:30,15.7755,69.964,14.1133,3.842
4337,3/14/2026 17:45,15.8027,69.964,14.1174,3.895
4338,3/14/2026 18:00,15.859,69.964,14.1174,4.025
4339,3/14/2026 18:15,15.924,69.964,14.1229,4.163
4340,3/14/2026 18:30,15.9218,69.793,14.1254,4.152
4341,3/14/2026 18:45,15.9644,69.793,14.1315,4.237
4342,3/14/2026 19:00,15.9691,69.622,14.1293,4.252
4343,3/14/2026 19:15,15.9742,69.622,14.1349,4.251
4344,3/14/2026 19:30,15.9482,69.449,14.1389,4.182
4345,3/14/2026 19:45,15.9225,69.449,14.1429,4.113
4346,3/14/2026 20:00,15.8879,69.278,14.1377,4.045
4347,3/14/2026 20:15,15.8555,69.278,14.1454,3.952
4348,3/14/2026 20:30,15.8687,69.107,14.1479,3.977
4349,3/14/2026 20:45,15.8892,69.107,14.1509,4.017
4350,3/14/2026 21:00,15.8477,68.934,14.1595,3.902
4351,3/14/2026 21:15,15.7978,68.763,14.1595,3.786
4352,3/14/2026 21:30,15.8319,68.763,14.1573,3.87
4353,3/14/2026 21:45,15.7785,68.592,14.1567,3.748
4354,3/14/2026 22:00,15.7785,68.592,14.1613,3.737
4355,3/14/2026 22:15,15.811,68.592,14.1613,3.812
4356,3/14/2026 22:30,15.7763,68.421,14.1628,3.729
4357,3/14/2026 22:45,15.7934,68.421,14.1638,3.766
4358,3/14/2026 23:00,15.7524,68.421,14.1653,3.668
4359,3/14/2026 23:15,15.7541,68.421,14.1622,3.679
4360,3/14/2026 23:30,15.757,68.248,14.1561,3.7
4361,3/14/2026 23:45,15.7554,68.248,14.1561,3.696
4362,3/15/2026 0:00,15.7502,68.248,14.1531,3.691
4363,3/15/2026 0:15,15.7481,68.077,14.1531,3.686
4364,3/15/2026 0:30,15.7566,68.077,14.1522,3.708
4365,3/15/2026 0:45,15.7243,68.077,14.1515,3.634
4366,3/15/2026 1:00,15.7443,67.906,14.15,3.684
4367,3/15/2026 1:15,15.7527,67.906,14.1509,3.701
4368,3/15/2026 1:30,15.7289,67.906,14.1464,3.657
4369,3/15/2026 1:45,15.7613,67.906,14.1381,3.751
4370,3/15/2026 2:00,15.7233,67.735,14.136,3.668
4371,3/15/2026 2:15,15.7523,67.735,14.1368,3.733
4372,3/15/2026 2:30,15.7676,67.735,14.14,3.761
4373,3/15/2026 2:45,15.7723,67.564,14.1393,3.773
4374,3/15/2026 3:00,15.7347,67.564,14.1348,3.697
4375,3/15/2026 3:15,15.7621,67.564,14.1434,3.74
4376,3/15/2026 3:30,15.7615,67.392,14.1434,3.739
4377,3/15/2026 3:45,15.7087,67.392,14.1351,3.636
4378,3/15/2026 4:00,15.7615,67.392,14.1381,3.751
4379,3/15/2026 4:15,15.7338,67.221,14.1367,3.69
4380,3/15/2026 4:30,15.7356,67.221,14.1274,3.716
4381,3/15/2026 4:45,15.7356,67.221,14.129,3.712
4382,3/15/2026 5:00,15.6998,67.221,14.1342,3.617
4383,3/15/2026 5:15,15.6536,67.221,14.1332,3.513
4384,3/15/2026 5:30,15.7185,67.221,14.1368,3.655
4385,3/15/2026 5:45,15.7338,67.221,14.142,3.678
4386,3/15/2026 6:00,15.7248,67.05,14.1467,3.646
4387,3/15/2026 6:15,15.7027,67.05,14.1489,3.59
4388,3/15/2026 6:30,15.7009,67.05,14.155,3.572
4389,3/15/2026 6:45,15.6958,67.05,14.1596,3.55
4390,3/15/2026 7:00,15.6818,66.879,14.1602,3.516
4391,3/15/2026 7:15,15.7005,66.879,14.1586,3.563
4392,3/15/2026 7:30,15.6954,66.879,14.1622,3.542
4393,3/15/2026 7:45,15.6987,66.879,14.1638,3.546
4394,3/15/2026 8:00,15.7108,66.879,14.1674,3.566
4395,3/15/2026 8:15,15.6902,66.879,14.1666,3.52
4396,3/15/2026 8:30,15.6818,66.879,14.1702,3.493
4397,3/15/2026 8:45,15.7005,66.879,14.1744,3.526
4398,3/15/2026 9:00,15.6754,67.05,14.1802,3.455
4399,3/15/2026 9:15,15.6754,67.05,14.179,3.457
4400,3/15/2026 9:30,15.6549,67.05,14.1808,3.406
4401,3/15/2026 9:45,15.6754,67.05,14.1903,3.431
4402,3/15/2026 10:00,15.6844,67.221,14.1921,3.448
4403,3/15/2026 10:15,15.6758,67.221,14.1909,3.431
4404,3/15/2026 10:30,15.6195,67.221,14.1927,3.297
4405,3/15/2026 10:45,15.6591,67.392,14.1915,3.391
4406,3/15/2026 11:00,15.6631,67.564,14.1932,3.396
4407,3/15/2026 11:15,15.6665,67.564,14.1937,3.403
4408,3/15/2026 11:30,15.6362,67.735,14.1899,3.342
4409,3/15/2026 11:45,15.6349,67.906,14.1872,3.345
4410,3/15/2026 12:00,15.6742,67.906,14.1882,3.434
4411,3/15/2026 12:15,15.6048,68.077,14.1879,3.274
4412,3/15/2026 12:30,15.6137,68.248,14.1811,3.311
4413,3/15/2026 12:45,15.5903,68.421,14.1821,3.254
4414,3/15/2026 13:00,15.6146,68.592,14.1824,3.31
4415,3/15/2026 13:15,15.6151,68.763,14.179,3.319
4416,3/15/2026 13:30,15.5865,68.934,14.1773,3.257
4417,3/15/2026 13:45,15.5904,69.107,14.1715,3.279
4418,3/15/2026 14:00,15.6093,69.107,14.1676,3.332
4419,3/15/2026 14:15,15.5802,69.107,14.1635,3.274
4420,3/15/2026 14:30,15.5789,69.278,14.1642,3.27
4421,3/15/2026 14:45,15.5943,69.278,14.1618,3.311
4422,3/15/2026 15:00,15.5807,69.278,14.1554,3.294
4423,3/15/2026 15:15,15.5486,69.449,14.156,3.219
4424,3/15/2026 15:30,15.5662,69.622,14.1576,3.256
4425,3/15/2026 15:45,15.5662,69.622,14.1606,3.249
4426,3/15/2026 16:00,15.5628,69.622,14.1631,3.235
4427,3/15/2026 16:15,15.5765,69.622,14.1632,3.266
4428,3/15/2026 16:30,15.5525,69.622,14.161,3.216
4429,3/15/2026 16:45,15.5662,69.622,14.1666,3.235
4430,3/15/2026 17:00,15.5615,69.793,14.1676,3.222
4431,3/15/2026 17:15,15.5512,69.793,14.1731,3.185
4432,3/15/2026 17:30,15.5637,69.964,14.1789,3.201
4433,3/15/2026 17:45,15.5604,69.964,14.1838,3.182
4434,3/15/2026 18:00,15.5586,69.964,14.187,3.17
4435,3/15/2026 18:15,15.5637,69.964,14.1882,3.179
4436,3/15/2026 18:30,15.5586,69.964,14.197,3.147
4437,3/15/2026 18:45,15.5569,69.964,14.2006,3.135
4438,3/15/2026 19:00,15.554,70.137,14.2033,3.122
4439,3/15/2026 19:15,15.562,69.964,14.2046,3.137
4440,3/15/2026 19:30,15.5637,69.964,14.2079,3.134
4441,3/15/2026 19:45,15.5604,69.964,14.2091,3.123
4442,3/15/2026 20:00,15.5501,69.964,14.2118,3.093
4443,3/15/2026 20:15,15.5773,69.964,14.2151,3.148
4444,3/15/2026 20:30,15.5655,69.964,14.2176,3.115
4445,3/15/2026 20:45,15.5433,69.964,14.2179,3.063
4446,3/15/2026 21:00,15.533,69.964,14.2188,3.038
4447,3/15/2026 21:15,15.5586,69.964,14.2237,3.085
4448,3/15/2026 21:30,15.5604,69.964,14.2246,3.087
4449,3/15/2026 21:45,15.5518,69.964,14.227,3.062
4450,3/15/2026 22:00,15.5501,69.964,14.2259,3.061
4451,3/15/2026 22:15,15.5376,69.793,14.2283,3.026
4452,3/15/2026 22:30,15.5496,69.793,14.2323,3.045
4453,3/15/2026 22:45,15.5479,69.793,14.2301,3.046
4454,3/15/2026 23:00,15.5376,69.793,14.2249,3.034
4455,3/15/2026 23:15,15.5376,69.793,14.2268,3.03
4456,3/15/2026 23:30,15.524,69.793,14.2262,3
4457,3/15/2026 23:45,15.5185,69.622,14.2276,2.983
4458,3/16/2026 0:00,15.515,69.622,14.2234,2.985
4459,3/16/2026 0:15,15.5116,69.622,14.2212,2.982
4460,3/16/2026 0:30,15.5185,69.622,14.2207,3
4461,3/16/2026 0:45,15.5099,69.622,14.2207,2.98
4462,3/16/2026 1:00,15.5064,69.622,14.2154,2.984
4463,3/16/2026 1:15,15.4945,69.622,14.2124,2.963
4464,3/16/2026 1:30,15.5064,69.622,14.2133,2.989
4465,3/16/2026 1:45,15.4957,69.449,14.2141,2.962
4466,3/16/2026 2:00,15.4924,69.449,14.2157,2.951
4467,3/16/2026 2:15,15.4924,69.449,14.2151,2.952
4468,3/16/2026 2:30,15.4735,69.449,14.2136,2.912
4469,3/16/2026 2:45,15.4735,69.449,14.213,2.913
4470,3/16/2026 3:00,15.4873,69.449,14.2114,2.949
4471,3/16/2026 3:15,15.4821,69.449,14.2108,2.938
4472,3/16/2026 3:30,15.4702,69.449,14.2102,2.912
4473,3/16/2026 3:45,15.4748,69.278,14.2133,2.916
4474,3/16/2026 4:00,15.4765,69.278,14.2127,2.921
4475,3/16/2026 4:15,15.4765,69.278,14.2105,2.926
4476,3/16/2026 4:30,15.4561,69.278,14.213,2.873
4477,3/16/2026 4:45,15.4645,69.278,14.2192,2.878
4478,3/16/2026 5:00,15.468,69.278,14.2185,2.888
4479,3/16/2026 5:15,15.4715,69.278,14.2195,2.893
4480,3/16/2026 5:30,15.4709,69.107,14.2195,2.892
4481,3/16/2026 5:45,15.4693,69.107,14.222,2.883
4482,3/16/2026 6:00,15.4641,69.107,14.222,2.871
4483,3/16/2026 6:15,15.4675,69.107,14.2275,2.866
4484,3/16/2026 6:30,15.459,69.107,14.2321,2.835
4485,3/16/2026 6:45,15.4693,69.107,14.2346,2.854
4486,3/16/2026 7:00,15.4658,69.107,14.236,2.842
4487,3/16/2026 7:15,15.4744,69.107,14.2391,2.855
4488,3/16/2026 7:30,15.4693,69.107,14.2391,2.843
4489,3/16/2026 7:45,15.4675,69.107,14.2421,2.832
4490,3/16/2026 8:00,15.4658,69.107,14.2453,2.821
4491,3/16/2026 8:15,15.4675,69.107,14.2484,2.818
4492,3/16/2026 8:30,15.4709,69.107,14.2489,2.824
4493,3/16/2026 8:45,15.4731,69.278,14.2495,2.828
4494,3/16/2026 9:00,15.4783,69.278,14.2476,2.844
4495,3/16/2026 9:15,15.4715,69.278,14.2473,2.829
4496,3/16/2026 9:30,15.4616,69.449,14.2476,2.806
4497,3/16/2026 9:45,15.4684,69.449,14.2479,2.821
4498,3/16/2026 10:00,15.448,69.449,14.2468,2.776
4499,3/16/2026 10:15,15.4484,69.622,14.2446,2.782
4500,3/16/2026 10:30,15.4451,69.622,14.243,2.778
4501,3/16/2026 10:45,15.4455,69.793,14.246,2.772
4502,3/16/2026 11:00,15.4459,69.964,14.2468,2.772
4503,3/16/2026 11:15,15.4477,69.964,14.2443,2.781
4504,3/16/2026 11:30,15.4378,70.137,14.2429,2.762
4505,3/16/2026 11:45,15.4396,70.137,14.2389,2.775
4506,3/16/2026 12:00,15.4349,70.308,14.2352,2.773
4507,3/16/2026 12:15,15.4281,70.308,14.2411,2.744
4508,3/16/2026 12:30,15.4367,70.308,14.2397,2.767
4509,3/16/2026 12:45,15.4332,70.308,14.237,2.765
4510,3/16/2026 13:00,15.4332,70.308,14.2344,2.771
4511,3/16/2026 13:15,15.4259,70.137,14.232,2.76
4512,3/16/2026 13:30,15.4156,70.137,14.2295,2.742
4513,3/16/2026 13:45,15.4156,70.137,14.2272,2.747
4514,3/16/2026 14:00,15.4088,70.137,14.2225,2.742
4515,3/16/2026 14:15,15.4088,70.137,14.2208,2.746
4516,3/16/2026 14:30,15.4088,70.137,14.2205,2.747
4517,3/16/2026 14:45,15.3987,70.137,14.2141,2.738
4518,3/16/2026 15:00,15.3866,70.137,14.2146,2.709
4519,3/16/2026 15:15,15.3956,70.308,14.2134,2.733
4520,3/16/2026 15:30,15.3939,70.308,14.2099,2.737
4521,3/16/2026 15:45,15.3855,70.308,14.2088,2.72
4522,3/16/2026 16:00,15.3842,70.48,14.2114,2.711
4523,3/16/2026 16:15,15.3842,70.48,14.213,2.707
4524,3/16/2026 16:30,15.3927,70.48,14.2147,2.723
4525,3/16/2026 16:45,15.3863,70.651,14.2179,2.701
4526,3/16/2026 17:00,15.3949,70.651,14.2221,2.711
4527,3/16/2026 17:15,15.3949,70.651,14.221,2.714
4528,3/16/2026 17:30,15.3881,70.651,14.223,2.693
4529,3/16/2026 17:45,15.3966,70.651,14.224,2.711
4530,3/16/2026 18:00,15.391,70.48,14.226,2.693
4531,3/16/2026 18:15,15.3995,70.48,14.2265,2.712
4532,3/16/2026 18:30,15.3945,70.48,14.2301,2.691
4533,3/16/2026 18:45,15.391,70.48,14.2305,2.682
4534,3/16/2026 19:00,15.3974,70.308,14.234,2.689
4535,3/16/2026 19:15,15.3956,70.308,14.2368,2.679
4536,3/16/2026 19:30,15.3923,70.308,14.2341,2.677
4537,3/16/2026 19:45,15.3905,70.308,14.2347,2.672
4538,3/16/2026 20:00,15.4007,70.308,14.2389,2.685
4539,3/16/2026 20:15,15.3991,70.308,14.2417,2.675
4540,3/16/2026 20:30,15.4007,70.308,14.2444,2.673
4541,3/16/2026 20:45,15.4042,70.308,14.2478,2.673
4542,3/16/2026 21:00,15.3974,70.308,14.2489,2.654
4543,3/16/2026 21:15,15.4007,70.308,14.2508,2.658
4544,3/16/2026 21:30,15.4037,70.137,14.2489,2.669
4545,3/16/2026 21:45,15.3952,70.137,14.2492,2.649
4546,3/16/2026 22:00,15.4003,70.137,14.2471,2.665
4547,3/16/2026 22:15,15.3934,70.137,14.2473,2.649
4548,3/16/2026 22:30,15.3917,70.137,14.246,2.648
4549,3/16/2026 22:45,15.3849,70.137,14.2485,2.627
4550,3/16/2026 23:00,15.3866,70.137,14.2449,2.639
4551,3/16/2026 23:15,15.3815,70.137,14.2443,2.629
4552,3/16/2026 23:30,15.3794,69.964,14.2452,2.622
4553,3/16/2026 23:45,15.3827,69.964,14.2455,2.629
4554,3/17/2026 0:00,15.3844,69.964,14.2449,2.634
4555,3/17/2026 0:15,15.3827,69.964,14.2427,2.635
4556,3/17/2026 0:30,15.3708,69.964,14.2443,2.604
4557,3/17/2026 0:45,15.3759,69.964,14.2436,2.617
4558,3/17/2026 1:00,15.3725,69.964,14.2384,2.622
4559,3/17/2026 1:15,15.3708,69.964,14.2331,2.63
4560,3/17/2026 1:30,15.3673,69.964,14.2326,2.623
4561,3/17/2026 1:45,15.3669,69.793,14.2311,2.625
4562,3/17/2026 2:00,15.3618,69.793,14.2273,2.622
4563,3/17/2026 2:15,15.3567,69.793,14.2283,2.608
4564,3/17/2026 2:30,15.355,69.793,14.2262,2.609
4565,3/17/2026 2:45,15.355,69.793,14.2256,2.61
4566,3/17/2026 3:00,15.3499,69.793,14.2256,2.599
4567,3/17/2026 3:15,15.3515,69.793,14.2265,2.6
4568,3/17/2026 3:30,15.3447,69.793,14.2218,2.595
4569,3/17/2026 3:45,15.3431,69.793,14.2212,2.593
4570,3/17/2026 4:00,15.3396,69.793,14.2228,2.581
4571,3/17/2026 4:15,15.3357,69.622,14.2191,2.581
4572,3/17/2026 4:30,15.3409,69.622,14.2176,2.596
4573,3/17/2026 4:45,15.334,69.622,14.2154,2.585
4574,3/17/2026 5:00,15.3324,69.622,14.2154,2.582
4575,3/17/2026 5:15,15.3272,69.622,14.2179,2.564
4576,3/17/2026 5:30,15.334,69.622,14.2225,2.569
4577,3/17/2026 5:45,15.334,69.622,14.2218,2.57
4578,3/17/2026 6:00,15.3357,69.622,14.2234,2.571
4579,3/17/2026 6:15,15.3443,69.622,14.2243,2.589
4580,3/17/2026 6:30,15.3335,69.449,14.2275,2.556
4581,3/17/2026 6:45,15.3404,69.449,14.2289,2.569
4582,3/17/2026 7:00,15.3404,69.449,14.2299,2.566
4583,3/17/2026 7:15,15.3388,69.449,14.2299,2.563
4584,3/17/2026 7:30,15.3456,69.449,14.236,2.564
4585,3/17/2026 7:45,15.3456,69.449,14.2369,2.562
4586,3/17/2026 8:00,15.3524,69.449,14.2385,2.574
4587,3/17/2026 8:15,15.3472,69.449,14.24,2.559
4588,3/17/2026 8:30,15.3472,69.449,14.2415,2.555
4589,3/17/2026 8:45,15.3541,69.449,14.2446,2.564
4590,3/17/2026 9:00,15.3557,69.449,14.2446,2.568
4591,3/17/2026 9:15,15.3575,69.449,14.2482,2.564
4592,3/17/2026 9:30,15.3541,69.449,14.2489,2.554
4593,3/17/2026 9:45,15.3524,69.449,14.2501,2.548
4594,3/17/2026 10:00,15.3535,69.278,14.2485,2.554
4595,3/17/2026 10:15,15.3524,69.449,14.2476,2.553
4596,3/17/2026 10:30,15.3524,69.449,14.2498,2.548
4597,3/17/2026 10:45,15.3592,69.449,14.2473,2.57
4598,3/17/2026 11:00,15.3541,69.449,14.2455,2.562
4599,3/17/2026 11:15,15.3506,69.449,14.2405,2.566
4600,3/17/2026 11:30,15.3506,69.449,14.2463,2.552
4601,3/17/2026 11:45,15.3472,69.449,14.2471,2.543
4602,3/17/2026 12:00,15.3511,69.622,14.2415,2.564
4603,3/17/2026 12:15,15.346,69.622,14.24,2.556
4604,3/17/2026 12:30,15.3493,69.622,14.2391,2.566
4605,3/17/2026 12:45,15.3477,69.622,14.235,2.572
4606,3/17/2026 13:00,15.3409,69.622,14.232,2.563
4607,3/17/2026 13:15,15.3447,69.793,14.2311,2.574
4608,3/17/2026 13:30,15.3414,69.793,14.227,2.576
4609,3/17/2026 13:45,15.3482,69.793,14.2224,2.602
4610,3/17/2026 14:00,15.3443,69.622,14.2194,2.6
4611,3/17/2026 14:15,15.3443,69.622,14.2163,2.607
4612,3/17/2026 14:30,15.3511,69.622,14.2185,2.618
4613,3/17/2026 14:45,15.3493,69.622,14.2117,2.629
4614,3/17/2026 15:00,15.3546,69.622,14.2127,2.639
4615,3/17/2026 15:15,15.3682,69.622,14.2141,2.667
4616,3/17/2026 15:30,15.3579,69.622,14.2136,2.645
4617,3/17/2026 15:45,15.3699,69.622,14.216,2.667
4618,3/17/2026 16:00,15.3768,69.622,14.2163,2.682
4619,3/17/2026 16:15,15.3847,69.449,14.2157,2.702
4620,3/17/2026 16:30,15.3882,69.449,14.213,2.716
4621,3/17/2026 16:45,15.4018,69.449,14.2154,2.742
4622,3/17/2026 17:00,15.4172,69.449,14.2188,2.77
4623,3/17/2026 17:15,15.4458,69.278,14.2182,2.837
4624,3/17/2026 17:30,15.4662,69.278,14.2176,2.886
4625,3/17/2026 17:45,15.4937,69.278,14.217,2.95
4626,3/17/2026 18:00,15.5051,69.107,14.2149,2.982
4627,3/17/2026 18:15,15.5392,69.107,14.2234,3.041
4628,3/17/2026 18:30,15.5614,69.107,14.2237,3.092
4629,3/17/2026 18:45,15.5699,69.107,14.2262,3.106
4630,3/17/2026 19:00,15.5904,69.107,14.2225,3.161
4631,3/17/2026 19:15,15.5887,69.107,14.2311,3.137
4632,3/17/2026 19:30,15.6172,68.934,14.2321,3.201
4633,3/17/2026 19:45,15.6172,68.934,14.2299,3.206
4634,3/17/2026 20:00,15.6429,68.934,14.2278,3.27
4635,3/17/2026 20:15,15.6565,68.934,14.2294,3.298
4636,3/17/2026 20:30,15.6526,68.763,14.2333,3.28
4637,3/17/2026 20:45,15.6715,68.763,14.2357,3.318
4638,3/17/2026 21:00,15.6612,68.763,14.2321,3.303
4639,3/17/2026 21:15,15.659,68.592,14.2346,3.292
4640,3/17/2026 21:30,15.6573,68.592,14.237,3.282
4641,3/17/2026 21:45,15.6761,68.592,14.2401,3.319
4642,3/17/2026 22:00,15.6761,68.592,14.2426,3.313
4643,3/17/2026 22:15,15.679,68.421,14.2404,3.325
4644,3/17/2026 22:30,15.6876,68.421,14.2481,3.327
4645,3/17/2026 22:45,15.6568,68.421,14.2429,3.268
4646,3/17/2026 23:00,15.6449,68.421,14.2414,3.243
4647,3/17/2026 23:15,15.641,68.248,14.2346,3.25
4648,3/17/2026 23:30,15.6239,68.248,14.2386,3.201
4649,3/17/2026 23:45,15.6188,68.248,14.2318,3.205
4650,3/18/2026 0:00,15.6239,68.248,14.2298,3.222
4651,3/18/2026 0:15,15.5945,68.077,14.2307,3.151
4652,3/18/2026 0:30,15.5876,68.077,14.2285,3.141
4653,3/18/2026 0:45,15.5773,68.077,14.2249,3.125
4654,3/18/2026 1:00,15.5723,68.077,14.2234,3.117
4655,3/18/2026 1:15,15.5684,67.906,14.2196,3.117
4656,3/18/2026 1:30,15.5428,67.906,14.2166,3.065
4657,3/18/2026 1:45,15.5463,67.906,14.2176,3.07
4658,3/18/2026 2:00,15.5428,67.906,14.2154,3.067
4659,3/18/2026 2:15,15.5309,67.906,14.2124,3.047
4660,3/18/2026 2:30,15.5151,67.735,14.2102,3.015
4661,3/18/2026 2:45,15.5219,67.735,14.2088,3.034
4662,3/18/2026 3:00,15.498,67.735,14.2096,2.977
4663,3/18/2026 3:15,15.5099,67.735,14.205,3.015
4664,3/18/2026 3:30,15.4963,67.735,14.2035,2.987
4665,3/18/2026 3:45,15.4895,67.735,14.2005,2.978
4666,3/18/2026 4:00,15.4822,67.564,14.2005,2.962
4667,3/18/2026 4:15,15.477,67.564,14.1989,2.953
4668,3/18/2026 4:30,15.4583,67.564,14.2005,2.906
4669,3/18/2026 4:45,15.4686,67.564,14.1967,2.939
4670,3/18/2026 5:00,15.4617,67.564,14.1999,2.916
4671,3/18/2026 5:15,15.4515,67.564,14.2044,2.882
4672,3/18/2026 5:30,15.4515,67.564,14.2085,2.872
4673,3/18/2026 5:45,15.4515,67.564,14.2099,2.869
4674,3/18/2026 6:00,15.4497,67.564,14.2131,2.857
4675,3/18/2026 6:15,15.4429,67.564,14.2192,2.828
4676,3/18/2026 6:30,15.4458,67.392,14.2237,2.824
4677,3/18/2026 6:45,15.451,67.392,14.2237,2.836
4678,3/18/2026 7:00,15.451,67.392,14.2259,2.831
4679,3/18/2026 7:15,15.4458,67.392,14.2289,2.812
4680,3/18/2026 7:30,15.4356,67.392,14.2289,2.788
4681,3/18/2026 7:45,15.4429,67.564,14.2311,2.8
4682,3/18/2026 8:00,15.4378,67.564,14.24,2.768
4683,3/18/2026 8:15,15.4258,67.564,14.2405,2.739
4684,3/18/2026 8:30,15.4378,67.564,14.2378,2.773
4685,3/18/2026 8:45,15.4378,67.564,14.2405,2.767
4686,3/18/2026 9:00,15.4365,67.735,14.2398,2.765
4687,3/18/2026 9:15,15.4297,67.735,14.234,2.763
4688,3/18/2026 9:30,15.4285,67.906,14.2407,2.745
4689,3/18/2026 9:45,15.4285,67.906,14.2321,2.765
4690,3/18/2026 10:00,15.4165,67.906,14.233,2.735
4691,3/18/2026 10:15,15.4169,68.077,14.2317,2.739
4692,3/18/2026 10:30,15.4169,68.077,14.2341,2.733
4693,3/18/2026 10:45,15.4208,68.248,14.2397,2.73
4694,3/18/2026 11:00,15.4127,68.421,14.24,2.71
4695,3/18/2026 11:15,15.4149,68.592,14.24,2.715
4696,3/18/2026 11:30,15.3984,68.763,14.2375,2.683
4697,3/18/2026 11:45,15.392,68.934,14.2378,2.667
4698,3/18/2026 12:00,15.3924,69.107,14.2339,2.678
4699,3/18/2026 12:15,15.3895,69.278,14.2395,2.658
4700,3/18/2026 12:30,15.3843,69.278,14.234,2.659
4701,3/18/2026 12:45,15.3753,69.107,14.2285,2.65
4702,3/18/2026 13:00,15.3702,69.107,14.2291,2.637
4703,3/18/2026 13:15,15.3617,69.107,14.2198,2.639
4704,3/18/2026 13:30,15.3634,69.107,14.2195,2.644
4705,3/18/2026 13:45,15.3583,69.107,14.2183,2.635
4706,3/18/2026 14:00,15.3463,69.107,14.2083,2.63
4707,3/18/2026 14:15,15.3463,69.107,14.2073,2.632
4708,3/18/2026 14:30,15.3344,69.107,14.204,2.613
4709,3/18/2026 14:45,15.3276,69.107,14.2001,2.606
4710,3/18/2026 15:00,15.328,69.278,14.2022,2.602
4711,3/18/2026 15:15,15.3245,69.278,14.1982,2.603
4712,3/18/2026 15:30,15.3263,69.278,14.2002,2.603
4713,3/18/2026 15:45,15.3263,69.278,14.2002,2.603
4714,3/18/2026 16:00,15.3263,69.278,14.202,2.599
4715,3/18/2026 16:15,15.3263,69.278,14.2025,2.597
4716,3/18/2026 16:30,15.328,69.278,14.2066,2.592
4717,3/18/2026 16:45,15.325,69.449,14.2006,2.599
4718,3/18/2026 17:00,15.3245,69.278,14.2002,2.599
4719,3/18/2026 17:15,15.3177,69.278,14.1999,2.583
4720,3/18/2026 17:30,15.3229,69.278,14.2017,2.591
4721,3/18/2026 17:45,15.3263,69.278,14.208,2.584
4722,3/18/2026 18:00,15.3298,69.278,14.2124,2.582
4723,3/18/2026 18:15,15.3331,69.278,14.215,2.584
4724,3/18/2026 18:30,15.3366,69.278,14.2172,2.587
4725,3/18/2026 18:45,15.3348,69.278,14.2183,2.58
4726,3/18/2026 19:00,15.3382,69.278,14.222,2.58
4727,3/18/2026 19:15,15.3412,69.107,14.2195,2.592
4728,3/18/2026 19:30,15.3446,69.107,14.2207,2.597
4729,3/18/2026 19:45,15.3446,69.107,14.2196,2.6
4730,3/18/2026 20:00,15.343,69.107,14.2249,2.584
4731,3/18/2026 20:15,15.3498,69.107,14.2246,2.6
4732,3/18/2026 20:30,15.343,69.107,14.2289,2.575
4733,3/18/2026 20:45,15.3531,69.107,14.2301,2.595
4734,3/18/2026 21:00,15.3531,69.107,14.2336,2.587
4735,3/18/2026 21:15,15.3617,69.107,14.2363,2.601
4736,3/18/2026 21:30,15.3646,68.934,14.2381,2.603
4737,3/18/2026 21:45,15.3681,68.934,14.2369,2.614
4738,3/18/2026 22:00,15.3681,68.934,14.2341,2.621
4739,3/18/2026 22:15,15.3731,68.934,14.235,2.63
4740,3/18/2026 22:30,15.3727,68.763,14.2339,2.632
4741,3/18/2026 22:45,15.3694,68.763,14.2286,2.636
4742,3/18/2026 23:00,15.3625,68.763,14.2289,2.62
4743,3/18/2026 23:15,15.3762,68.763,14.2391,2.628
4744,3/18/2026 23:30,15.3727,68.763,14.2401,2.617
4745,3/18/2026 23:45,15.3762,68.763,14.2343,2.639
4746,3/19/2026 0:00,15.3723,68.592,14.2305,2.639
4747,3/19/2026 0:15,15.3705,68.592,14.233,2.629
4748,3/19/2026 0:30,15.374,68.592,14.2288,2.647
4749,3/19/2026 0:45,15.3586,68.592,14.2266,2.616
4750,3/19/2026 1:00,15.3466,68.592,14.2276,2.586
4751,3/19/2026 1:15,15.3501,68.592,14.2239,2.603
4752,3/19/2026 1:30,15.3466,68.592,14.2186,2.607
4753,3/19/2026 1:45,15.3376,68.421,14.2202,2.582
4754,3/19/2026 2:00,15.3308,68.421,14.215,2.578
4755,3/19/2026 2:15,15.3224,68.421,14.2089,2.573
4756,3/19/2026 2:30,15.3257,68.421,14.216,2.564
4757,3/19/2026 2:45,15.3274,68.421,14.2175,2.565
4758,3/19/2026 3:00,15.3189,68.421,14.216,2.549
4759,3/19/2026 3:15,15.3103,68.421,14.2083,2.547
4760,3/19/2026 3:30,15.3086,68.421,14.2114,2.536
4761,3/19/2026 3:45,15.3082,68.248,14.2108,2.536
4762,3/19/2026 4:00,15.3064,68.248,14.2122,2.528
4763,3/19/2026 4:15,15.3048,68.248,14.2086,2.533
4764,3/19/2026 4:30,15.2996,68.248,14.2072,2.524
4765,3/19/2026 4:45,15.3048,68.248,14.2111,2.527
4766,3/19/2026 5:00,15.3013,68.248,14.2141,2.512
4767,3/19/2026 5:15,15.3031,68.248,14.2111,2.523
4768,3/19/2026 5:30,15.3077,68.077,14.2182,2.518
4769,3/19/2026 5:45,15.3026,68.077,14.2196,2.503
4770,3/19/2026 6:00,15.3044,68.077,14.2228,2.499
4771,3/19/2026 6:15,15.3095,68.077,14.2298,2.495
4772,3/19/2026 6:30,15.3112,68.077,14.2253,2.509
4773,3/19/2026 6:45,15.3077,68.077,14.2268,2.498
4774,3/19/2026 7:00,15.3044,68.077,14.2253,2.494
4775,3/19/2026 7:15,15.3009,68.077,14.2253,2.486
4776,3/19/2026 7:30,15.3077,68.077,14.2283,2.494
4777,3/19/2026 7:45,15.3026,68.077,14.2268,2.486
4778,3/19/2026 8:00,15.3026,68.077,14.2289,2.481
4779,3/19/2026 8:15,15.3044,68.077,14.2341,2.473
4780,3/19/2026 8:30,15.3026,68.077,14.2337,2.47
4781,3/19/2026 8:45,15.3112,68.077,14.2426,2.469
4782,3/19/2026 9:00,15.3095,68.077,14.2475,2.454
4783,3/19/2026 9:15,15.3185,68.248,14.2462,2.478
4784,3/19/2026 9:30,15.315,68.248,14.2456,2.471
4785,3/19/2026 9:45,15.3138,68.421,14.2471,2.465
4786,3/19/2026 10:00,15.3103,68.421,14.2418,2.469
4787,3/19/2026 10:15,15.3092,68.592,14.2433,2.463
4788,3/19/2026 10:30,15.3092,68.592,14.2443,2.461
4789,3/19/2026 10:45,15.3022,68.592,14.2452,2.443
4790,3/19/2026 11:00,15.3028,68.763,14.243,2.449
4791,3/19/2026 11:15,15.3028,68.763,14.2418,2.452
4792,3/19/2026 11:30,15.3028,68.763,14.24,2.456
4793,3/19/2026 11:45,15.301,68.763,14.236,2.461
4794,3/19/2026 12:00,15.2947,68.934,14.2328,2.454
4795,3/19/2026 12:15,15.3015,68.934,14.2283,2.48
4796,3/19/2026 12:30,15.2947,68.934,14.2281,2.465
4797,3/19/2026 12:45,15.2997,68.934,14.2246,2.485
4798,3/19/2026 13:00,15.3002,69.107,14.2253,2.484
4799,3/19/2026 13:15,15.3054,69.107,14.2212,2.506
4800,3/19/2026 13:30,15.2986,69.107,14.2151,2.504
4801,3/19/2026 13:45,15.3019,69.107,14.2108,2.522
4802,3/19/2026 14:00,15.3024,69.278,14.2096,2.525
4803,3/19/2026 14:15,15.3109,69.278,14.2062,2.553
4804,3/19/2026 14:30,15.3076,69.278,14.205,2.548
4805,3/19/2026 14:45,15.3008,69.278,14.2028,2.537
4806,3/19/2026 15:00,15.3092,69.278,14.2006,2.562
4807,3/19/2026 15:15,15.3092,69.278,14.1988,2.566
4808,3/19/2026 15:30,15.3229,69.278,14.1992,2.597
4809,3/19/2026 15:45,15.3298,69.278,14.1989,2.614
4810,3/19/2026 16:00,15.3434,69.278,14.1961,2.651
4811,3/19/2026 16:15,15.3588,69.278,14.1954,2.689
4812,3/19/2026 16:30,15.3638,69.278,14.1948,2.702
4813,3/19/2026 16:45,15.386,69.278,14.1973,2.747
4814,3/19/2026 17:00,15.4133,69.278,14.1967,2.812
4815,3/19/2026 17:15,15.4407,69.278,14.1967,2.875
4816,3/19/2026 17:30,15.4662,69.278,14.1992,2.928
4817,3/19/2026 17:45,15.4748,69.278,14.1992,2.948
4818,3/19/2026 18:00,15.5141,69.278,14.2022,3.032
4819,3/19/2026 18:15,15.5567,69.278,14.2017,3.132
4820,3/19/2026 18:30,15.6097,69.278,14.1995,3.259
4821,3/19/2026 18:45,15.6644,69.278,14.2056,3.371
4822,3/19/2026 19:00,15.7347,69.449,14.2056,3.534
4823,3/19/2026 19:15,15.7979,69.449,14.2025,3.687
4824,3/19/2026 19:30,15.8201,69.449,14.2035,3.736
4825,3/19/2026 19:45,15.8303,69.449,14.2044,3.758
4826,3/19/2026 20:00,15.8235,69.449,14.2105,3.728
4827,3/19/2026 20:15,15.8371,69.449,14.213,3.754
4828,3/19/2026 20:30,15.8133,69.449,14.214,3.696
4829,3/19/2026 20:45,15.8452,69.278,14.2154,3.767
4830,3/19/2026 21:00,15.7821,69.278,14.2195,3.611
4831,3/19/2026 21:15,15.8162,69.278,14.2256,3.676
4832,3/19/2026 21:30,15.8362,69.107,14.2281,3.717
4833,3/19/2026 21:45,15.8106,69.107,14.2281,3.657
4834,3/19/2026 22:00,15.7697,69.107,14.225,3.57
4835,3/19/2026 22:15,15.7862,68.934,14.2214,3.616
4836,3/19/2026 22:30,15.7299,68.934,14.2214,3.486
4837,3/19/2026 22:45,15.7145,68.934,14.2115,3.474
4838,3/19/2026 23:00,15.7196,68.934,14.2099,3.489
4839,3/19/2026 23:15,15.6941,68.934,14.2131,3.423
4840,3/19/2026 23:30,15.66,68.934,14.2093,3.353
4841,3/19/2026 23:45,15.6752,68.934,14.2063,3.395
4842,3/20/2026 0:00,15.6493,68.763,14.2124,3.321
4843,3/20/2026 0:15,15.6219,68.763,14.2109,3.261
4844,3/20/2026 0:30,15.6339,68.763,14.2104,3.29
4845,3/20/2026 0:45,15.61,68.763,14.2057,3.245
4846,3/20/2026 1:00,15.6014,68.763,14.2073,3.222
4847,3/20/2026 1:15,15.5759,68.763,14.2066,3.164
4848,3/20/2026 1:30,15.5605,68.763,14.2051,3.132
4849,3/20/2026 1:45,15.5656,68.763,14.2021,3.151
4850,3/20/2026 2:00,15.5383,68.763,14.1969,3.1
4851,3/20/2026 2:15,15.528,68.763,14.1938,3.083
4852,3/20/2026 2:30,15.5311,68.592,14.1932,3.092
4853,3/20/2026 2:45,15.5122,68.592,14.1947,3.045
4854,3/20/2026 3:00,15.5019,68.592,14.1917,3.028
4855,3/20/2026 3:15,15.4918,68.592,14.1917,3.005
4856,3/20/2026 3:30,15.5037,68.592,14.1895,3.037
4857,3/20/2026 3:45,15.4867,68.592,14.1895,2.998
4858,3/20/2026 4:00,15.4713,68.592,14.1925,2.955
4859,3/20/2026 4:15,15.4747,68.592,14.1895,2.97
4860,3/20/2026 4:30,15.4593,68.592,14.1911,2.931
4861,3/20/2026 4:45,15.461,68.592,14.1941,2.928
4862,3/20/2026 5:00,15.4542,68.592,14.1911,2.919
4863,3/20/2026 5:15,15.4439,68.592,14.185,2.909
4864,3/20/2026 5:30,15.4406,68.592,14.1828,2.907
4865,3/20/2026 5:45,15.4371,68.592,14.1905,2.881
4866,3/20/2026 6:00,15.4303,68.592,14.1782,2.894
4867,3/20/2026 6:15,15.4371,68.592,14.1905,2.881
4868,3/20/2026 6:30,15.4338,68.592,14.1843,2.888
4869,3/20/2026 6:45,15.4338,68.592,14.1919,2.87
4870,3/20/2026 7:00,15.4439,68.592,14.1919,2.893
4871,3/20/2026 7:15,15.4338,68.592,14.1905,2.873
4872,3/20/2026 7:30,15.4285,68.592,14.1919,2.858
4873,3/20/2026 7:45,15.4201,68.592,14.1925,2.837
4874,3/20/2026 8:00,15.4217,68.592,14.1932,2.839
4875,3/20/2026 8:15,15.4166,68.592,14.1934,2.827
4876,3/20/2026 8:30,15.4081,68.592,14.1961,2.801
4877,3/20/2026 8:45,15.4153,68.763,14.2001,2.809
4878,3/20/2026 9:00,15.4137,68.763,14.2014,2.802
4879,3/20/2026 9:15,15.409,68.934,14.1986,2.797
4880,3/20/2026 9:30,15.4074,68.934,14.2014,2.787
4881,3/20/2026 9:45,15.4056,68.934,14.2031,2.779
4882,3/20/2026 10:00,15.401,69.107,14.202,2.771
4883,3/20/2026 10:15,15.401,69.107,14.1967,2.783
4884,3/20/2026 10:30,15.4014,69.278,14.2059,2.763
4885,3/20/2026 10:45,15.4053,69.449,14.2124,2.757
4886,3/20/2026 11:00,15.3933,69.449,14.2072,2.741
4887,3/20/2026 11:15,15.3955,69.622,14.2004,2.762
4888,3/20/2026 11:30,15.3943,69.793,14.2069,2.744
4889,3/20/2026 11:45,15.3943,69.793,14.2137,2.729
4890,3/20/2026 12:00,15.3827,69.964,14.205,2.722
4891,3/20/2026 12:15,15.3844,69.964,14.2027,2.731
4892,3/20/2026 12:30,15.3833,70.137,14.2022,2.73
4893,3/20/2026 12:45,15.3781,70.137,14.2041,2.713
4894,3/20/2026 13:00,15.3679,70.137,14.2022,2.694
4895,3/20/2026 13:15,15.3679,70.137,14.2001,2.699
4896,3/20/2026 13:30,15.3657,69.964,14.1973,2.701
4897,3/20/2026 13:45,15.3623,69.964,14.193,2.703
4898,3/20/2026 14:00,15.3554,69.964,14.1888,2.697
4899,3/20/2026 14:15,15.3435,69.964,14.1814,2.686
4900,3/20/2026 14:30,15.3451,69.964,14.1863,2.679
4901,3/20/2026 14:45,15.3482,69.793,14.1896,2.678
4902,3/20/2026 15:00,15.3414,69.793,14.1869,2.668
4903,3/20/2026 15:15,15.3499,69.793,14.186,2.69
4904,3/20/2026 15:30,15.3447,69.793,14.1918,2.665
4905,3/20/2026 15:45,15.3482,69.793,14.1866,2.685
4906,3/20/2026 16:00,15.3469,69.964,14.1799,2.697
4907,3/20/2026 16:15,15.3401,69.964,14.1824,2.676
4908,3/20/2026 16:30,15.3469,69.964,14.1819,2.693
4909,3/20/2026 16:45,15.3383,69.964,14.1819,2.673
4910,3/20/2026 17:00,15.3435,69.964,14.1811,2.687
4911,3/20/2026 17:15,15.3435,69.964,14.1832,2.682
4912,3/20/2026 17:30,15.3383,69.964,14.1808,2.675
4913,3/20/2026 17:45,15.3469,69.964,14.1838,2.688
4914,3/20/2026 18:00,15.3469,69.964,14.1877,2.679
4915,3/20/2026 18:15,15.335,69.964,14.1802,2.669
4916,3/20/2026 18:30,15.3383,69.964,14.1805,2.676
4917,3/20/2026 18:45,15.3451,69.964,14.1863,2.679
4918,3/20/2026 19:00,15.3414,69.793,14.1866,2.669
4919,3/20/2026 19:15,15.3431,69.793,14.1845,2.678
4920,3/20/2026 19:30,15.3379,69.793,14.1793,2.678
4921,3/20/2026 19:45,15.3289,69.622,14.1832,2.648
4922,3/20/2026 20:00,15.3324,69.622,14.1805,2.662
4923,3/20/2026 20:15,15.3238,69.622,14.1851,2.632
4924,3/20/2026 20:30,15.3324,69.622,14.1892,2.642
4925,3/20/2026 20:45,15.3392,69.622,14.1922,2.651
4926,3/20/2026 21:00,15.3353,69.449,14.1901,2.647
4927,3/20/2026 21:15,15.3404,69.449,14.1937,2.65
4928,3/20/2026 21:30,15.337,69.449,14.1983,2.632
4929,3/20/2026 21:45,15.3388,69.449,14.2005,2.631
4930,3/20/2026 22:00,15.337,69.449,14.1943,2.641
4931,3/20/2026 22:15,15.3302,69.449,14.1959,2.622
4932,3/20/2026 22:30,15.337,69.449,14.1975,2.634
4933,3/20/2026 22:45,15.3366,69.278,14.1989,2.629
4934,3/20/2026 23:00,15.3366,69.278,14.1983,2.631
4935,3/20/2026 23:15,15.3331,69.278,14.2044,2.609
4936,3/20/2026 23:30,15.3382,69.278,14.2091,2.61
4937,3/20/2026 23:45,15.3382,69.278,14.2038,2.622
4938,3/21/2026 0:00,15.3298,69.278,14.2024,2.606
4939,3/21/2026 0:15,15.3195,69.278,14.1977,2.592
4940,3/21/2026 0:30,15.3245,69.278,14.1977,2.604
4941,3/21/2026 0:45,15.3263,69.278,14.1977,2.608
4942,3/21/2026 1:00,15.3241,69.107,14.2008,2.596
4943,3/21/2026 1:15,15.3173,69.107,14.1961,2.591
4944,3/21/2026 1:30,15.319,69.107,14.1992,2.588
4945,3/21/2026 1:45,15.3155,69.107,14.1992,2.58
4946,3/21/2026 2:00,15.3173,69.107,14.1956,2.592
4947,3/21/2026 2:15,15.3037,69.107,14.1864,2.582
4948,3/21/2026 2:30,15.3002,69.107,14.1843,2.579
4949,3/21/2026 2:45,15.307,69.107,14.1889,2.584
4950,3/21/2026 3:00,15.3066,68.934,14.1883,2.584
4951,3/21/2026 3:15,15.305,68.934,14.1975,2.56
4952,3/21/2026 3:30,15.3083,68.934,14.1914,2.581
4953,3/21/2026 3:45,15.3032,68.934,14.1898,2.573
4954,3/21/2026 4:00,15.305,68.934,14.1908,2.575
4955,3/21/2026 4:15,15.3083,68.934,14.1983,2.565
4956,3/21/2026 4:30,15.31,68.934,14.1953,2.576
4957,3/21/2026 4:45,15.31,68.934,14.1963,2.574
4958,3/21/2026 5:00,15.3066,68.934,14.1963,2.566
4959,3/21/2026 5:15,15.3169,68.934,14.207,2.565
4960,3/21/2026 5:30,15.3066,68.934,14.2033,2.55
4961,3/21/2026 5:45,15.31,68.934,14.1972,2.572
4962,3/21/2026 6:00,15.31,68.934,14.1996,2.566
4963,3/21/2026 6:15,15.3066,68.934,14.1982,2.562
4964,3/21/2026 6:30,15.3015,68.934,14.193,2.562
4965,3/21/2026 6:45,15.2993,68.763,14.196,2.55
4966,3/21/2026 7:00,15.3044,68.763,14.1924,2.57
4967,3/21/2026 7:15,15.301,68.763,14.1954,2.555
4968,3/21/2026 7:30,15.2976,68.763,14.1985,2.54
4969,3/21/2026 7:45,15.3096,68.763,14.2046,2.554
4970,3/21/2026 8:00,15.3044,68.763,14.2086,2.532
4971,3/21/2026 8:15,15.3096,68.763,14.2054,2.552
4972,3/21/2026 8:30,15.3096,68.763,14.2054,2.552
4973,3/21/2026 8:45,15.3061,68.763,14.2076,2.539
4974,3/21/2026 9:00,15.3176,68.592,14.2153,2.547
4975,3/21/2026 9:15,15.3244,68.592,14.2153,2.563
4976,3/21/2026 9:30,15.3193,68.592,14.2175,2.546
4977,3/21/2026 9:45,15.3142,68.592,14.2144,2.542
4978,3/21/2026 10:00,15.3193,68.592,14.2272,2.524
4979,3/21/2026 10:15,15.3193,68.592,14.2227,2.534
4980,3/21/2026 10:30,15.3147,68.763,14.2134,2.545
4981,3/21/2026 10:45,15.3061,68.763,14.2233,2.502
4982,3/21/2026 11:00,15.3147,68.763,14.2223,2.525
4983,3/21/2026 11:15,15.3147,68.763,14.2228,2.523
4984,3/21/2026 11:30,15.3061,68.763,14.2128,2.527
4985,3/21/2026 11:45,15.305,68.934,14.2179,2.512
4986,3/21/2026 12:00,15.2964,68.934,14.214,2.502
4987,3/21/2026 12:15,15.3032,68.934,14.214,2.517
4988,3/21/2026 12:30,15.2929,68.934,14.2069,2.51
4989,3/21/2026 12:45,15.2878,68.934,14.2017,2.51
4990,3/21/2026 13:00,15.2793,68.934,14.1931,2.51
4991,3/21/2026 13:15,15.2764,69.107,14.1961,2.497
4992,3/21/2026 13:30,15.278,69.107,14.1917,2.511
4993,3/21/2026 13:45,15.2797,69.107,14.1953,2.506
4994,3/21/2026 14:00,15.2832,69.107,14.1931,2.519
4995,3/21/2026 14:15,15.278,69.107,14.2038,2.482
4996,3/21/2026 14:30,15.2712,69.107,14.1879,2.504
4997,3/21/2026 14:45,15.2729,69.107,14.1848,2.515
4998,3/21/2026 15:00,15.27,69.278,14.1892,2.498
4999,3/21/2026 15:15,15.2683,69.278,14.1857,2.502
5000,3/21/2026 15:30,15.2632,69.278,14.1909,2.478
5001,3/21/2026 15:45,15.2716,69.278,14.1915,2.496
5002,3/21/2026 16:00,15.2716,69.278,14.1983,2.481
5003,3/21/2026 16:15,15.2738,69.449,14.1967,2.489
5004,3/21/2026 16:30,15.2722,69.449,14.1961,2.487
5005,3/21/2026 16:45,15.2773,69.449,14.1956,2.5
5006,3/21/2026 17:00,15.267,69.449,14.1964,2.474
5007,3/21/2026 17:15,15.2654,69.449,14.197,2.469
5008,3/21/2026 17:30,15.2722,69.449,14.1986,2.481
5009,3/21/2026 17:45,15.279,69.449,14.2033,2.486
5010,3/21/2026 18:00,15.2755,69.449,14.2017,2.482
5011,3/21/2026 18:15,15.2806,69.449,14.2072,2.481
5012,3/21/2026 18:30,15.2806,69.449,14.2057,2.484
5013,3/21/2026 18:45,15.2858,69.449,14.2091,2.489
5014,3/21/2026 19:00,15.2876,69.449,14.2115,2.487
5015,3/21/2026 19:15,15.2892,69.449,14.2109,2.492
5016,3/21/2026 19:30,15.279,69.449,14.2104,2.47
5017,3/21/2026 19:45,15.2802,69.278,14.2066,2.481
5018,3/21/2026 20:00,15.2854,69.278,14.2128,2.479
5019,3/21/2026 20:15,15.2836,69.278,14.2192,2.46
5020,3/21/2026 20:30,15.2887,69.278,14.2223,2.465
5021,3/21/2026 20:45,15.2887,69.278,14.2233,2.462
5022,3/21/2026 21:00,15.2938,69.278,14.2217,2.478
5023,3/21/2026 21:15,15.2922,69.278,14.2202,2.477
5024,3/21/2026 21:30,15.2973,69.278,14.2233,2.482
5025,3/21/2026 21:45,15.3024,69.278,14.2278,2.484
5026,3/21/2026 22:00,15.307,69.107,14.2318,2.485
5027,3/21/2026 22:15,15.3019,69.107,14.2365,2.462
5028,3/21/2026 22:30,15.3155,69.107,14.2359,2.495
5029,3/21/2026 22:45,15.319,69.107,14.2389,2.496
5030,3/21/2026 23:00,15.3309,69.107,14.2423,2.516
5031,3/21/2026 23:15,15.3331,69.278,14.2392,2.528
5032,3/21/2026 23:30,15.3451,69.278,14.2356,2.564
5033,3/21/2026 23:45,15.3467,69.278,14.2249,2.593
5034,3/22/2026 0:00,15.3535,69.278,14.2263,2.605
5035,3/22/2026 0:15,15.3535,69.278,14.2218,2.616
5036,3/22/2026 0:30,15.3638,69.278,14.2202,2.643
5037,3/22/2026 0:45,15.3707,69.278,14.2172,2.666
5038,3/22/2026 1:00,15.3843,69.278,14.2227,2.685
5039,3/22/2026 1:15,15.3907,69.107,14.2166,2.713
5040,3/22/2026 1:30,15.3992,69.107,14.218,2.73
5041,3/22/2026 1:45,15.4043,69.107,14.2162,2.746
5042,3/22/2026 2:00,15.4129,69.107,14.2162,2.766
5043,3/22/2026 2:15,15.4164,69.107,14.2125,2.782
5044,3/22/2026 2:30,15.4317,69.107,14.212,2.819
5045,3/22/2026 2:45,15.43,69.107,14.2104,2.819
5046,3/22/2026 3:00,15.4295,68.934,14.2089,2.821
5047,3/22/2026 3:15,15.4311,68.934,14.2064,2.83
5048,3/22/2026 3:30,15.4346,68.934,14.2125,2.824
5049,3/22/2026 3:45,15.4261,68.934,14.2104,2.81
5050,3/22/2026 4:00,15.421,68.934,14.2059,2.808
5051,3/22/2026 4:15,15.4107,68.934,14.2104,2.774
5052,3/22/2026 4:30,15.4175,68.934,14.212,2.786
5053,3/22/2026 4:45,15.4124,68.934,14.2144,2.769
5054,3/22/2026 5:00,15.409,68.934,14.2128,2.764
5055,3/22/2026 5:15,15.3971,68.934,14.2098,2.744
5056,3/22/2026 5:30,15.4074,68.934,14.2098,2.768
5057,3/22/2026 5:45,15.3984,68.763,14.2122,2.741
5058,3/22/2026 6:00,15.3984,68.763,14.2199,2.723
5059,3/22/2026 6:15,15.4052,68.763,14.2215,2.735
5060,3/22/2026 6:30,15.3984,68.763,14.224,2.714
5061,3/22/2026 6:45,15.4,68.763,14.224,2.718
5062,3/22/2026 7:00,15.3931,68.763,14.2285,2.692
5063,3/22/2026 7:15,15.3979,68.592,14.2323,2.694
5064,3/22/2026 7:30,15.3962,68.592,14.2323,2.69
5065,3/22/2026 7:45,15.3962,68.592,14.2328,2.688
5066,3/22/2026 8:00,15.3842,68.592,14.2268,2.675
5067,3/22/2026 8:15,15.3881,68.763,14.231,2.674
5068,3/22/2026 8:30,15.383,68.763,14.2352,2.653
5069,3/22/2026 8:45,15.3847,68.763,14.2389,2.648
5070,3/22/2026 9:00,15.383,68.763,14.2417,2.638
5071,3/22/2026 9:15,15.383,68.763,14.2443,2.632
5072,3/22/2026 9:30,15.3766,68.934,14.2456,2.614
5073,3/22/2026 9:45,15.3799,68.934,14.2508,2.609
5074,3/22/2026 10:00,15.3834,68.934,14.2514,2.616
5075,3/22/2026 10:15,15.3788,69.107,14.256,2.595
5076,3/22/2026 10:30,15.377,69.107,14.2585,2.585
5077,3/22/2026 10:45,15.3788,69.107,14.2542,2.599
5078,3/22/2026 11:00,15.3685,69.107,14.2453,2.596
5079,3/22/2026 11:15,15.3685,69.107,14.2481,2.589
5080,3/22/2026 11:30,15.3689,69.278,14.2495,2.587
5081,3/22/2026 11:45,15.3775,69.278,14.2542,2.596
5082,3/22/2026 12:00,15.3678,69.449,14.254,2.574
5083,3/22/2026 12:15,15.3678,69.449,14.254,2.574
5084,3/22/2026 12:30,15.366,69.449,14.252,2.575
5085,3/22/2026 12:45,15.3511,69.622,14.2443,2.558
5086,3/22/2026 13:00,15.3528,69.622,14.2443,2.562
5087,3/22/2026 13:15,15.3511,69.622,14.2405,2.567
5088,3/22/2026 13:30,15.3511,69.622,14.2381,2.572
5089,3/22/2026 13:45,15.3409,69.622,14.2391,2.547
5090,3/22/2026 14:00,15.3375,69.622,14.2391,2.539
5091,3/22/2026 14:15,15.3375,69.622,14.2363,2.545
5092,3/22/2026 14:30,15.3357,69.622,14.2347,2.545
5093,3/22/2026 14:45,15.334,69.622,14.236,2.538
5094,3/22/2026 15:00,15.3256,69.622,14.2305,2.531
5095,3/22/2026 15:15,15.3187,69.622,14.2311,2.514
5096,3/22/2026 15:30,15.3153,69.622,14.2276,2.514
5097,3/22/2026 15:45,15.3238,69.622,14.232,2.524
5098,3/22/2026 16:00,15.3203,69.622,14.2341,2.51
5099,3/22/2026 16:15,15.3221,69.622,14.2347,2.513
5100,3/22/2026 16:30,15.326,69.793,14.2339,2.524
5101,3/22/2026 16:45,15.326,69.793,14.2366,2.518
5102,3/22/2026 17:00,15.3192,69.793,14.2366,2.502
5103,3/22/2026 17:15,15.3192,69.793,14.2375,2.5
5104,3/22/2026 17:30,15.314,69.793,14.2339,2.496
5105,3/22/2026 17:45,15.3153,69.622,14.2353,2.496
5106,3/22/2026 18:00,15.3084,69.622,14.2339,2.484
5107,3/22/2026 18:15,15.3135,69.622,14.2363,2.49
5108,3/22/2026 18:30,15.3135,69.622,14.2411,2.479
5109,3/22/2026 18:45,15.3153,69.622,14.2408,2.483
5110,3/22/2026 19:00,15.3118,69.622,14.2402,2.477
5111,3/22/2026 19:15,15.3166,69.449,14.2458,2.475
5112,3/22/2026 19:30,15.3166,69.449,14.2452,2.476
5113,3/22/2026 19:45,15.3216,69.449,14.246,2.486
5114,3/22/2026 20:00,15.3216,69.449,14.2479,2.482
5115,3/22/2026 20:15,15.3212,69.278,14.252,2.471
5116,3/22/2026 20:30,15.3195,69.278,14.2531,2.464
5117,3/22/2026 20:45,15.3212,69.278,14.2542,2.466
5118,3/22/2026 21:00,15.3245,69.278,14.2566,2.468
5119,3/22/2026 21:15,15.3276,69.107,14.2591,2.469
5120,3/22/2026 21:30,15.3292,69.107,14.2616,2.467
5121,3/22/2026 21:45,15.3258,69.107,14.264,2.454
5122,3/22/2026 22:00,15.3258,69.107,14.2649,2.452
5123,3/22/2026 22:15,15.3292,69.107,14.269,2.45
5124,3/22/2026 22:30,15.3292,69.107,14.2668,2.455
5125,3/22/2026 22:45,15.3276,69.107,14.2646,2.457
5126,3/22/2026 23:00,15.3202,68.934,14.2632,2.443
5127,3/22/2026 23:15,15.3237,68.934,14.264,2.449
5128,3/22/2026 23:30,15.3219,68.934,14.2656,2.441
5129,3/22/2026 23:45,15.3219,68.934,14.2665,2.439
5130,3/23/2026 0:00,15.3186,68.934,14.2619,2.442
5131,3/23/2026 0:15,15.3169,68.934,14.2619,2.438
5132,3/23/2026 0:30,15.3151,68.934,14.2604,2.438
5133,3/23/2026 0:45,15.3134,68.934,14.2552,2.446
5134,3/23/2026 1:00,15.31,68.934,14.2566,2.434
5135,3/23/2026 1:15,15.3118,68.934,14.2536,2.446
5136,3/23/2026 1:30,15.301,68.763,14.2475,2.435
5137,3/23/2026 1:45,15.296,68.763,14.2439,2.431
5138,3/23/2026 2:00,15.296,68.763,14.2423,2.435
5139,3/23/2026 2:15,15.2942,68.763,14.2439,2.427
5140,3/23/2026 2:30,15.296,68.763,14.2433,2.433
5141,3/23/2026 2:45,15.2925,68.763,14.237,2.439
5142,3/23/2026 3:00,15.2857,68.763,14.2386,2.42
5143,3/23/2026 3:15,15.2822,68.763,14.2381,2.413
5144,3/23/2026 3:30,15.289,68.763,14.2381,2.429
5145,3/23/2026 3:45,15.289,68.763,14.2381,2.429
5146,3/23/2026 4:00,15.2907,68.763,14.2436,2.42
5147,3/23/2026 4:15,15.2857,68.763,14.2389,2.419
5148,3/23/2026 4:30,15.2907,68.763,14.2405,2.427
5149,3/23/2026 4:45,15.2839,68.763,14.2405,2.411
5150,3/23/2026 5:00,15.2822,68.763,14.245,2.397
5151,3/23/2026 5:15,15.2852,68.592,14.242,2.411
5152,3/23/2026 5:30,15.2925,68.763,14.242,2.428
5153,3/23/2026 5:45,15.2852,68.592,14.245,2.404
5154,3/23/2026 6:00,15.2886,68.592,14.245,2.412
5155,3/23/2026 6:15,15.28,68.592,14.245,2.392
5156,3/23/2026 6:30,15.2886,68.592,14.2497,2.401
5157,3/23/2026 6:45,15.2921,68.592,14.2513,2.405
5158,3/23/2026 7:00,15.2938,68.592,14.2482,2.416
5159,3/23/2026 7:15,15.3039,68.592,14.2502,2.435
5160,3/23/2026 7:30,15.3182,68.763,14.2565,2.454
5161,3/23/2026 7:45,15.3437,68.763,14.2626,2.498
5162,3/23/2026 8:00,15.3984,68.763,14.2656,2.618
5163,3/23/2026 8:15,15.4819,68.763,14.2703,2.8
5164,3/23/2026 8:30,15.5878,68.763,14.2748,3.034
5165,3/23/2026 8:45,15.709,68.763,14.2748,3.315
5166,3/23/2026 9:00,15.7671,68.763,14.2748,3.449
5167,3/23/2026 9:15,15.8622,68.592,14.2769,3.663
5168,3/23/2026 9:30,16.1199,68.592,14.2785,4.255
5169,3/23/2026 9:45,16.2048,68.421,14.2769,4.455
5170,3/23/2026 10:00,16.2867,68.421,14.2806,4.636
5171,3/23/2026 10:15,16.2299,68.248,14.2836,4.498
5172,3/23/2026 10:30,16.1701,68.248,14.2858,4.354
5173,3/23/2026 10:45,16.1479,68.248,14.2806,4.315
5174,3/23/2026 11:00,16.1617,68.248,14.2806,4.347
5175,3/23/2026 11:15,16.1395,68.248,14.2836,4.289
5176,3/23/2026 11:30,16.1428,68.248,14.2852,4.293
5177,3/23/2026 11:45,16.1565,68.248,14.2822,4.331
5178,3/23/2026 12:00,16.0951,68.248,14.272,4.213
5179,3/23/2026 12:15,16.0592,68.248,14.2711,4.132
5180,3/23/2026 12:30,15.9774,68.248,14.2748,3.934
5181,3/23/2026 12:45,16.0354,68.248,14.2745,4.069
5182,3/23/2026 13:00,15.9829,68.421,14.2624,3.976
5183,3/23/2026 13:15,15.9658,68.421,14.2633,3.934
5184,3/23/2026 13:30,15.9317,68.421,14.2611,3.86
5185,3/23/2026 13:45,15.9317,68.421,14.26,3.863
5186,3/23/2026 14:00,15.9282,68.421,14.251,3.876
5187,3/23/2026 14:15,15.8754,68.421,14.2504,3.755
5188,3/23/2026 14:30,15.8519,68.592,14.2504,3.701
5189,3/23/2026 14:45,15.8519,68.592,14.2523,3.697
5190,3/23/2026 15:00,15.8264,68.592,14.2534,3.635
5191,3/23/2026 15:15,15.828,68.592,14.2504,3.646
5192,3/23/2026 15:30,15.8093,68.592,14.2479,3.608
5193,3/23/2026 15:45,15.811,68.592,14.2516,3.604
5194,3/23/2026 16:00,15.782,68.592,14.2513,3.537
5195,3/23/2026 16:15,15.7803,68.592,14.2518,3.532
5196,3/23/2026 16:30,15.7978,68.763,14.2529,3.57
5197,3/23/2026 16:45,15.7772,68.763,14.255,3.518
5198,3/23/2026 17:00,15.7789,68.763,14.2531,3.526
5199,3/23/2026 17:15,15.7636,68.763,14.2537,3.489
5200,3/23/2026 17:30,15.7499,68.763,14.2559,3.453
5201,3/23/2026 17:45,15.7482,68.763,14.2597,3.44
5202,3/23/2026 18:00,15.7324,68.592,14.2608,3.401
5203,3/23/2026 18:15,15.7341,68.592,14.2575,3.412
5204,3/23/2026 18:30,15.717,68.592,14.2578,3.372
5205,3/23/2026 18:45,15.7205,68.592,14.2637,3.367
5206,3/23/2026 19:00,15.7154,68.592,14.2681,3.345
5207,3/23/2026 19:15,15.7154,68.592,14.2678,3.345
5208,3/23/2026 19:30,15.7102,68.592,14.2717,3.324
5209,3/23/2026 19:45,15.7324,68.592,14.2742,3.37
5210,3/23/2026 20:00,15.7034,68.592,14.2777,3.295
5211,3/23/2026 20:15,15.7119,68.592,14.2791,3.311
5212,3/23/2026 20:30,15.7201,68.421,14.2782,3.332
5213,3/23/2026 20:45,15.708,68.421,14.2835,3.292
5214,3/23/2026 21:00,15.7201,68.421,14.2871,3.311
5215,3/23/2026 21:15,15.7269,68.421,14.2901,3.32
5216,3/23/2026 21:30,15.7354,68.421,14.291,3.338
5217,3/23/2026 21:45,15.7012,68.421,14.2926,3.255
5218,3/23/2026 22:00,15.728,68.248,14.2972,3.306
5219,3/23/2026 22:15,15.752,68.248,14.2956,3.365
5220,3/23/2026 22:30,15.7179,68.248,14.2967,3.284
5221,3/23/2026 22:45,15.7639,68.248,14.2967,3.391
5222,3/23/2026 23:00,15.7742,68.248,14.2951,3.418
5223,3/23/2026 23:15,15.7486,68.248,14.2959,3.357
5224,3/23/2026 23:30,15.8027,68.077,14.2929,3.489
5225,3/23/2026 23:45,15.8539,68.077,14.2929,3.607
5226,3/24/2026 0:00,15.8522,68.077,14.2929,3.603
5227,3/24/2026 0:15,15.9337,67.906,14.2909,3.796
5228,3/24/2026 0:30,15.9524,67.906,14.2909,3.839
5229,3/24/2026 0:45,15.9627,67.906,14.2909,3.863
5230,3/24/2026 1:00,15.9592,67.906,14.2893,3.859
5231,3/24/2026 1:15,15.9964,67.735,14.2862,3.952
5232,3/24/2026 1:30,15.9434,67.735,14.2846,3.833
5233,3/24/2026 1:45,15.9571,67.735,14.2816,3.872
5234,3/24/2026 2:00,15.9362,67.564,14.281,3.825
5235,3/24/2026 2:15,15.9276,67.564,14.278,3.812
5236,3/24/2026 2:30,15.9977,67.564,14.2733,3.984
5237,3/24/2026 2:45,15.9549,67.564,14.2733,3.886
5238,3/24/2026 3:00,16.0676,67.564,14.2733,4.146
5239,3/24/2026 3:15,16.1627,67.392,14.2697,4.374
5240,3/24/2026 3:30,16.1866,67.392,14.2697,4.429
5241,3/24/2026 3:45,16.1588,67.221,14.2743,4.354
5242,3/24/2026 4:00,16.1127,67.221,14.2711,4.255
5243,3/24/2026 4:15,16.1144,67.221,14.2691,4.264
5244,3/24/2026 4:30,16.0951,67.05,14.2721,4.212
5245,3/24/2026 4:45,16.0832,67.05,14.2752,4.178
5246,3/24/2026 5:00,16.1019,67.05,14.2736,4.225
5247,3/24/2026 5:15,16.1019,67.05,14.2736,4.225
5248,3/24/2026 5:30,16.2313,66.879,14.2761,4.518
5249,3/24/2026 5:45,16.1663,66.879,14.2761,4.368
5250,3/24/2026 6:00,16.2039,66.879,14.2807,4.444
5251,3/24/2026 6:15,16.1523,66.708,14.2823,4.321
5252,3/24/2026 6:30,16.1842,66.537,14.2868,4.384
5253,3/24/2026 6:45,16.1688,66.537,14.29,4.341
5254,3/24/2026 7:00,16.1279,66.537,14.2914,4.243
5255,3/24/2026 7:15,16.0864,66.366,14.2939,4.141
5256,3/24/2026 7:30,16.0796,66.366,14.2955,4.122
5257,3/24/2026 7:45,16.107,66.366,14.3022,4.17
5258,3/24/2026 8:00,16.1207,66.366,14.3022,4.201
5259,3/24/2026 8:15,16.1411,66.366,14.3043,4.244
5260,3/24/2026 8:30,16.049,66.366,14.3028,4.035
5261,3/24/2026 8:45,16.0712,66.366,14.3055,4.079
5262,3/24/2026 9:00,16.0796,66.366,14.3052,4.1
5263,3/24/2026 9:15,16.0574,66.366,14.3049,4.049
5264,3/24/2026 9:30,16.0352,66.366,14.3061,3.995
5265,3/24/2026 9:45,15.9961,66.366,14.3067,3.903
5266,3/24/2026 10:00,16.0062,66.366,14.3064,3.927
5267,3/24/2026 10:15,15.9602,66.366,14.3091,3.815
5268,3/24/2026 10:30,15.964,66.537,14.3087,3.824
5269,3/24/2026 10:45,16,66.537,14.3084,3.908
5270,3/24/2026 11:00,15.9488,66.537,14.3117,3.782
5271,3/24/2026 11:15,15.9334,66.537,14.309,3.753
5272,3/24/2026 11:30,15.9317,66.537,14.3041,3.76
5273,3/24/2026 11:45,15.956,66.708,14.3051,3.815
5274,3/24/2026 12:00,15.9117,66.708,14.3048,3.713
5275,3/24/2026 12:15,15.9202,66.708,14.3013,3.74
5276,3/24/2026 12:30,15.9321,66.708,14.2999,3.771
5277,3/24/2026 12:45,15.9117,66.708,14.2964,3.732
5278,3/24/2026 13:00,15.9257,66.879,14.2964,3.765
5279,3/24/2026 13:15,15.907,66.879,14.2942,3.726
5280,3/24/2026 13:30,15.9134,66.708,14.2927,3.744
5281,3/24/2026 13:45,15.9288,66.708,14.2872,3.793
5282,3/24/2026 14:00,15.9014,66.708,14.2829,3.739
5283,3/24/2026 14:15,15.8644,66.879,14.2823,3.655
5284,3/24/2026 14:30,15.9035,66.879,14.2817,3.747
5285,3/24/2026 14:45,15.8831,66.879,14.2814,3.701
5286,3/24/2026 15:00,15.8848,66.879,14.2793,3.71
5287,3/24/2026 15:15,15.8592,66.879,14.2781,3.653
5288,3/24/2026 15:30,15.8455,66.879,14.274,3.631
5289,3/24/2026 15:45,15.8609,66.879,14.2732,3.668
5290,3/24/2026 16:00,15.8473,66.879,14.2737,3.636
5291,3/24/2026 16:15,15.8729,66.879,14.274,3.694
5292,3/24/2026 16:30,15.8813,66.879,14.272,3.718
5293,3/24/2026 16:45,15.8268,66.879,14.2746,3.586
5294,3/24/2026 17:00,15.8523,66.879,14.2771,3.64
5295,3/24/2026 17:15,15.8536,66.708,14.2784,3.64
5296,3/24/2026 17:30,15.8196,66.708,14.2756,3.567
5297,3/24/2026 17:45,15.8417,66.708,14.2768,3.616
5298,3/24/2026 18:00,15.8212,66.708,14.2784,3.565
5299,3/24/2026 18:15,15.84,66.708,14.2768,3.612
5300,3/24/2026 18:30,15.8365,66.708,14.2777,3.602
5301,3/24/2026 18:45,15.8275,66.537,14.2787,3.579
5302,3/24/2026 19:00,15.8174,66.537,14.2833,3.544
5303,3/24/2026 19:15,15.8225,66.537,14.2839,3.555
5304,3/24/2026 19:30,15.8036,66.537,14.2897,3.498
5305,3/24/2026 19:45,15.8565,66.537,14.2932,3.612
5306,3/24/2026 20:00,15.8139,66.537,14.2981,3.502
5307,3/24/2026 20:15,15.8066,66.366,14.2984,3.485
5308,3/24/2026 20:30,15.8339,66.366,14.3025,3.538
5309,3/24/2026 20:45,15.8049,66.366,14.3033,3.469
5310,3/24/2026 21:00,15.8374,66.366,14.3058,3.539
5311,3/24/2026 21:15,15.8236,66.366,14.3067,3.505
5312,3/24/2026 21:30,15.8339,66.366,14.3107,3.519
5313,3/24/2026 21:45,15.8164,66.193,14.3077,3.486
5314,3/24/2026 22:00,15.813,66.193,14.3116,3.469
5315,3/24/2026 22:15,15.8352,66.193,14.3141,3.514
5316,3/24/2026 22:30,15.859,66.193,14.3104,3.578
5317,3/24/2026 22:45,15.8484,66.022,14.3115,3.551
5318,3/24/2026 23:00,15.8484,66.022,14.3099,3.555
5319,3/24/2026 23:15,15.8671,66.022,14.3032,3.613
5320,3/24/2026 23:30,15.8432,66.022,14.3032,3.558
5321,3/24/2026 23:45,15.8621,66.022,14.3041,3.599
5322,3/25/2026 0:00,15.8837,65.851,14.3019,3.654
5323,3/25/2026 0:15,15.8786,65.851,14.3038,3.638
5324,3/25/2026 0:30,15.8753,65.851,14.2965,3.647
5325,3/25/2026 0:45,15.8628,65.68,14.2959,3.62
5326,3/25/2026 1:00,15.8679,65.68,14.2922,3.64
5327,3/25/2026 1:15,15.8423,65.68,14.2922,3.581
5328,3/25/2026 1:30,15.7997,65.68,14.2885,3.491
5329,3/25/2026 1:45,15.8219,65.68,14.2849,3.551
5330,3/25/2026 2:00,15.8116,65.68,14.2849,3.527
5331,3/25/2026 2:15,15.7997,65.68,14.2819,3.506
5332,3/25/2026 2:30,15.7945,65.68,14.2813,3.496
5333,3/25/2026 2:45,15.7997,65.68,14.2806,3.51
5334,3/25/2026 3:00,15.7804,65.509,14.281,3.464
5335,3/25/2026 3:15,15.8061,65.509,14.2788,3.528
5336,3/25/2026 3:30,15.794,65.509,14.2782,3.502
5337,3/25/2026 3:45,15.789,65.509,14.2761,3.495
5338,3/25/2026 4:00,15.7907,65.509,14.2746,3.502
5339,3/25/2026 4:15,15.7617,65.509,14.2746,3.435
5340,3/25/2026 4:30,15.7924,65.509,14.2777,3.499
5341,3/25/2026 4:45,15.794,65.509,14.2777,3.503
5342,3/25/2026 5:00,15.7872,65.509,14.2798,3.482
5343,3/25/2026 5:15,15.7681,65.338,14.2813,3.435
5344,3/25/2026 5:30,15.7817,65.338,14.2798,3.47
5345,3/25/2026 5:45,15.8107,65.338,14.2823,3.531
5346,3/25/2026 6:00,15.8072,65.338,14.2832,3.521
5347,3/25/2026 6:15,15.7765,65.338,14.2826,3.451
5348,3/25/2026 6:30,15.7863,65.167,14.2804,3.479
5349,3/25/2026 6:45,15.7795,65.167,14.2835,3.456
5350,3/25/2026 7:00,15.7813,65.167,14.2887,3.448
5351,3/25/2026 7:15,15.7813,65.167,14.2903,3.444
5352,3/25/2026 7:30,15.7982,65.167,14.2909,3.482
5353,3/25/2026 7:45,15.7692,65.167,14.2951,3.405
5354,3/25/2026 8:00,15.7897,65.167,14.2969,3.448
5355,3/25/2026 8:15,15.7714,65.338,14.2977,3.405
5356,3/25/2026 8:30,15.7834,65.338,14.3014,3.424
5357,3/25/2026 8:45,15.8022,65.338,14.302,3.465
5358,3/25/2026 9:00,15.7527,65.338,14.3016,3.352
5359,3/25/2026 9:15,15.7668,65.509,14.3025,3.383
5360,3/25/2026 9:30,15.7702,65.509,14.3033,3.389
5361,3/25/2026 9:45,15.7617,65.509,14.3049,3.365
5362,3/25/2026 10:00,15.7314,65.68,14.3026,3.301
5363,3/25/2026 10:15,15.7382,65.68,14.3026,3.317
5364,3/25/2026 10:30,15.7386,65.851,14.3039,3.315
5365,3/25/2026 10:45,15.7335,65.851,14.301,3.31
5366,3/25/2026 11:00,15.7408,66.022,14.2988,3.331
5367,3/25/2026 11:15,15.7124,66.193,14.2977,3.268
5368,3/25/2026 11:30,15.7111,66.366,14.2936,3.275
5369,3/25/2026 11:45,15.7119,66.708,14.2936,3.277
5370,3/25/2026 12:00,15.7262,66.879,14.2894,3.32
5371,3/25/2026 12:15,15.7005,66.879,14.2856,3.269
5372,3/25/2026 12:30,15.7141,66.879,14.2842,3.304
5373,3/25/2026 12:45,15.7005,66.879,14.2823,3.277
5374,3/25/2026 13:00,15.6954,66.879,14.2777,3.276
5375,3/25/2026 13:15,15.6779,66.708,14.2735,3.245
5376,3/25/2026 13:30,15.6966,66.708,14.2704,3.295
5377,3/25/2026 13:45,15.6851,66.879,14.2716,3.266
5378,3/25/2026 14:00,15.668,66.879,14.2707,3.228
5379,3/25/2026 14:15,15.6783,66.879,14.2685,3.257
5380,3/25/2026 14:30,15.6578,66.879,14.265,3.218
5381,3/25/2026 14:45,15.668,66.879,14.2639,3.244
5382,3/25/2026 15:00,15.6528,66.879,14.2614,3.215
5383,3/25/2026 15:15,15.6374,66.879,14.2603,3.182
5384,3/25/2026 15:30,15.651,66.879,14.2568,3.221
5385,3/25/2026 15:45,15.639,66.879,14.2598,3.187
5386,3/25/2026 16:00,15.651,66.879,14.2575,3.22
5387,3/25/2026 16:15,15.6407,66.879,14.2572,3.197
5388,3/25/2026 16:30,15.6374,66.879,14.2605,3.181
5389,3/25/2026 16:45,15.639,66.879,14.2592,3.188
5390,3/25/2026 17:00,15.6407,66.879,14.2553,3.201
5391,3/25/2026 17:15,15.6612,66.879,14.26,3.238
5392,3/25/2026 17:30,15.6544,66.879,14.259,3.224
5393,3/25/2026 17:45,15.651,66.879,14.26,3.214
5394,3/25/2026 18:00,15.639,66.879,14.2666,3.171
5395,3/25/2026 18:15,15.6557,66.708,14.2639,3.216
5396,3/25/2026 18:30,15.666,66.708,14.2665,3.233
5397,3/25/2026 18:45,15.6642,66.708,14.2665,3.229
5398,3/25/2026 19:00,15.6876,66.537,14.2703,3.275
5399,3/25/2026 19:15,15.6467,66.537,14.2724,3.175
5400,3/25/2026 19:30,15.6757,66.537,14.2749,3.236
5401,3/25/2026 19:45,15.6842,66.537,14.2736,3.259
5402,3/25/2026 20:00,15.6876,66.537,14.2761,3.261
5403,3/25/2026 20:15,15.6992,66.366,14.2771,3.286
5404,3/25/2026 20:30,15.7214,66.366,14.2795,3.331
5405,3/25/2026 20:45,15.7179,66.366,14.2804,3.321
5406,3/25/2026 21:00,15.7434,66.366,14.282,3.376
5407,3/25/2026 21:15,15.7282,66.366,14.282,3.341
5408,3/25/2026 21:30,15.7293,66.193,14.282,3.344
5409,3/25/2026 21:45,15.726,66.193,14.2845,3.33
5410,3/25/2026 22:00,15.7515,66.193,14.2861,3.386
5411,3/25/2026 22:15,15.7686,66.193,14.2823,3.434
5412,3/25/2026 22:30,15.7396,66.193,14.2823,3.367
5413,3/25/2026 22:45,15.763,66.022,14.2803,3.426
5414,3/25/2026 23:00,15.7597,66.022,14.2756,3.429
5415,3/25/2026 23:15,15.7665,66.022,14.2756,3.444
5416,3/25/2026 23:30,15.763,66.022,14.271,3.447
5417,3/25/2026 23:45,15.7865,65.851,14.2695,3.505
5418,3/26/2026 0:00,15.8001,65.851,14.2726,3.529
5419,3/26/2026 0:15,15.7966,65.851,14.274,3.518
5420,3/26/2026 0:30,15.8474,65.68,14.275,3.632
5421,3/26/2026 0:45,15.8373,65.68,14.272,3.616
5422,3/26/2026 1:00,15.8474,65.68,14.2682,3.648
5423,3/26/2026 1:15,15.8441,65.68,14.2682,3.641
5424,3/26/2026 1:30,15.8116,65.68,14.2668,3.569
5425,3/26/2026 1:45,15.8441,65.68,14.2637,3.651
5426,3/26/2026 2:00,15.8474,65.68,14.2637,3.659
5427,3/26/2026 2:15,15.8509,65.68,14.2607,3.674
5428,3/26/2026 2:30,15.8606,65.509,14.2575,3.703
5429,3/26/2026 2:45,15.8248,65.509,14.2575,3.621
5430,3/26/2026 3:00,15.9101,65.509,14.2539,3.826
5431,3/26/2026 3:15,15.8879,65.509,14.2524,3.778
5432,3/26/2026 3:30,15.9079,65.338,14.2494,3.831
5433,3/26/2026 3:45,15.8892,65.338,14.2508,3.785
5434,3/26/2026 4:00,15.8789,65.338,14.2494,3.764
5435,3/26/2026 4:15,15.9114,65.338,14.2494,3.839
5436,3/26/2026 4:30,15.8806,65.338,14.2508,3.765
5437,3/26/2026 4:45,15.8824,65.338,14.2524,3.765
5438,3/26/2026 5:00,15.9433,65.167,14.2555,3.899
5439,3/26/2026 5:15,15.8887,65.167,14.2555,3.773
5440,3/26/2026 5:30,15.9263,65.167,14.2591,3.851
5441,3/26/2026 5:45,15.9296,65.167,14.26,3.857
5442,3/26/2026 6:00,15.916,65.167,14.2594,3.827
5443,3/26/2026 6:15,15.9125,65.167,14.2604,3.817
5444,3/26/2026 6:30,15.9479,64.996,14.2619,3.895
5445,3/26/2026 6:45,15.9446,64.996,14.2619,3.887
5446,3/26/2026 7:00,15.9582,64.996,14.2634,3.915
5447,3/26/2026 7:15,15.9492,64.825,14.2659,3.888
5448,3/26/2026 7:30,15.9475,64.825,14.269,3.877
5449,3/26/2026 7:45,15.9629,64.825,14.27,3.911
5450,3/26/2026 8:00,15.9526,64.825,14.27,3.887
5451,3/26/2026 8:15,15.9679,64.825,14.2714,3.919
5452,3/26/2026 8:30,15.9446,64.996,14.2736,3.86
5453,3/26/2026 8:45,15.8831,64.996,14.2794,3.705
5454,3/26/2026 9:00,15.907,64.996,14.2795,3.76
5455,3/26/2026 9:15,15.9246,65.167,14.2793,3.801
5456,3/26/2026 9:30,15.8767,65.167,14.2829,3.682
5457,3/26/2026 9:45,15.8989,65.167,14.279,3.742
5458,3/26/2026 10:00,15.858,65.167,14.2785,3.649
5459,3/26/2026 10:15,15.8631,65.167,14.2758,3.667
5460,3/26/2026 10:30,15.8734,65.167,14.2785,3.684
5461,3/26/2026 10:45,15.8602,65.338,14.2758,3.66
5462,3/26/2026 11:00,15.8687,65.338,14.2745,3.683
5463,3/26/2026 11:15,15.8316,65.509,14.2756,3.595
5464,3/26/2026 11:30,15.8214,65.509,14.2707,3.582
5465,3/26/2026 11:45,15.8287,65.68,14.271,3.599
5466,3/26/2026 12:00,15.8116,65.68,14.2688,3.564
5467,3/26/2026 12:15,15.7814,65.851,14.2636,3.507
5468,3/26/2026 12:30,15.8313,66.022,14.263,3.623
5469,3/26/2026 12:45,15.7887,66.022,14.2581,3.536
5470,3/26/2026 13:00,15.7856,66.193,14.2523,3.543
5471,3/26/2026 13:15,15.755,66.193,14.2498,3.478
5472,3/26/2026 13:30,15.7623,66.366,14.2488,3.497
5473,3/26/2026 13:45,15.7724,66.366,14.2446,3.53
5474,3/26/2026 14:00,15.7746,66.537,14.2446,3.535
5475,3/26/2026 14:15,15.7576,66.537,14.2427,3.5
5476,3/26/2026 14:30,15.7598,66.708,14.2384,3.515
5477,3/26/2026 14:45,15.753,66.708,14.2402,3.495
5478,3/26/2026 15:00,15.7308,66.708,14.2421,3.44
5479,3/26/2026 15:15,15.7462,66.708,14.2372,3.486
5480,3/26/2026 15:30,15.7394,66.708,14.2391,3.466
5481,3/26/2026 15:45,15.7222,66.708,14.2382,3.429
5482,3/26/2026 16:00,15.7172,66.708,14.2385,3.416
5483,3/26/2026 16:15,15.7192,66.879,14.2362,3.427
5484,3/26/2026 16:30,15.7159,66.879,14.2398,3.41
5485,3/26/2026 16:45,15.7022,66.879,14.2417,3.375
5486,3/26/2026 17:00,15.6915,66.708,14.2411,3.351
5487,3/26/2026 17:15,15.7051,66.708,14.245,3.374
5488,3/26/2026 17:30,15.7051,66.708,14.2475,3.368
5489,3/26/2026 17:45,15.6829,66.708,14.2508,3.309
5490,3/26/2026 18:00,15.7102,66.708,14.2495,3.375
5491,3/26/2026 18:15,15.6864,66.708,14.2504,3.318
5492,3/26/2026 18:30,15.6983,66.708,14.2543,3.336
5493,3/26/2026 18:45,15.6897,66.708,14.2531,3.319
5494,3/26/2026 19:00,15.6761,66.708,14.2556,3.282
5495,3/26/2026 19:15,15.7086,66.708,14.2581,3.351
5496,3/26/2026 19:30,15.6932,66.708,14.2603,3.311
5497,3/26/2026 19:45,15.6966,66.708,14.2646,3.308
5498,3/26/2026 20:00,15.6882,66.708,14.2643,3.29
5499,3/26/2026 20:15,15.6796,66.708,14.2646,3.269
5500,3/26/2026 20:30,15.6792,66.537,14.2659,3.265
5501,3/26/2026 20:45,15.6996,66.537,14.2678,3.308
5502,3/26/2026 21:00,15.6876,66.537,14.2681,3.28
5503,3/26/2026 21:15,15.6792,66.537,14.2661,3.265
5504,3/26/2026 21:30,15.6786,66.366,14.2675,3.26
5505,3/26/2026 21:45,15.6752,66.366,14.2679,3.251
5506,3/26/2026 22:00,15.6752,66.366,14.2663,3.255
5507,3/26/2026 22:15,15.6649,66.366,14.2672,3.229
5508,3/26/2026 22:30,15.6531,66.366,14.2611,3.216
5509,3/26/2026 22:45,15.6594,66.193,14.2636,3.225
5510,3/26/2026 23:00,15.6628,66.193,14.2646,3.23
5511,3/26/2026 23:15,15.6628,66.193,14.2646,3.23
5512,3/26/2026 23:30,15.6542,66.193,14.2639,3.212
5513,3/26/2026 23:45,15.6577,66.193,14.2624,3.224
5514,3/27/2026 0:00,15.6338,66.193,14.2578,3.179
5515,3/27/2026 0:15,15.647,66.022,14.2578,3.209
5516,3/27/2026 0:30,15.6316,66.022,14.2558,3.179
5517,3/27/2026 0:45,15.6111,66.022,14.2536,3.136
5518,3/27/2026 1:00,15.6162,66.022,14.2566,3.141
5519,3/27/2026 1:15,15.6243,65.851,14.2505,3.174
5520,3/27/2026 1:30,15.6142,65.851,14.25,3.152
5521,3/27/2026 1:45,15.5971,65.851,14.2469,3.119
5522,3/27/2026 2:00,15.6124,65.851,14.2469,3.155
5523,3/27/2026 2:15,15.6188,65.68,14.2431,3.178
5524,3/27/2026 2:30,15.6188,65.68,14.2411,3.183
5525,3/27/2026 2:45,15.6204,65.68,14.2405,3.188
5526,3/27/2026 3:00,15.6052,65.68,14.2368,3.161
5527,3/27/2026 3:15,15.6,65.68,14.2378,3.147
5528,3/27/2026 3:30,15.5898,65.68,14.2378,3.124
5529,3/27/2026 3:45,15.6013,65.509,14.2356,3.155
5530,3/27/2026 4:00,15.5927,65.509,14.2356,3.135
5531,3/27/2026 4:15,15.5876,65.509,14.2359,3.123
5532,3/27/2026 4:30,15.5995,65.509,14.2391,3.143
5533,3/27/2026 4:45,15.5855,65.338,14.2385,3.112
5534,3/27/2026 5:00,15.5769,65.338,14.24,3.089
5535,3/27/2026 5:15,15.5872,65.338,14.2385,3.116
5536,3/27/2026 5:30,15.5736,65.338,14.2424,3.075
5537,3/27/2026 5:45,15.5918,65.167,14.2427,3.117
5538,3/27/2026 6:00,15.5866,65.167,14.2437,3.102
5539,3/27/2026 6:15,15.5846,64.996,14.2514,3.08
5540,3/27/2026 6:30,15.5862,64.996,14.2514,3.083
5541,3/27/2026 6:45,15.5914,64.996,14.255,3.087
5542,3/27/2026 7:00,15.5789,64.825,14.2587,3.05
5543,3/27/2026 7:15,15.5721,64.825,14.2623,3.026
5544,3/27/2026 7:30,15.5772,64.825,14.2629,3.036
5545,3/27/2026 7:45,15.5943,64.825,14.265,3.071
5546,3/27/2026 8:00,15.5908,64.825,14.27,3.051
5547,3/27/2026 8:15,15.5947,64.996,14.2717,3.056
5548,3/27/2026 8:30,15.5862,64.996,14.272,3.036
5549,3/27/2026 8:45,15.5914,64.996,14.2737,3.044
5550,3/27/2026 9:00,15.5936,65.167,14.278,3.039
5551,3/27/2026 9:15,15.5969,65.167,14.2807,3.041
5552,3/27/2026 9:30,15.6037,65.167,14.2798,3.058
5553,3/27/2026 9:45,15.5815,65.167,14.2829,3
5554,3/27/2026 10:00,15.5872,65.338,14.2813,3.017
5555,3/27/2026 10:15,15.5804,65.338,14.2785,3.007
5556,3/27/2026 10:30,15.5773,65.509,14.2791,2.999
5557,3/27/2026 10:45,15.5676,65.68,14.2781,2.979
5558,3/27/2026 11:00,15.571,65.68,14.2768,2.99
5559,3/27/2026 11:15,15.5595,65.851,14.2726,2.973
5560,3/27/2026 11:30,15.565,66.022,14.2724,2.986
5561,3/27/2026 11:45,15.5707,66.193,14.2704,3.004
5562,3/27/2026 12:00,15.5502,66.193,14.2691,2.96
5563,3/27/2026 12:15,15.557,66.193,14.2675,2.979
5564,3/27/2026 12:30,15.5557,66.366,14.2661,2.98
5565,3/27/2026 12:45,15.537,66.366,14.262,2.946
5566,3/27/2026 13:00,15.5353,66.366,14.26,2.946
5567,3/27/2026 13:15,15.5404,66.366,14.2608,2.956
5568,3/27/2026 13:30,15.5472,66.366,14.2562,2.983
5569,3/27/2026 13:45,15.5335,66.366,14.2584,2.946
5570,3/27/2026 14:00,15.5267,66.366,14.2543,2.94
5571,3/27/2026 14:15,15.5357,66.537,14.2543,2.961
5572,3/27/2026 14:30,15.5289,66.537,14.2529,2.948
5573,3/27/2026 14:45,15.5272,66.537,14.2547,2.94
5574,3/27/2026 15:00,15.5357,66.537,14.251,2.968
5575,3/27/2026 15:15,15.5408,66.537,14.251,2.98
5576,3/27/2026 15:30,15.5425,66.537,14.2526,2.98
5577,3/27/2026 15:45,15.546,66.537,14.2501,2.994
5578,3/27/2026 16:00,15.5665,66.537,14.2482,3.046
5579,3/27/2026 16:15,15.5733,66.537,14.2507,3.056
5580,3/27/2026 16:30,15.5784,66.537,14.2507,3.067
5581,3/27/2026 16:45,15.5768,66.537,14.255,3.054
5582,3/27/2026 17:00,15.5733,66.537,14.2572,3.041
5583,3/27/2026 17:15,15.5955,66.537,14.2531,3.101
5584,3/27/2026 17:30,15.5852,66.537,14.2578,3.067
5585,3/27/2026 17:45,15.5937,66.537,14.2581,3.086
5586,3/27/2026 18:00,15.5869,66.537,14.2517,3.085
5587,3/27/2026 18:15,15.575,66.537,14.2489,3.064
5588,3/27/2026 18:30,15.5887,66.537,14.2542,3.083
5589,3/27/2026 18:45,15.5614,66.537,14.2569,3.014
5590,3/27/2026 19:00,15.5784,66.537,14.2598,3.046
5591,3/27/2026 19:15,15.5715,66.537,14.2656,3.017
5592,3/27/2026 19:30,15.5784,66.537,14.2637,3.037
5593,3/27/2026 19:45,15.5869,66.537,14.2681,3.047
5594,3/27/2026 20:00,15.5869,66.537,14.27,3.043
5595,3/27/2026 20:15,15.6142,66.537,14.2719,3.101
5596,3/27/2026 20:30,15.6467,66.537,14.2713,3.178
5597,3/27/2026 20:45,15.7093,66.366,14.2737,3.317
5598,3/27/2026 21:00,15.7554,66.366,14.2762,3.418
5599,3/27/2026 21:15,15.8164,66.193,14.2756,3.56
5600,3/27/2026 21:30,15.8284,66.193,14.2817,3.573
5601,3/27/2026 21:45,15.9137,66.193,14.2827,3.768
5602,3/27/2026 22:00,15.9222,66.193,14.2836,3.786
5603,3/27/2026 22:15,15.9695,66.022,14.282,3.899
5604,3/27/2026 22:30,15.932,66.022,14.2836,3.808
5605,3/27/2026 22:45,15.9713,66.022,14.28,3.907
5606,3/27/2026 23:00,15.9895,65.851,14.2824,3.944
5607,3/27/2026 23:15,15.9691,65.851,14.2813,3.899
5608,3/27/2026 23:30,15.9724,65.851,14.2822,3.905
5609,3/27/2026 23:45,15.9839,65.68,14.2822,3.931
5610,3/28/2026 0:00,15.9823,65.68,14.2822,3.928
5611,3/28/2026 0:15,15.9959,65.68,14.2816,3.961
5612,3/28/2026 0:30,15.8679,65.68,14.2816,3.665
5613,3/28/2026 0:45,15.9993,65.68,14.278,3.977
5614,3/28/2026 1:00,16.0278,65.509,14.278,4.043
5615,3/28/2026 1:15,16.021,65.509,14.2774,4.028
5616,3/28/2026 1:30,16.0296,65.509,14.2774,4.048
5617,3/28/2026 1:45,16.0603,65.509,14.2721,4.131
5618,3/28/2026 2:00,16.0397,65.509,14.2691,4.09
5619,3/28/2026 2:15,16.0329,65.509,14.2661,4.082
5620,3/28/2026 2:30,16.0206,65.338,14.2645,4.057
5621,3/28/2026 2:45,16.0854,65.338,14.2669,4.201
5622,3/28/2026 3:00,16.099,65.338,14.2653,4.236
5623,3/28/2026 3:15,16.0529,65.338,14.2639,4.133
5624,3/28/2026 3:30,16.0507,65.167,14.2617,4.133
5625,3/28/2026 3:45,16.0081,65.167,14.2617,4.034
5626,3/28/2026 4:00,15.9791,65.167,14.2617,3.967
5627,3/28/2026 4:15,16.0371,65.167,14.2633,4.098
5628,3/28/2026 4:30,15.965,64.996,14.2603,3.938
5629,3/28/2026 4:45,15.965,64.996,14.2679,3.92
5630,3/28/2026 5:00,15.9685,64.996,14.2688,3.926
5631,3/28/2026 5:15,15.9821,64.996,14.2719,3.951
5632,3/28/2026 5:30,15.9718,64.996,14.2719,3.927
5633,3/28/2026 5:45,15.9615,64.996,14.2749,3.896
5634,3/28/2026 6:00,15.9321,64.825,14.2795,3.817
5635,3/28/2026 6:15,15.9389,64.825,14.282,3.827
5636,3/28/2026 6:30,15.9066,64.825,14.2829,3.751
5637,3/28/2026 6:45,15.9611,64.825,14.2869,3.867
5638,3/28/2026 7:00,15.956,64.825,14.29,3.849
5639,3/28/2026 7:15,15.9663,64.825,14.2925,3.867
5640,3/28/2026 7:30,15.9936,64.825,14.2961,3.921
5641,3/28/2026 7:45,15.9833,64.825,14.2983,3.892
5642,3/28/2026 8:00,15.9837,64.996,14.2974,3.896
5643,3/28/2026 8:15,16.0094,64.996,14.2969,3.956
5644,3/28/2026 8:30,16.0026,64.996,14.2981,3.937
5645,3/28/2026 8:45,16.0043,64.996,14.299,3.939
5646,3/28/2026 9:00,16.0248,64.996,14.3078,3.966
5647,3/28/2026 9:15,16.0026,64.996,14.3094,3.911
5648,3/28/2026 9:30,15.9787,64.996,14.3109,3.853
5649,3/28/2026 9:45,16.0009,64.996,14.3106,3.905
5650,3/28/2026 10:00,15.9995,65.167,14.3087,3.906
5651,3/28/2026 10:15,15.9859,65.167,14.309,3.874
5652,3/28/2026 10:30,15.9501,65.167,14.3096,3.79
5653,3/28/2026 10:45,15.9553,65.167,14.3096,3.802
5654,3/28/2026 11:00,15.8989,65.167,14.3093,3.672
5655,3/28/2026 11:15,15.9318,65.338,14.312,3.742
5656,3/28/2026 11:30,15.9318,65.338,14.3104,3.746
5657,3/28/2026 11:45,15.9217,65.338,14.3074,3.729
5658,3/28/2026 12:00,15.8892,65.338,14.3049,3.66
5659,3/28/2026 12:15,15.9318,65.338,14.3074,3.753
5660,3/28/2026 12:30,15.9101,65.509,14.3003,3.719
5661,3/28/2026 12:45,15.9237,65.509,14.2994,3.752
5662,3/28/2026 13:00,15.9237,65.509,14.2975,3.757
5663,3/28/2026 13:15,15.9533,65.68,14.2954,3.83
5664,3/28/2026 13:30,15.9327,65.68,14.2933,3.787
5665,3/28/2026 13:45,15.9412,65.68,14.2901,3.814
5666,3/28/2026 14:00,15.8731,65.68,14.2887,3.66
5667,3/28/2026 14:15,15.9498,65.68,14.2871,3.841
5668,3/28/2026 14:30,15.952,65.851,14.2827,3.856
5669,3/28/2026 14:45,15.9383,65.851,14.2824,3.826
5670,3/28/2026 15:00,15.8906,65.851,14.2819,3.717
5671,3/28/2026 15:15,15.9247,65.851,14.2813,3.797
5672,3/28/2026 15:30,15.9383,65.851,14.2846,3.821
5673,3/28/2026 15:45,15.9383,65.851,14.2851,3.82
5674,3/28/2026 16:00,15.9537,65.851,14.2823,3.861
5675,3/28/2026 16:15,15.9827,65.851,14.2842,3.924
5676,3/28/2026 16:30,15.9333,65.851,14.2861,3.805
5677,3/28/2026 16:45,15.9878,65.851,14.2869,3.929
5678,3/28/2026 17:00,15.9537,65.851,14.2864,3.852
5679,3/28/2026 17:15,15.9486,65.851,14.2872,3.838
5680,3/28/2026 17:30,15.9327,65.68,14.2867,3.803
5681,3/28/2026 17:45,15.9344,65.68,14.2891,3.801
5682,3/28/2026 18:00,15.9072,65.68,14.291,3.734
5683,3/28/2026 18:15,15.9276,65.68,14.2951,3.772
5684,3/28/2026 18:30,15.8931,65.509,14.2935,3.695
5685,3/28/2026 18:45,15.9169,65.509,14.2959,3.745
5686,3/28/2026 19:00,15.9391,65.509,14.299,3.789
5687,3/28/2026 19:15,15.905,65.509,14.2996,3.709
5688,3/28/2026 19:30,15.9353,65.338,14.3042,3.768
5689,3/28/2026 19:45,15.8927,65.338,14.3083,3.66
5690,3/28/2026 20:00,15.925,65.338,14.3067,3.739
5691,3/28/2026 20:15,15.9267,65.338,14.3113,3.732
5692,3/28/2026 20:30,15.887,65.167,14.3122,3.638
5693,3/28/2026 20:45,15.9041,65.167,14.3091,3.685
5694,3/28/2026 21:00,15.8784,65.167,14.3116,3.62
5695,3/28/2026 21:15,15.9006,65.167,14.3177,3.657
5696,3/28/2026 21:30,15.8883,64.996,14.3193,3.625
5697,3/28/2026 21:45,15.8866,64.996,14.3187,3.622
5698,3/28/2026 22:00,15.8866,64.996,14.3218,3.615
5699,3/28/2026 22:15,15.8985,64.996,14.3242,3.637
5700,3/28/2026 22:30,15.869,64.825,14.3226,3.572
5701,3/28/2026 22:45,15.8861,64.825,14.3212,3.615
5702,3/28/2026 23:00,15.8554,64.825,14.319,3.549
5703,3/28/2026 23:15,15.869,64.825,14.3206,3.577
5704,3/28/2026 23:30,15.8583,64.652,14.3159,3.563
5705,3/28/2026 23:45,15.8378,64.652,14.3129,3.523
5706,3/29/2026 0:00,15.8549,64.652,14.3107,3.567
5707,3/29/2026 0:15,15.8207,64.652,14.3093,3.491
5708,3/29/2026 0:30,15.8345,64.652,14.3107,3.52
5709,3/29/2026 0:45,15.8152,64.481,14.3107,3.475
5710,3/29/2026 1:00,15.8545,64.481,14.3101,3.567
5711,3/29/2026 1:15,15.8255,64.481,14.3087,3.504
5712,3/29/2026 1:30,15.7981,64.481,14.3071,3.444
5713,3/29/2026 1:45,15.8288,64.481,14.3065,3.516
5714,3/29/2026 2:00,15.8148,64.31,14.3035,3.491
5715,3/29/2026 2:15,15.8011,64.31,14.2999,3.468
5716,3/29/2026 2:30,15.7704,64.31,14.2999,3.397
5717,3/29/2026 2:45,15.7653,64.31,14.2983,3.389
5718,3/29/2026 3:00,15.7994,64.31,14.2967,3.471
5719,3/29/2026 3:15,15.7653,64.31,14.2952,3.396
5720,3/29/2026 3:30,15.7939,64.139,14.2977,3.456
5721,3/29/2026 3:45,15.7733,64.139,14.2946,3.415
5722,3/29/2026 4:00,15.7528,64.139,14.293,3.372
5723,3/29/2026 4:15,15.7579,64.139,14.2946,3.38
5724,3/29/2026 4:30,15.7733,64.139,14.2955,3.413
5725,3/29/2026 4:45,15.7695,63.968,14.294,3.408
5726,3/29/2026 5:00,15.7832,63.968,14.2925,3.443
5727,3/29/2026 5:15,15.761,63.968,14.2949,3.386
5728,3/29/2026 5:30,15.7115,63.968,14.2949,3.272
5729,3/29/2026 5:45,15.7456,63.968,14.2919,3.358
5730,3/29/2026 6:00,15.7678,63.968,14.2965,3.398
5731,3/29/2026 6:15,15.7724,63.797,14.2996,3.402
5732,3/29/2026 6:30,15.7656,63.797,14.3026,3.379
5733,3/29/2026 6:45,15.7588,63.797,14.3051,3.358
5734,3/29/2026 7:00,15.7759,63.797,14.3051,3.397
5735,3/29/2026 7:15,15.7605,63.797,14.3081,3.355
5736,3/29/2026 7:30,15.7452,63.797,14.3097,3.316
5737,3/29/2026 7:45,15.7621,63.797,14.3112,3.351
5738,3/29/2026 8:00,15.7553,63.797,14.3139,3.329
5739,3/29/2026 8:15,15.7724,63.797,14.3161,3.364
5740,3/29/2026 8:30,15.7729,63.968,14.3162,3.364
5741,3/29/2026 8:45,15.7559,63.968,14.3196,3.318
5742,3/29/2026 9:00,15.7711,63.968,14.3174,3.358
5743,3/29/2026 9:15,15.7541,63.968,14.3207,3.311
5744,3/29/2026 9:30,15.7763,63.968,14.3197,3.364
5745,3/29/2026 9:45,15.7563,64.139,14.3189,3.32
5746,3/29/2026 10:00,15.7443,64.139,14.3247,3.279
5747,3/29/2026 10:15,15.746,64.139,14.3231,3.287
5748,3/29/2026 10:30,15.7324,64.139,14.3191,3.264
5749,3/29/2026 10:45,15.7631,64.139,14.3213,3.33
5750,3/29/2026 11:00,15.7563,64.139,14.3194,3.319
5751,3/29/2026 11:15,15.7499,64.31,14.3181,3.307
5752,3/29/2026 11:30,15.7396,64.31,14.3184,3.283
5753,3/29/2026 11:45,15.7214,64.481,14.3181,3.241
5754,3/29/2026 12:00,15.7282,64.481,14.3162,3.261
5755,3/29/2026 12:15,15.735,64.481,14.3158,3.278
5756,3/29/2026 12:30,15.7354,64.652,14.313,3.286
5757,3/29/2026 12:45,15.7048,64.652,14.3106,3.221
5758,3/29/2026 13:00,15.7201,64.652,14.3067,3.265
5759,3/29/2026 13:15,15.7082,64.652,14.3051,3.241
5760,3/29/2026 13:30,15.6758,64.652,14.3004,3.177
5761,3/29/2026 13:45,15.7082,64.652,14.2971,3.26
5762,3/29/2026 14:00,15.6945,64.652,14.2938,3.236
5763,3/29/2026 14:15,15.6813,64.825,14.2933,3.206
5764,3/29/2026 14:30,15.6899,64.825,14.2888,3.236
5765,3/29/2026 14:45,15.6732,64.996,14.2885,3.199
5766,3/29/2026 15:00,15.675,64.996,14.2916,3.196
5767,3/29/2026 15:15,15.6822,65.167,14.2891,3.218
5768,3/29/2026 15:30,15.6771,65.167,14.2881,3.209
5769,3/29/2026 15:45,15.6652,65.167,14.2888,3.18
5770,3/29/2026 16:00,15.6652,65.167,14.2867,3.185
5771,3/29/2026 16:15,15.66,65.167,14.2836,3.18
5772,3/29/2026 16:30,15.6584,65.167,14.2845,3.174
5773,3/29/2026 16:45,15.6668,65.167,14.2885,3.184
5774,3/29/2026 17:00,15.6686,65.167,14.2919,3.18
5775,3/29/2026 17:15,15.6839,65.167,14.2922,3.215
5776,3/29/2026 17:30,15.6481,65.167,14.2955,3.125
5777,3/29/2026 17:45,15.6499,65.167,14.2954,3.129
5778,3/29/2026 18:00,15.6668,65.167,14.2965,3.166
5779,3/29/2026 18:15,15.6647,64.996,14.2978,3.157
5780,3/29/2026 18:30,15.6732,64.996,14.2967,3.18
5781,3/29/2026 18:45,15.6545,64.996,14.2994,3.13
5782,3/29/2026 19:00,15.6716,64.996,14.2985,3.172
5783,3/29/2026 19:15,15.6631,64.996,14.2983,3.153
5784,3/29/2026 19:30,15.6545,64.996,14.2996,3.13
5785,3/29/2026 19:45,15.6664,64.996,14.3016,3.153
5786,3/29/2026 20:00,15.6626,64.825,14.3023,3.142
5787,3/29/2026 20:15,15.6677,64.825,14.3054,3.147
5788,3/29/2026 20:30,15.671,64.825,14.3038,3.158
5789,3/29/2026 20:45,15.6574,64.825,14.3062,3.121
5790,3/29/2026 21:00,15.6506,64.825,14.3109,3.095
5791,3/29/2026 21:15,15.6728,64.825,14.3164,3.133
5792,3/29/2026 21:30,15.662,64.652,14.318,3.105
5793,3/29/2026 21:45,15.6484,64.652,14.3204,3.068
5794,3/29/2026 22:00,15.6502,64.652,14.3197,3.073
5795,3/29/2026 22:15,15.6673,64.652,14.3191,3.114
5796,3/29/2026 22:30,15.6451,64.652,14.3155,3.071
5797,3/29/2026 22:45,15.6587,64.652,14.3133,3.108
5798,3/29/2026 23:00,15.6668,64.481,14.3133,3.126
5799,3/29/2026 23:15,15.6668,64.481,14.319,3.113
5800,3/29/2026 23:30,15.648,64.481,14.3144,3.081
5801,3/29/2026 23:45,15.6515,64.481,14.3138,3.09
5802,3/30/2026 0:00,15.6531,64.481,14.3122,3.097
5803,3/30/2026 0:15,15.6458,64.31,14.3086,3.089
5804,3/30/2026 0:30,15.6407,64.31,14.3116,3.07
5805,3/30/2026 0:45,15.6203,64.31,14.3055,3.037
5806,3/30/2026 1:00,15.6458,64.31,14.3019,3.104
5807,3/30/2026 1:15,15.6407,64.31,14.3003,3.096
5808,3/30/2026 1:30,15.6254,64.31,14.2972,3.068
5809,3/30/2026 1:45,15.63,64.139,14.2956,3.082
5810,3/30/2026 2:00,15.6283,64.139,14.2936,3.083
5811,3/30/2026 2:15,15.6198,64.139,14.2936,3.063
5812,3/30/2026 2:30,15.6181,64.139,14.2936,3.059
5813,3/30/2026 2:45,15.6113,64.139,14.292,3.047
5814,3/30/2026 3:00,15.6164,64.139,14.2906,3.062
5815,3/30/2026 3:15,15.601,64.139,14.2868,3.036
5816,3/30/2026 3:30,15.613,64.139,14.2868,3.063
5817,3/30/2026 3:45,15.6023,63.968,14.2923,3.026
5818,3/30/2026 4:00,15.5988,63.968,14.2878,3.028
5819,3/30/2026 4:15,15.604,63.968,14.2878,3.04
5820,3/30/2026 4:30,15.604,63.968,14.2872,3.042
5821,3/30/2026 4:45,15.5988,63.968,14.2903,3.022
5822,3/30/2026 5:00,15.6124,63.968,14.2887,3.058
5823,3/30/2026 5:15,15.6194,63.968,14.2911,3.068
5824,3/30/2026 5:30,15.604,63.968,14.2927,3.029
5825,3/30/2026 5:45,15.6124,63.968,14.2967,3.039
5826,3/30/2026 6:00,15.6172,63.797,14.2967,3.05
5827,3/30/2026 6:15,15.624,63.797,14.3029,3.052
5828,3/30/2026 6:30,15.6223,63.797,14.3029,3.048
5829,3/30/2026 6:45,15.6155,63.797,14.3038,3.03
5830,3/30/2026 7:00,15.6155,63.797,14.3038,3.03
5831,3/30/2026 7:15,15.624,63.797,14.3084,3.039
5832,3/30/2026 7:30,15.6188,63.797,14.3136,3.015
5833,3/30/2026 7:45,15.6206,63.797,14.312,3.022
5834,3/30/2026 8:00,15.6342,63.797,14.3142,3.049
5835,3/30/2026 8:15,15.6227,63.968,14.3168,3.016
5836,3/30/2026 8:30,15.6194,63.968,14.3135,3.016
5837,3/30/2026 8:45,15.6245,63.968,14.3199,3.013
5838,3/30/2026 9:00,15.6381,63.968,14.3226,3.039
5839,3/30/2026 9:15,15.6232,64.139,14.3229,3.003
5840,3/30/2026 9:30,15.63,64.139,14.3206,3.025
5841,3/30/2026 9:45,15.6403,64.139,14.3239,3.041
5842,3/30/2026 10:00,15.6271,64.31,14.3291,2.998
5843,3/30/2026 10:15,15.6254,64.31,14.3273,2.998
5844,3/30/2026 10:30,15.6343,64.481,14.3276,3.019
5845,3/30/2026 10:45,15.6314,64.652,14.3294,3.008
5846,3/30/2026 11:00,15.6399,64.652,14.3265,3.034
5847,3/30/2026 11:15,15.637,64.825,14.3276,3.025
5848,3/30/2026 11:30,15.6251,64.825,14.3268,2.999
5849,3/30/2026 11:45,15.6251,64.825,14.3257,3.002
5850,3/30/2026 12:00,15.6255,64.996,14.3235,3.008
5851,3/30/2026 12:15,15.6187,64.996,14.3175,3.006
5852,3/30/2026 12:30,15.6209,65.167,14.3142,3.018
5853,3/30/2026 12:45,15.5786,65.338,14.3109,2.929
5854,3/30/2026 13:00,15.5398,65.509,14.309,2.843
5855,3/30/2026 13:15,15.5232,65.68,14.3035,2.818
5856,3/30/2026 13:30,15.5254,65.851,14.3068,2.815
5857,3/30/2026 13:45,15.5272,65.851,14.3051,2.823
5858,3/30/2026 14:00,15.5408,65.851,14.3007,2.865
5859,3/30/2026 14:15,15.548,66.022,14.2999,2.884
5860,3/30/2026 14:30,15.536,66.022,14.2996,2.857
5861,3/30/2026 14:45,15.5377,66.022,14.2971,2.866
5862,3/30/2026 15:00,15.5373,65.851,14.2964,2.867
5863,3/30/2026 15:15,15.5373,65.851,14.2933,2.874
5864,3/30/2026 15:30,15.5391,65.851,14.2903,2.885
5865,3/30/2026 15:45,15.5202,65.851,14.2891,2.844
5866,3/30/2026 16:00,15.5373,65.851,14.2933,2.874
5867,3/30/2026 16:15,15.5305,65.851,14.2922,2.861
5868,3/30/2026 16:30,15.5272,65.851,14.2919,2.854
5869,3/30/2026 16:45,15.5305,65.851,14.2958,2.852
5870,3/30/2026 17:00,15.5288,65.851,14.2974,2.845
5871,3/30/2026 17:15,15.5288,65.851,14.3004,2.838
5872,3/30/2026 17:30,15.534,65.851,14.3035,2.843
5873,3/30/2026 17:45,15.5334,65.68,14.3038,2.841
5874,3/30/2026 18:00,15.5283,65.68,14.3026,2.832
5875,3/30/2026 18:15,15.5318,65.68,14.301,2.843
5876,3/30/2026 18:30,15.5318,65.68,14.3042,2.836
5877,3/30/2026 18:45,15.5398,65.509,14.3051,2.852
5878,3/30/2026 19:00,15.5483,65.509,14.3058,2.87
5879,3/30/2026 19:15,15.545,65.509,14.3094,2.854
5880,3/30/2026 19:30,15.5398,65.509,14.31,2.841
5881,3/30/2026 19:45,15.5393,65.338,14.311,2.838
5882,3/30/2026 20:00,15.5446,65.338,14.3119,2.848
5883,3/30/2026 20:15,15.536,65.338,14.3138,2.824
5884,3/30/2026 20:30,15.5411,65.338,14.3141,2.835
5885,3/30/2026 20:45,15.5446,65.338,14.3113,2.849
5886,3/30/2026 21:00,15.544,65.167,14.3148,2.84
5887,3/30/2026 21:15,15.5543,65.167,14.3173,2.858
5888,3/30/2026 21:30,15.5611,65.167,14.3222,2.862
5889,3/30/2026 21:45,15.5538,64.996,14.3209,2.848
5890,3/30/2026 22:00,15.5556,64.996,14.3233,2.847
5891,3/30/2026 22:15,15.5435,64.996,14.3228,2.82
5892,3/30/2026 22:30,15.5538,64.996,14.3216,2.847
5893,3/30/2026 22:45,15.5466,64.825,14.3194,2.835
5894,3/30/2026 23:00,15.5431,64.825,14.3197,2.826
5895,3/30/2026 23:15,15.5482,64.825,14.3207,2.835
5896,3/30/2026 23:30,15.5392,64.652,14.3186,2.82
5897,3/30/2026 23:45,15.5308,64.652,14.3174,2.803
5898,3/31/2026 0:00,15.5392,64.652,14.3138,2.831
5899,3/31/2026 0:15,15.5302,64.481,14.3132,2.811
5900,3/31/2026 0:30,15.5286,64.481,14.3126,2.809
5901,3/31/2026 0:45,15.5315,64.31,14.3135,2.813
5902,3/31/2026 1:00,15.5161,64.31,14.3099,2.786
5903,3/31/2026 1:15,15.5214,64.31,14.3087,2.801
5904,3/31/2026 1:30,15.5106,64.139,14.3035,2.788
5905,3/31/2026 1:45,15.5055,64.139,14.3004,2.784
5906,3/31/2026 2:00,15.5003,64.139,14.2983,2.777
5907,3/31/2026 2:15,15.4999,63.968,14.2961,2.781
5908,3/31/2026 2:30,15.5016,63.968,14.2955,2.786
5909,3/31/2026 2:45,15.4845,63.968,14.294,2.75
5910,3/31/2026 3:00,15.4913,63.968,14.291,2.773
5911,3/31/2026 3:15,15.4897,63.968,14.2965,2.756
5912,3/31/2026 3:30,15.4794,63.968,14.2919,2.743
5913,3/31/2026 3:45,15.4863,63.968,14.2949,2.752
5914,3/31/2026 4:00,15.4812,63.968,14.2935,2.743
5915,3/31/2026 4:15,15.4841,63.797,14.2955,2.745
5916,3/31/2026 4:30,15.479,63.797,14.294,2.737
5917,3/31/2026 4:45,15.4807,63.797,14.2985,2.731
5918,3/31/2026 5:00,15.4755,63.797,14.298,2.72
5919,3/31/2026 5:15,15.479,63.797,14.2996,2.724
5920,3/31/2026 5:30,15.479,63.797,14.301,2.721
5921,3/31/2026 5:45,15.4823,63.797,14.3057,2.718
5922,3/31/2026 6:00,15.479,63.797,14.3072,2.706
5923,3/31/2026 6:15,15.4841,63.797,14.3103,2.711
5924,3/31/2026 6:30,15.4876,63.797,14.3133,2.712
5925,3/31/2026 6:45,15.4909,63.797,14.3155,2.715
5926,3/31/2026 7:00,15.4926,63.797,14.3175,2.714
5927,3/31/2026 7:15,15.4892,63.797,14.3181,2.705
5928,3/31/2026 7:30,15.4909,63.797,14.3197,2.705
5929,3/31/2026 7:45,15.4892,63.797,14.3233,2.693
5930,3/31/2026 8:00,15.496,63.797,14.3255,2.703
5931,3/31/2026 8:15,15.4995,63.797,14.3283,2.705
5932,3/31/2026 8:30,15.4913,63.968,14.3278,2.687
5933,3/31/2026 8:45,15.4966,63.968,14.3293,2.696
5934,3/31/2026 9:00,15.505,63.968,14.3345,2.704
5935,3/31/2026 9:15,15.5106,64.139,14.3354,2.715
5936,3/31/2026 9:30,15.5243,64.139,14.3368,2.743
5937,3/31/2026 9:45,15.5225,64.139,14.3367,2.739
5938,3/31/2026 10:00,15.5225,64.139,14.3345,2.744
5939,3/31/2026 10:15,15.5247,64.31,14.3351,2.748
5940,3/31/2026 10:30,15.5218,64.481,14.336,2.739
5941,3/31/2026 10:45,15.524,64.652,14.3339,2.749
5942,3/31/2026 11:00,15.5141,64.825,14.3342,2.726
5943,3/31/2026 11:15,15.5231,64.996,14.3305,2.755
5944,3/31/2026 11:30,15.5121,65.338,14.3307,2.729
5945,3/31/2026 11:45,15.5079,65.68,14.3315,2.718
5946,3/31/2026 12:00,15.514,66.022,14.328,2.74
5947,3/31/2026 12:15,15.5076,66.193,14.3235,2.736
5948,3/31/2026 12:30,15.5102,66.537,14.3255,2.737
5949,3/31/2026 12:45,15.505,66.537,14.3191,2.74
5950,3/31/2026 13:00,15.5038,66.708,14.3204,2.734
5951,3/31/2026 13:15,15.5124,66.708,14.3207,2.753
5952,3/31/2026 13:30,15.5055,66.708,14.3161,2.748
5953,3/31/2026 13:45,15.5118,66.537,14.3149,2.765
5954,3/31/2026 14:00,15.5085,66.537,14.31,2.769
5955,3/31/2026 14:15,15.5063,66.366,14.3084,2.768
5956,3/31/2026 14:30,15.4995,66.366,14.3036,2.763
5957,3/31/2026 14:45,15.499,66.193,14.3007,2.768
5958,3/31/2026 15:00,15.4973,66.193,14.302,2.761
5959,3/31/2026 15:15,15.5008,66.193,14.3026,2.768
5960,3/31/2026 15:30,15.4934,66.022,14.2999,2.757
5961,3/31/2026 15:45,15.4968,66.022,14.3001,2.765
5962,3/31/2026 16:00,15.4968,66.022,14.2958,2.775
5963,3/31/2026 16:15,15.4918,66.022,14.2983,2.757
5964,3/31/2026 16:30,15.4918,66.022,14.2977,2.759
5965,3/31/2026 16:45,15.4951,66.022,14.301,2.759
5966,3/31/2026 17:00,15.4997,65.851,14.3007,2.77
5967,3/31/2026 17:15,15.4947,65.851,14.3004,2.759
5968,3/31/2026 17:30,15.4997,65.851,14.3041,2.762
5969,3/31/2026 17:45,15.5032,65.851,14.3048,2.769
5970,3/31/2026 18:00,15.4947,65.851,14.3078,2.742
5971,3/31/2026 18:15,15.505,65.851,14.31,2.761
5972,3/31/2026 18:30,15.4997,65.851,14.3091,2.751
5973,3/31/2026 18:45,15.5186,65.851,14.3129,2.785
5974,3/31/2026 19:00,15.5134,65.851,14.3132,2.773
5975,3/31/2026 19:15,15.5254,65.851,14.3126,2.802
5976,3/31/2026 19:30,15.5305,65.851,14.3209,2.795
5977,3/31/2026 19:45,15.5318,65.68,14.3215,2.796
5978,3/31/2026 20:00,15.542,65.68,14.3193,2.825
5979,3/31/2026 20:15,15.5402,65.68,14.3209,2.817
5980,3/31/2026 20:30,15.5505,65.68,14.3233,2.835
5981,3/31/2026 20:45,15.5534,65.509,14.3248,2.838
5982,3/31/2026 21:00,15.5586,65.509,14.3273,2.845
5983,3/31/2026 21:15,15.574,65.509,14.3289,2.877
5984,3/31/2026 21:30,15.5786,65.338,14.3283,2.889
5985,3/31/2026 21:45,15.5837,65.338,14.3291,2.898
5986,3/31/2026 22:00,15.5974,65.338,14.3286,2.931
5987,3/31/2026 22:15,15.6088,65.167,14.3332,2.947
5988,3/31/2026 22:30,15.6088,65.167,14.331,2.952
5989,3/31/2026 22:45,15.6209,65.167,14.3305,2.981
5990,3/31/2026 23:00,15.6209,65.167,14.3305,2.981
5991,3/31/2026 23:15,15.6068,64.996,14.3299,2.95
5992,3/31/2026 23:30,15.6187,64.996,14.3277,2.982
5993,3/31/2026 23:45,15.6169,64.996,14.3277,2.978
5994,4/1/2026 0:00,15.6268,64.825,14.3271,3.002
5995,4/1/2026 0:15,15.6097,64.825,14.3249,2.968
5996,4/1/2026 0:30,15.6301,64.825,14.3219,3.022
5997,4/1/2026 0:45,15.6229,64.652,14.3197,3.01
5998,4/1/2026 1:00,15.6194,64.652,14.3191,3.004
5999,4/1/2026 1:15,15.628,64.652,14.3155,3.032
6000,4/1/2026 1:30,15.6343,64.481,14.3149,3.048
6001,4/1/2026 1:45,15.6224,64.481,14.3144,3.022
6002,4/1/2026 2:00,15.6207,64.481,14.3122,3.023
6003,4/1/2026 2:15,15.6139,64.481,14.3055,3.022
6004,4/1/2026 2:30,15.6152,64.31,14.3074,3.021
6005,4/1/2026 2:45,15.5981,64.31,14.3038,2.99
6006,4/1/2026 3:00,15.5959,64.139,14.3,2.993
6007,4/1/2026 3:15,15.5994,64.139,14.2974,3.007
6008,4/1/2026 3:30,15.5788,64.139,14.2983,2.958
6009,4/1/2026 3:45,15.5869,63.968,14.2991,2.975
6010,4/1/2026 4:00,15.5818,63.968,14.294,2.975
6011,4/1/2026 4:15,15.5762,63.797,14.2965,2.956
6012,4/1/2026 4:30,15.5762,63.797,14.2974,2.954
6013,4/1/2026 4:45,15.5826,63.626,14.2984,2.966
6014,4/1/2026 5:00,15.574,63.626,14.2993,2.944
6015,4/1/2026 5:15,15.5634,63.455,14.3017,2.914
6016,4/1/2026 5:30,15.5685,63.455,14.3028,2.923
6017,4/1/2026 5:45,15.563,63.282,14.3067,2.902
6018,4/1/2026 6:00,15.5698,63.282,14.3107,2.908
6019,4/1/2026 6:15,15.5714,63.282,14.3107,2.912
6020,4/1/2026 6:30,15.563,63.282,14.3146,2.883
6021,4/1/2026 6:45,15.5573,63.111,14.3146,2.87
6022,4/1/2026 7:00,15.5591,63.111,14.3146,2.874
6023,4/1/2026 7:15,15.5556,63.111,14.3193,2.855
6024,4/1/2026 7:30,15.5552,62.94,14.3199,2.853
6025,4/1/2026 7:45,15.5433,62.94,14.3174,2.831
6026,4/1/2026 8:00,15.545,62.94,14.3186,2.833
6027,4/1/2026 8:15,15.5347,62.94,14.3213,2.802
6028,4/1/2026 8:30,15.5404,63.111,14.3271,2.802
6029,4/1/2026 8:45,15.5369,63.111,14.3244,2.8
6030,4/1/2026 9:00,15.534,63.282,14.3283,2.785
6031,4/1/2026 9:15,15.5322,63.282,14.3276,2.782
6032,4/1/2026 9:30,15.5327,63.455,14.3284,2.781
6033,4/1/2026 9:45,15.523,63.626,14.3283,2.759
6034,4/1/2026 10:00,15.5216,63.797,14.3283,2.756
6035,4/1/2026 10:15,15.5153,63.968,14.3297,2.738
6036,4/1/2026 10:30,15.5174,64.139,14.3281,2.747
6037,4/1/2026 10:45,15.5098,64.481,14.3271,2.732
6038,4/1/2026 11:00,15.5034,64.652,14.3271,2.717
6039,4/1/2026 11:15,15.5009,64.996,14.3262,2.714
6040,4/1/2026 11:30,15.4963,65.167,14.3231,2.71
6041,4/1/2026 11:45,15.4938,65.509,14.3231,2.705
6042,4/1/2026 12:00,15.4839,65.68,14.3222,2.684
6043,4/1/2026 12:15,15.4883,66.022,14.3207,2.697
6044,4/1/2026 12:30,15.4802,66.193,14.3191,2.682
6045,4/1/2026 12:45,15.479,66.366,14.3186,2.681
6046,4/1/2026 13:00,15.4744,66.537,14.3171,2.674
6047,4/1/2026 13:15,15.4628,66.708,14.312,2.659
6048,4/1/2026 13:30,15.4616,66.879,14.3115,2.657
6049,4/1/2026 13:45,15.4552,67.05,14.3078,2.651
6050,4/1/2026 14:00,15.4488,67.221,14.3036,2.646
6051,4/1/2026 14:15,15.442,67.221,14.3016,2.635
6052,4/1/2026 14:30,15.4407,67.392,14.3004,2.635
6053,4/1/2026 14:45,15.4356,67.392,14.3014,2.621
6054,4/1/2026 15:00,15.4322,67.392,14.2972,2.622
6055,4/1/2026 15:15,15.4306,67.392,14.2952,2.623
6056,4/1/2026 15:30,15.4322,67.392,14.2926,2.633
6057,4/1/2026 15:45,15.4232,67.221,14.2922,2.613
6058,4/1/2026 16:00,15.4216,67.221,14.2917,2.611
6059,4/1/2026 16:15,15.4245,67.05,14.2943,2.611
6060,4/1/2026 16:30,15.4194,67.05,14.2955,2.597
6061,4/1/2026 16:45,15.4172,66.879,14.2981,2.586
6062,4/1/2026 17:00,15.4172,66.879,14.2955,2.592
6063,4/1/2026 17:15,15.4155,66.879,14.2978,2.582
6064,4/1/2026 17:30,15.4133,66.708,14.2987,2.575
6065,4/1/2026 17:45,15.4065,66.708,14.2975,2.562
6066,4/1/2026 18:00,15.4082,66.708,14.299,2.563
6067,4/1/2026 18:15,15.4065,66.708,14.2945,2.569
6068,4/1/2026 18:30,15.4094,66.537,14.3001,2.563
6069,4/1/2026 18:45,15.4094,66.537,14.3019,2.559
6070,4/1/2026 19:00,15.4043,66.537,14.3075,2.534
6071,4/1/2026 19:15,15.4094,66.537,14.3077,2.545
6072,4/1/2026 19:30,15.4078,66.537,14.3094,2.538
6073,4/1/2026 19:45,15.4129,66.537,14.3119,2.544
6074,4/1/2026 20:00,15.4061,66.537,14.3106,2.531
6075,4/1/2026 20:15,15.4026,66.537,14.312,2.52
6076,4/1/2026 20:30,15.4043,66.537,14.309,2.531
6077,4/1/2026 20:45,15.4026,66.537,14.3126,2.518
6078,4/1/2026 21:00,15.4094,66.537,14.32,2.517
6079,4/1/2026 21:15,15.4094,66.537,14.3228,2.511
6080,4/1/2026 21:30,15.4129,66.537,14.3241,2.516
6081,4/1/2026 21:45,15.4094,66.537,14.326,2.503
6082,4/1/2026 22:00,15.4026,66.537,14.3241,2.492
6083,4/1/2026 22:15,15.4061,66.537,14.3244,2.499
6084,4/1/2026 22:30,15.401,66.537,14.3238,2.489
6085,4/1/2026 22:45,15.401,66.537,14.3241,2.488
6086,4/1/2026 23:00,15.3992,66.537,14.3213,2.49
6087,4/1/2026 23:15,15.3942,66.537,14.3193,2.483
6088,4/1/2026 23:30,15.392,66.366,14.318,2.481
6089,4/1/2026 23:45,15.3885,66.366,14.3199,2.469
6090,4/2/2026 0:00,15.3868,66.366,14.3162,2.473
6091,4/2/2026 0:15,15.3817,66.366,14.3141,2.467
6092,4/2/2026 0:30,15.3749,66.366,14.3119,2.456
6093,4/2/2026 0:45,15.3698,66.366,14.3138,2.44
6094,4/2/2026 1:00,15.3749,66.366,14.3116,2.457
6095,4/2/2026 1:15,15.3646,66.366,14.308,2.441
6096,4/2/2026 1:30,15.3698,66.366,14.3074,2.455
6097,4/2/2026 1:45,15.363,66.366,14.3043,2.446
6098,4/2/2026 2:00,15.3608,66.193,14.3052,2.439
6099,4/2/2026 2:15,15.3625,66.193,14.3022,2.45
6100,4/2/2026 2:30,15.3505,66.193,14.2955,2.437
6101,4/2/2026 2:45,15.354,66.193,14.2949,2.447
6102,4/2/2026 3:00,15.3505,66.193,14.2927,2.444
6103,4/2/2026 3:15,15.345,66.022,14.2891,2.439
6104,4/2/2026 3:30,15.3433,66.022,14.2875,2.439
6105,4/2/2026 3:45,15.3433,66.022,14.2853,2.444
6106,4/2/2026 4:00,15.3415,66.022,14.2878,2.434
6107,4/2/2026 4:15,15.3411,65.851,14.2903,2.428
6108,4/2/2026 4:30,15.3411,65.851,14.2882,2.432
6109,4/2/2026 4:45,15.3393,65.851,14.2877,2.43
6110,4/2/2026 5:00,15.3343,65.851,14.2877,2.418
6111,4/2/2026 5:15,15.3372,65.68,14.2916,2.416
6112,4/2/2026 5:30,15.3338,65.68,14.2932,2.404
6113,4/2/2026 5:45,15.344,65.68,14.2956,2.422
6114,4/2/2026 6:00,15.3372,65.68,14.291,2.417
6115,4/2/2026 6:15,15.3402,65.509,14.2965,2.411
6116,4/2/2026 6:30,15.3351,65.509,14.2959,2.401
6117,4/2/2026 6:45,15.3367,65.509,14.2984,2.399
6118,4/2/2026 7:00,15.3419,65.509,14.3014,2.404
6119,4/2/2026 7:15,15.3415,65.338,14.3045,2.396
6120,4/2/2026 7:30,15.3415,65.338,14.3061,2.392
6121,4/2/2026 7:45,15.3448,65.338,14.3067,2.398
6122,4/2/2026 8:00,15.3448,65.338,14.3088,2.393
6123,4/2/2026 8:15,15.3466,65.338,14.3084,2.398
6124,4/2/2026 8:30,15.3448,65.338,14.3103,2.39
6125,4/2/2026 8:45,15.347,65.509,14.3099,2.396
6126,4/2/2026 9:00,15.3435,65.509,14.3093,2.389
6127,4/2/2026 9:15,15.3419,65.509,14.3096,2.385
6128,4/2/2026 9:30,15.3406,65.68,14.3058,2.391
6129,4/2/2026 9:45,15.3338,65.68,14.3058,2.375
6130,4/2/2026 10:00,15.3377,65.851,14.3057,2.384
6131,4/2/2026 10:15,15.3382,66.022,14.3087,2.378
6132,4/2/2026 10:30,15.3334,66.193,14.3057,2.374
6133,4/2/2026 10:45,15.3287,66.366,14.3041,2.367
6134,4/2/2026 11:00,15.3292,66.537,14.3071,2.361
6135,4/2/2026 11:15,15.3314,66.708,14.3117,2.356
6136,4/2/2026 11:30,15.325,66.879,14.3065,2.353
6137,4/2/2026 11:45,15.3289,67.05,14.3075,2.36
6138,4/2/2026 12:00,15.3243,67.221,14.3062,2.352
6139,4/2/2026 12:15,15.3183,67.564,14.3026,2.347
6140,4/2/2026 12:30,15.317,67.735,14.302,2.345
6141,4/2/2026 12:45,15.3124,67.906,14.2969,2.346
6142,4/2/2026 13:00,15.3095,68.077,14.2933,2.348
6143,4/2/2026 13:15,15.3082,68.248,14.2897,2.354
6144,4/2/2026 13:30,15.3013,68.248,14.2855,2.347
6145,4/2/2026 13:45,15.2967,68.421,14.2858,2.336
6146,4/2/2026 14:00,15.2984,68.421,14.2855,2.341
6147,4/2/2026 14:15,15.2932,68.421,14.2838,2.333
6148,4/2/2026 14:30,15.2881,68.421,14.2813,2.327
6149,4/2/2026 14:45,15.2831,68.421,14.2774,2.324
6150,4/2/2026 15:00,15.2831,68.421,14.2771,2.325
6151,4/2/2026 15:15,15.2813,68.421,14.2771,2.321
6152,4/2/2026 15:30,15.2831,68.421,14.275,2.329
6153,4/2/2026 15:45,15.2774,68.248,14.2706,2.327
6154,4/2/2026 16:00,15.2741,68.248,14.2753,2.308
6155,4/2/2026 16:15,15.2741,68.248,14.2762,2.306
6156,4/2/2026 16:30,15.2787,68.077,14.2743,2.321
6157,4/2/2026 16:45,15.2822,68.077,14.2765,2.324
6158,4/2/2026 17:00,15.2822,68.077,14.2787,2.319
6159,4/2/2026 17:15,15.2851,67.906,14.2795,2.324
6160,4/2/2026 17:30,15.2851,67.906,14.2845,2.312
6161,4/2/2026 17:45,15.2812,67.735,14.2798,2.314
6162,4/2/2026 18:00,15.2796,67.735,14.283,2.303
6163,4/2/2026 18:15,15.2825,67.564,14.2872,2.3
6164,4/2/2026 18:30,15.2876,67.564,14.2885,2.308
6165,4/2/2026 18:45,15.2871,67.392,14.2901,2.304
6166,4/2/2026 19:00,15.2871,67.392,14.2935,2.296
6167,4/2/2026 19:15,15.2884,67.221,14.2939,2.298
6168,4/2/2026 19:30,15.2935,67.221,14.2926,2.313
6169,4/2/2026 19:45,15.2902,67.221,14.2961,2.297
6170,4/2/2026 20:00,15.2999,67.05,14.2955,2.321
6171,4/2/2026 20:15,15.2981,67.05,14.298,2.311
6172,4/2/2026 20:30,15.2964,67.05,14.2936,2.317
6173,4/2/2026 20:45,15.2964,67.05,14.2946,2.315
6174,4/2/2026 21:00,15.2948,67.05,14.294,2.312
6175,4/2/2026 21:15,15.2909,66.879,14.2935,2.305
6176,4/2/2026 21:30,15.2944,66.879,14.2949,2.309
6177,4/2/2026 21:45,15.296,66.879,14.2974,2.307
6178,4/2/2026 22:00,15.296,66.879,14.2984,2.305
6179,4/2/2026 22:15,15.2977,66.879,14.3009,2.303
6180,4/2/2026 22:30,15.2887,66.708,14.2962,2.293
6181,4/2/2026 22:45,15.2887,66.708,14.2962,2.293
6182,4/2/2026 23:00,15.2887,66.708,14.2956,2.294
6183,4/2/2026 23:15,15.2836,66.708,14.2971,2.279
6184,4/2/2026 23:30,15.2836,66.708,14.294,2.286
6185,4/2/2026 23:45,15.2819,66.708,14.291,2.289
6186,4/3/2026 0:00,15.2819,66.708,14.2926,2.286
6187,4/3/2026 0:15,15.2802,66.708,14.2926,2.282
6188,4/3/2026 0:30,15.2819,66.708,14.2935,2.284
6189,4/3/2026 0:45,15.2786,66.708,14.2951,2.272
6190,4/3/2026 1:00,15.2786,66.708,14.2935,2.276
6191,4/3/2026 1:15,15.2746,66.537,14.2898,2.275
6192,4/3/2026 1:30,15.2764,66.537,14.2882,2.283
6193,4/3/2026 1:45,15.2746,66.537,14.2868,2.282
6194,4/3/2026 2:00,15.2764,66.537,14.2846,2.291
6195,4/3/2026 2:15,15.2746,66.537,14.2877,2.28
6196,4/3/2026 2:30,15.2797,66.537,14.2862,2.295
6197,4/3/2026 2:45,15.2729,66.537,14.283,2.287
6198,4/3/2026 3:00,15.2661,66.537,14.278,2.283
6199,4/3/2026 3:15,15.2622,66.366,14.278,2.274
6200,4/3/2026 3:30,15.2639,66.366,14.2758,2.283
6201,4/3/2026 3:45,15.2622,66.366,14.2727,2.286
6202,4/3/2026 4:00,15.2622,66.366,14.2774,2.275
6203,4/3/2026 4:15,15.2639,66.366,14.2706,2.295
6204,4/3/2026 4:30,15.2606,66.366,14.2736,2.28
6205,4/3/2026 4:45,15.2635,66.193,14.2761,2.281
6206,4/3/2026 5:00,15.2652,66.193,14.2761,2.285
6207,4/3/2026 5:15,15.2652,66.193,14.2771,2.283
6208,4/3/2026 5:30,15.2652,66.193,14.2795,2.277
6209,4/3/2026 5:45,15.2703,66.193,14.282,2.283
6210,4/3/2026 6:00,15.2733,66.022,14.2867,2.28
6211,4/3/2026 6:15,15.2716,66.022,14.2829,2.284
6212,4/3/2026 6:30,15.2716,66.022,14.2845,2.281
6213,4/3/2026 6:45,15.2733,66.022,14.2845,2.285
6214,4/3/2026 7:00,15.2749,66.022,14.2845,2.288
6215,4/3/2026 7:15,15.2767,66.022,14.2867,2.287
6216,4/3/2026 7:30,15.2797,65.851,14.2867,2.294
6217,4/3/2026 7:45,15.2865,65.851,14.2923,2.297
6218,4/3/2026 8:00,15.2881,65.851,14.2961,2.292
6219,4/3/2026 8:15,15.2865,65.851,14.2956,2.289
6220,4/3/2026 8:30,15.2903,66.022,14.2975,2.294
6221,4/3/2026 8:45,15.2903,66.022,14.2968,2.295
6222,4/3/2026 9:00,15.2886,66.022,14.2955,2.294
6223,4/3/2026 9:15,15.2955,66.022,14.2974,2.306
6224,4/3/2026 9:30,15.2925,66.193,14.301,2.291
6225,4/3/2026 9:45,15.2907,66.193,14.3003,2.288
6226,4/3/2026 10:00,15.2942,66.193,14.3,2.297
6227,4/3/2026 10:15,15.2929,66.366,14.2981,2.298
6228,4/3/2026 10:30,15.2878,66.366,14.2984,2.286
6229,4/3/2026 10:45,15.2896,66.366,14.3003,2.286
6230,4/3/2026 11:00,15.2918,66.537,14.3023,2.286
6231,4/3/2026 11:15,15.2918,66.537,14.299,2.294
6232,4/3/2026 11:30,15.2854,66.708,14.2993,2.278
6233,4/3/2026 11:45,15.2841,66.879,14.2943,2.287
6234,4/3/2026 12:00,15.2794,67.05,14.2927,2.28
6235,4/3/2026 12:15,15.2748,67.221,14.2911,2.273
6236,4/3/2026 12:30,15.2735,67.392,14.2851,2.284
6237,4/3/2026 12:45,15.2757,67.564,14.2845,2.29
6238,4/3/2026 13:00,15.2646,67.906,14.2836,2.267
6239,4/3/2026 13:15,15.26,68.077,14.282,2.26
6240,4/3/2026 13:30,15.2622,68.248,14.2811,2.267
6241,4/3/2026 13:45,15.2591,68.421,14.278,2.267
6242,4/3/2026 14:00,15.2574,68.421,14.2777,2.264
6243,4/3/2026 14:15,15.2562,68.592,14.2777,2.261
6244,4/3/2026 14:30,15.2562,68.592,14.2749,2.268
6245,4/3/2026 14:45,15.2498,68.763,14.2732,2.257
6246,4/3/2026 15:00,15.2516,68.763,14.2723,2.263
6247,4/3/2026 15:15,15.2498,68.763,14.2677,2.27
6248,4/3/2026 15:30,15.2516,68.763,14.2735,2.26
6249,4/3/2026 15:45,15.2498,68.763,14.274,2.255
6250,4/3/2026 16:00,15.2498,68.763,14.2729,2.258
6251,4/3/2026 16:15,15.2498,68.763,14.2726,2.258
6252,4/3/2026 16:30,15.2477,68.592,14.275,2.248
6253,4/3/2026 16:45,15.2459,68.592,14.2717,2.251
6254,4/3/2026 17:00,15.2494,68.592,14.2739,2.254
6255,4/3/2026 17:15,15.2472,68.421,14.2753,2.246
6256,4/3/2026 17:30,15.2501,68.248,14.2764,2.25
6257,4/3/2026 17:45,15.2532,68.077,14.2791,2.251
6258,4/3/2026 18:00,15.2548,68.077,14.2814,2.249
6259,4/3/2026 18:15,15.2526,67.906,14.2836,2.239
6260,4/3/2026 18:30,15.2556,67.735,14.2862,2.24
6261,4/3/2026 18:45,15.2535,67.564,14.2835,2.241
6262,4/3/2026 19:00,15.2568,67.564,14.2853,2.245
6263,4/3/2026 19:15,15.2548,67.392,14.2839,2.243
6264,4/3/2026 19:30,15.2526,67.221,14.2871,2.231
6265,4/3/2026 19:45,15.2526,67.221,14.2907,2.223
6266,4/3/2026 20:00,15.2572,67.05,14.2904,2.234
6267,4/3/2026 20:15,15.2568,66.879,14.2945,2.223
6268,4/3/2026 20:30,15.2568,66.879,14.2929,2.227
6269,4/3/2026 20:45,15.2597,66.708,14.2975,2.223
6270,4/3/2026 21:00,15.2615,66.708,14.2964,2.23
6271,4/3/2026 21:15,15.2628,66.537,14.3003,2.224
6272,4/3/2026 21:30,15.2639,66.366,14.3022,2.222
6273,4/3/2026 21:45,15.2657,66.366,14.3041,2.222
6274,4/3/2026 22:00,15.2635,66.193,14.3004,2.225
6275,4/3/2026 22:15,15.2617,66.193,14.2991,2.224
6276,4/3/2026 22:30,15.258,66.022,14.2965,2.221
6277,4/3/2026 22:45,15.2591,65.851,14.2974,2.222
6278,4/3/2026 23:00,15.2558,65.851,14.2993,2.21
6279,4/3/2026 23:15,15.257,65.68,14.3001,2.21
6280,4/3/2026 23:30,15.257,65.68,14.2975,2.216
6281,4/3/2026 23:45,15.2536,65.68,14.2954,2.214
6282,4/4/2026 0:00,15.2497,65.509,14.2978,2.199
6283,4/4/2026 0:15,15.2497,65.509,14.2942,2.207
6284,4/4/2026 0:30,15.2442,65.338,14.2906,2.203
6285,4/4/2026 0:45,15.2407,65.338,14.2884,2.2
6286,4/4/2026 1:00,15.2442,65.338,14.2868,2.212
6287,4/4/2026 1:15,15.2407,65.338,14.2848,2.208
6288,4/4/2026 1:30,15.2387,65.167,14.2848,2.204
6289,4/4/2026 1:45,15.2301,65.167,14.2795,2.196
6290,4/4/2026 2:00,15.2301,65.167,14.278,2.2
6291,4/4/2026 2:15,15.2266,65.167,14.2759,2.196
6292,4/4/2026 2:30,15.2194,64.996,14.2721,2.188
6293,4/4/2026 2:45,15.2194,64.996,14.2691,2.195
6294,4/4/2026 3:00,15.2143,64.996,14.2677,2.187
6295,4/4/2026 3:15,15.2108,64.996,14.2661,2.182
6296,4/4/2026 3:30,15.2091,64.996,14.263,2.185
6297,4/4/2026 3:45,15.2053,64.825,14.2608,2.182
6298,4/4/2026 4:00,15.2036,64.825,14.2588,2.182
6299,4/4/2026 4:15,15.2053,64.825,14.2619,2.179
6300,4/4/2026 4:30,15.2036,64.825,14.2627,2.173
6301,4/4/2026 4:45,15.2049,64.652,14.2652,2.171
6302,4/4/2026 5:00,15.2049,64.652,14.2662,2.168
6303,4/4/2026 5:15,15.2049,64.652,14.2677,2.165
6304,4/4/2026 5:30,15.206,64.481,14.2703,2.162
6305,4/4/2026 5:45,15.2078,64.481,14.2733,2.159
6306,4/4/2026 6:00,15.2129,64.481,14.2758,2.165
6307,4/4/2026 6:15,15.2113,64.481,14.2813,2.148
6308,4/4/2026 6:30,15.2159,64.31,14.2813,2.159
6309,4/4/2026 6:45,15.2176,64.31,14.2822,2.161
6310,4/4/2026 7:00,15.2176,64.31,14.2852,2.154
6311,4/4/2026 7:15,15.2192,64.31,14.289,2.149
6312,4/4/2026 7:30,15.2176,64.31,14.288,2.147
6313,4/4/2026 7:45,15.2192,64.31,14.2871,2.153
6314,4/4/2026 8:00,15.221,64.31,14.2927,2.144
6315,4/4/2026 8:15,15.2261,64.31,14.293,2.155
6316,4/4/2026 8:30,15.2245,64.31,14.298,2.14
6317,4/4/2026 8:45,15.2261,64.31,14.2978,2.144
6318,4/4/2026 9:00,15.221,64.31,14.2971,2.134
6319,4/4/2026 9:15,15.2214,64.481,14.298,2.133
6320,4/4/2026 9:30,15.2198,64.481,14.2958,2.134
6321,4/4/2026 9:45,15.2185,64.652,14.2988,2.124
6322,4/4/2026 10:00,15.2207,64.825,14.3006,2.125
6323,4/4/2026 10:15,15.2194,64.996,14.3023,2.118
6324,4/4/2026 10:30,15.2165,65.167,14.2983,2.121
6325,4/4/2026 10:45,15.2152,65.338,14.2991,2.116
6326,4/4/2026 11:00,15.2139,65.509,14.2991,2.113
6327,4/4/2026 11:15,15.211,65.68,14.2961,2.114
6328,4/4/2026 11:30,15.2084,66.022,14.2919,2.117
6329,4/4/2026 11:45,15.2076,66.366,14.2943,2.11
6330,4/4/2026 12:00,15.2034,66.708,14.2916,2.107
6331,4/4/2026 12:15,15.2026,67.05,14.2903,2.108
6332,4/4/2026 12:30,15.1984,67.392,14.2852,2.11
6333,4/4/2026 12:45,15.1924,67.735,14.2824,2.103
6334,4/4/2026 13:00,15.1882,68.077,14.2811,2.096
6335,4/4/2026 13:15,15.1857,68.421,14.2788,2.096
6336,4/4/2026 13:30,15.1844,68.592,14.2769,2.097
6337,4/4/2026 13:45,15.1802,68.934,14.2774,2.087
6338,4/4/2026 14:00,15.1795,69.278,14.2739,2.093
6339,4/4/2026 14:15,15.1765,69.449,14.2724,2.089
6340,4/4/2026 14:30,15.1718,69.622,14.2717,2.08
6341,4/4/2026 14:45,15.1723,69.793,14.2716,2.082
6342,4/4/2026 15:00,15.1744,69.964,14.2706,2.089
6343,4/4/2026 15:15,15.1694,69.964,14.2735,2.071
6344,4/4/2026 15:30,15.1694,69.964,14.2716,2.075
6345,4/4/2026 15:45,15.1643,69.964,14.2737,2.058
6346,4/4/2026 16:00,15.1676,69.964,14.2691,2.077
6347,4/4/2026 16:15,15.1625,69.964,14.2713,2.06
6348,4/4/2026 16:30,15.166,69.964,14.2701,2.071
6349,4/4/2026 16:45,15.1621,69.793,14.2701,2.062
6350,4/4/2026 17:00,15.1633,69.622,14.272,2.06
6351,4/4/2026 17:15,15.1633,69.622,14.2745,2.054
6352,4/4/2026 17:30,15.1628,69.449,14.2759,2.05
6353,4/4/2026 17:45,15.1646,69.449,14.2748,2.057
6354,4/4/2026 18:00,15.1663,69.449,14.2795,2.049
6355,4/4/2026 18:15,15.1659,69.278,14.2829,2.041
6356,4/4/2026 18:30,15.1688,69.107,14.2856,2.041
6357,4/4/2026 18:45,15.1705,69.107,14.2853,2.046
6358,4/4/2026 19:00,15.1666,68.934,14.2872,2.032
6359,4/4/2026 19:15,15.1712,68.763,14.2851,2.048
6360,4/4/2026 19:30,15.1747,68.763,14.2852,2.056
6361,4/4/2026 19:45,15.1725,68.592,14.2888,2.042
6362,4/4/2026 20:00,15.1754,68.421,14.2932,2.039
6363,4/4/2026 20:15,15.175,68.248,14.2909,2.043
6364,4/4/2026 20:30,15.1734,68.248,14.2926,2.035
6365,4/4/2026 20:45,15.1763,68.077,14.2961,2.034
6366,4/4/2026 21:00,15.1792,67.906,14.298,2.036
6367,4/4/2026 21:15,15.1788,67.735,14.2999,2.031
6368,4/4/2026 21:30,15.1801,67.564,14.3032,2.026
6369,4/4/2026 21:45,15.1818,67.564,14.3051,2.026
6370,4/4/2026 22:00,15.1814,67.392,14.3009,2.035
6371,4/4/2026 22:15,15.1808,67.221,14.3042,2.025
6372,4/4/2026 22:30,15.1804,67.05,14.3026,2.028
6373,4/4/2026 22:45,15.1821,67.05,14.3026,2.032
6374,4/4/2026 23:00,15.1782,66.879,14.3006,2.028
6375,4/4/2026 23:15,15.1744,66.708,14.299,2.023
6376,4/4/2026 23:30,15.1723,66.537,14.2984,2.019
6377,4/4/2026 23:45,15.1688,66.537,14.2962,2.016
6378,4/5/2026 0:00,15.1683,66.366,14.2948,2.018
6379,4/5/2026 0:15,15.1646,66.193,14.2926,2.015
6380,4/5/2026 0:30,15.1593,66.193,14.289,2.011
6381,4/5/2026 0:45,15.1577,66.193,14.2874,2.011
6382,4/5/2026 1:00,15.1589,66.022,14.2843,2.021
6383,4/5/2026 1:15,15.1521,66.022,14.2835,2.007
6384,4/5/2026 1:30,15.1504,66.022,14.2788,2.013
6385,4/5/2026 1:45,15.1483,65.851,14.278,2.011
6386,4/5/2026 2:00,15.1466,65.851,14.2794,2.003
6387,4/5/2026 2:15,15.1466,65.851,14.2749,2.014
6388,4/5/2026 2:30,15.1415,65.851,14.2764,1.999
6389,4/5/2026 2:45,15.138,65.851,14.2739,1.996
6390,4/5/2026 3:00,15.1363,65.851,14.2708,1.999
6391,4/5/2026 3:15,15.1358,65.68,14.2678,2.005
6392,4/5/2026 3:30,15.1325,65.68,14.2662,2.001
6393,4/5/2026 3:45,15.1273,65.68,14.2656,1.991
6394,4/5/2026 4:00,15.129,65.68,14.2697,1.985
6395,4/5/2026 4:15,15.129,65.68,14.2661,1.994
6396,4/5/2026 4:30,15.1273,65.68,14.2685,1.984
6397,4/5/2026 4:45,15.1269,65.509,14.2663,1.988
6398,4/5/2026 5:00,15.1235,65.509,14.2679,1.977
6399,4/5/2026 5:15,15.1286,65.509,14.2658,1.993
6400,4/5/2026 5:30,15.1269,65.509,14.2652,1.991
6401,4/5/2026 5:45,15.1269,65.509,14.2682,1.984
6402,4/5/2026 6:00,15.1247,65.338,14.2661,1.984
6403,4/5/2026 6:15,15.1299,65.338,14.2691,1.989
6404,4/5/2026 6:30,15.1282,65.338,14.2716,1.979
6405,4/5/2026 6:45,15.1299,65.338,14.2732,1.979
6406,4/5/2026 7:00,15.1299,65.338,14.2746,1.976
6407,4/5/2026 7:15,15.1332,65.338,14.2753,1.982
6408,4/5/2026 7:30,15.1299,65.338,14.2743,1.976
6409,4/5/2026 7:45,15.1315,65.338,14.2749,1.979
6410,4/5/2026 8:00,15.135,65.338,14.2777,1.981
6411,4/5/2026 8:15,15.1337,65.509,14.2816,1.968
6412,4/5/2026 8:30,15.1372,65.509,14.2853,1.968
6413,4/5/2026 8:45,15.1376,65.68,14.2875,1.964
6414,4/5/2026 9:00,15.1358,65.68,14.2843,1.967
6415,4/5/2026 9:15,15.1398,65.851,14.2852,1.974
6416,4/5/2026 9:30,15.1385,66.022,14.2852,1.971
6417,4/5/2026 9:45,15.1367,66.022,14.2872,1.963
6418,4/5/2026 10:00,15.1372,66.193,14.2897,1.958
6419,4/5/2026 10:15,15.1393,66.366,14.2859,1.972
6420,4/5/2026 10:30,15.1398,66.537,14.2862,1.972
6421,4/5/2026 10:45,15.1356,66.879,14.2862,1.962
6422,4/5/2026 11:00,15.1344,67.05,14.2867,1.959
6423,4/5/2026 11:15,15.1366,67.221,14.2845,1.969
6424,4/5/2026 11:30,15.1335,67.392,14.2823,1.967
6425,4/5/2026 11:45,15.1311,67.735,14.2811,1.964
6426,4/5/2026 12:00,15.1285,68.077,14.2768,1.968
6427,4/5/2026 12:15,15.1277,68.421,14.2794,1.96
6428,4/5/2026 12:30,15.1269,68.763,14.2797,1.958
6429,4/5/2026 12:45,15.1244,69.107,14.2778,1.957
6430,4/5/2026 13:00,15.1237,69.449,14.2752,1.961
6431,4/5/2026 13:15,15.1189,69.622,14.2708,1.96
6432,4/5/2026 13:30,15.1147,69.964,14.2697,1.953
6433,4/5/2026 13:45,15.11,70.137,14.2701,1.941
6434,4/5/2026 14:00,15.1093,70.48,14.2636,1.955
6435,4/5/2026 14:15,15.1063,70.651,14.2624,1.951
6436,4/5/2026 14:30,15.1016,70.824,14.2592,1.947
6437,4/5/2026 14:45,15.1005,70.995,14.2574,1.949
6438,4/5/2026 15:00,15.0957,71.168,14.2592,1.934
6439,4/5/2026 15:15,15.0957,71.168,14.2563,1.94
6440,4/5/2026 15:30,15.0928,71.339,14.253,1.941
6441,4/5/2026 15:45,15.0963,71.339,14.2543,1.946
6442,4/5/2026 16:00,15.0945,71.339,14.2569,1.936
6443,4/5/2026 16:15,15.091,71.339,14.2566,1.929
6444,4/5/2026 16:30,15.0893,71.339,14.2571,1.924
6445,4/5/2026 16:45,15.091,71.339,14.2555,1.932
6446,4/5/2026 17:00,15.091,71.339,14.2588,1.924
6447,4/5/2026 17:15,15.091,71.339,14.2595,1.922
6448,4/5/2026 17:30,15.091,71.339,14.2605,1.92
6449,4/5/2026 17:45,15.0893,71.339,14.261,1.915
6450,4/5/2026 18:00,15.0893,71.339,14.2627,1.911
6451,4/5/2026 18:15,15.091,71.339,14.2639,1.912
6452,4/5/2026 18:30,15.0928,71.339,14.2633,1.918
6453,4/5/2026 18:45,15.0941,71.168,14.2648,1.917
6454,4/5/2026 19:00,15.0957,71.168,14.2642,1.922
6455,4/5/2026 19:15,15.0957,71.168,14.2669,1.916
6456,4/5/2026 19:30,15.0974,71.168,14.2704,1.912
6457,4/5/2026 19:45,15.1009,71.168,14.2755,1.908
6458,4/5/2026 20:00,15.1021,70.995,14.2777,1.906
6459,4/5/2026 20:15,15.1021,70.995,14.2787,1.903
6460,4/5/2026 20:30,15.1021,70.995,14.2795,1.901
6461,4/5/2026 20:45,15.1051,70.824,14.2798,1.908
6462,4/5/2026 21:00,15.1034,70.824,14.2771,1.91
6463,4/5/2026 21:15,15.1047,70.651,14.2804,1.905
6464,4/5/2026 21:30,15.1115,70.651,14.2829,1.915
6465,4/5/2026 21:45,15.108,70.651,14.2801,1.914
6466,4/5/2026 22:00,15.1093,70.48,14.2806,1.916
6467,4/5/2026 22:15,15.111,70.48,14.283,1.914
6468,4/5/2026 22:30,15.1139,70.308,14.2848,1.917
6469,4/5/2026 22:45,15.1153,70.137,14.2827,1.924
6470,4/5/2026 23:00,15.1168,70.137,14.2822,1.929
6471,4/5/2026 23:15,15.1199,69.964,14.2824,1.936
6472,4/5/2026 23:30,15.1164,69.964,14.2803,1.933
6473,4/5/2026 23:45,15.1177,69.793,14.2811,1.934
6474,4/6/2026 0:00,15.1138,69.622,14.28,1.927
6475,4/6/2026 0:15,15.1087,69.622,14.2733,1.931
6476,4/6/2026 0:30,15.1099,69.449,14.2758,1.928
6477,4/6/2026 0:45,15.1044,69.278,14.2736,1.92
6478,4/6/2026 1:00,15.1039,69.107,14.2714,1.924
6479,4/6/2026 1:15,15.1022,69.107,14.2724,1.918
6480,4/6/2026 1:30,15.0983,68.934,14.2697,1.915
6481,4/6/2026 1:45,15.0932,68.934,14.2661,1.912
6482,4/6/2026 2:00,15.0893,68.763,14.2623,1.911
6483,4/6/2026 2:15,15.086,68.763,14.2623,1.904
6484,4/6/2026 2:30,15.0838,68.592,14.2572,1.91
6485,4/6/2026 2:45,15.0838,68.592,14.255,1.915
6486,4/6/2026 3:00,15.0799,68.421,14.2559,1.904
6487,4/6/2026 3:15,15.0799,68.421,14.2563,1.903
6488,4/6/2026 3:30,15.0812,68.248,14.2558,1.907
6489,4/6/2026 3:45,15.0778,68.248,14.255,1.901
6490,4/6/2026 4:00,15.0773,68.077,14.256,1.898
6491,4/6/2026 4:15,15.0768,67.906,14.2555,1.898
6492,4/6/2026 4:30,15.0768,67.906,14.2579,1.892
6493,4/6/2026 4:45,15.0746,67.735,14.2558,1.892
6494,4/6/2026 5:00,15.073,67.735,14.2521,1.897
6495,4/6/2026 5:15,15.0742,67.564,14.256,1.891
6496,4/6/2026 5:30,15.0726,67.564,14.251,1.899
6497,4/6/2026 5:45,15.072,67.392,14.2574,1.882
6498,4/6/2026 6:00,15.0733,67.221,14.2598,1.88
6499,4/6/2026 6:15,15.0784,67.221,14.2639,1.882
6500,4/6/2026 6:30,15.0797,67.05,14.2663,1.879
6501,4/6/2026 6:45,15.078,67.05,14.2636,1.882
6502,4/6/2026 7:00,15.0815,67.05,14.2682,1.879
6503,4/6/2026 7:15,15.0793,66.879,14.2719,1.866
6504,4/6/2026 7:30,15.081,66.879,14.2721,1.869
6505,4/6/2026 7:45,15.081,66.879,14.2736,1.866
6506,4/6/2026 8:00,15.0793,66.879,14.2729,1.863
6507,4/6/2026 8:15,15.0775,66.879,14.2688,1.869
6508,4/6/2026 8:30,15.0775,66.879,14.2687,1.869
6509,4/6/2026 8:45,15.0797,67.05,14.2703,1.87
6510,4/6/2026 9:00,15.0815,67.05,14.2732,1.868
6511,4/6/2026 9:15,15.078,67.05,14.2732,1.86
6512,4/6/2026 9:30,15.0768,67.221,14.2778,1.846
6513,4/6/2026 9:45,15.0823,67.392,14.2801,1.854
6514,4/6/2026 10:00,15.079,67.392,14.2765,1.854
6515,4/6/2026 10:15,15.0828,67.564,14.2804,1.854
6516,4/6/2026 10:30,15.0845,67.564,14.2807,1.857
6517,4/6/2026 10:45,15.0815,67.735,14.2807,1.85
6518,4/6/2026 11:00,15.0786,67.906,14.2801,1.845
6519,4/6/2026 11:15,15.0825,68.077,14.2795,1.855
6520,4/6/2026 11:30,15.0778,68.248,14.2795,1.845
6521,4/6/2026 11:45,15.0765,68.421,14.2784,1.844
6522,4/6/2026 12:00,15.0752,68.592,14.2788,1.84
6523,4/6/2026 12:15,15.0723,68.763,14.2752,1.842
6524,4/6/2026 12:30,15.071,68.934,14.2755,1.839
6525,4/6/2026 12:45,15.0668,69.278,14.2716,1.838
6526,4/6/2026 13:00,15.0672,69.449,14.2666,1.85
6527,4/6/2026 13:15,15.0575,69.622,14.2666,1.828
6528,4/6/2026 13:30,15.058,69.793,14.2629,1.838
6529,4/6/2026 13:45,15.0562,69.793,14.2639,1.831
6530,4/6/2026 14:00,15.0584,69.964,14.2645,1.835
6531,4/6/2026 14:15,15.0533,69.964,14.262,1.829
6532,4/6/2026 14:30,15.0538,70.137,14.2584,1.838
6533,4/6/2026 14:45,15.052,70.137,14.2542,1.844
6534,4/6/2026 15:00,15.0469,70.137,14.256,1.828
6535,4/6/2026 15:15,15.0485,70.137,14.2582,1.827
6536,4/6/2026 15:30,15.0417,70.137,14.25,1.83
6537,4/6/2026 15:45,15.0435,70.137,14.25,1.834
6538,4/6/2026 16:00,15.0384,70.137,14.2469,1.829
6539,4/6/2026 16:15,15.0388,70.308,14.2469,1.83
6540,4/6/2026 16:30,15.0353,70.308,14.2459,1.825
6541,4/6/2026 16:45,15.0342,70.48,14.2471,1.819
6542,4/6/2026 17:00,15.0375,70.48,14.2473,1.826
6543,4/6/2026 17:15,15.0359,70.48,14.2421,1.835
6544,4/6/2026 17:30,15.0359,70.48,14.2455,1.827
6545,4/6/2026 17:45,15.0375,70.48,14.2484,1.824
6546,4/6/2026 18:00,15.0342,70.48,14.2484,1.816
6547,4/6/2026 18:15,15.0393,70.48,14.2476,1.83
6548,4/6/2026 18:30,15.0443,70.48,14.2537,1.827
6549,4/6/2026 18:45,15.0478,70.48,14.2556,1.831
6550,4/6/2026 19:00,15.0443,70.48,14.2531,1.829
6551,4/6/2026 19:15,15.0496,70.48,14.2568,1.832
6552,4/6/2026 19:30,15.0529,70.48,14.2639,1.824
6553,4/6/2026 19:45,15.0546,70.48,14.2655,1.824
6554,4/6/2026 20:00,15.0597,70.48,14.2685,1.829
6555,4/6/2026 20:15,15.0632,70.48,14.27,1.833
6556,4/6/2026 20:30,15.0665,70.48,14.2688,1.844
6557,4/6/2026 20:45,15.0751,70.48,14.2713,1.858
6558,4/6/2026 21:00,15.0854,70.48,14.2746,1.874
6559,4/6/2026 21:15,15.0939,70.48,14.2765,1.889
6560,4/6/2026 21:30,15.0973,70.48,14.2804,1.888
6561,4/6/2026 21:45,15.1003,70.308,14.2778,1.901
6562,4/6/2026 22:00,15.1139,70.308,14.2848,1.917
6563,4/6/2026 22:15,15.119,70.308,14.2765,1.947
6564,4/6/2026 22:30,15.1225,70.308,14.2759,1.957
6565,4/6/2026 22:45,15.1327,70.308,14.2737,1.985
6566,4/6/2026 23:00,15.1412,70.308,14.2716,2.01
6567,4/6/2026 23:15,15.1528,70.137,14.2726,2.035
6568,4/6/2026 23:30,15.1579,70.137,14.2765,2.037
6569,4/6/2026 23:45,15.1694,69.964,14.2759,2.065
6570,4/7/2026 0:00,15.1779,69.964,14.2732,2.091
6571,4/7/2026 0:15,15.1812,69.964,14.2711,2.104
6572,4/7/2026 0:30,15.1775,69.793,14.2674,2.104
6573,4/7/2026 0:45,15.1689,69.793,14.2653,2.088
6574,4/7/2026 1:00,15.1672,69.793,14.2646,2.086
6575,4/7/2026 1:15,15.1564,69.622,14.264,2.063
6576,4/7/2026 1:30,15.1514,69.622,14.2634,2.052
6577,4/7/2026 1:45,15.1446,69.622,14.262,2.04
6578,4/7/2026 2:00,15.139,69.449,14.2604,2.031
6579,4/7/2026 2:15,15.127,69.449,14.2552,2.015
6580,4/7/2026 2:30,15.1237,69.449,14.2568,2.004
6581,4/7/2026 2:45,15.1151,69.449,14.2552,1.987
6582,4/7/2026 3:00,15.1044,69.278,14.2491,1.977
6583,4/7/2026 3:15,15.1044,69.278,14.25,1.975
6584,4/7/2026 3:30,15.0941,69.278,14.2469,1.958
6585,4/7/2026 3:45,15.0941,69.278,14.2479,1.956
6586,4/7/2026 4:00,15.0919,69.107,14.2494,1.947
6587,4/7/2026 4:15,15.0868,69.107,14.2473,1.94
6588,4/7/2026 4:30,15.0817,69.107,14.2482,1.926
6589,4/7/2026 4:45,15.0783,69.107,14.2491,1.916
6590,4/7/2026 5:00,15.0796,68.934,14.2471,1.924
6591,4/7/2026 5:15,15.0796,68.934,14.2485,1.921
6592,4/7/2026 5:30,15.0761,68.934,14.2501,1.909
6593,4/7/2026 5:45,15.0778,68.934,14.251,1.911
6594,4/7/2026 6:00,15.0774,68.763,14.2495,1.913
6595,4/7/2026 6:15,15.0791,68.763,14.2504,1.915
6596,4/7/2026 6:30,15.0809,68.763,14.252,1.916
6597,4/7/2026 6:45,15.0809,68.763,14.2534,1.912
6598,4/7/2026 7:00,15.091,68.763,14.2581,1.925
6599,4/7/2026 7:15,15.0906,68.592,14.2617,1.916
6600,4/7/2026 7:30,15.0923,68.592,14.2655,1.911
6601,4/7/2026 7:45,15.0923,68.592,14.2681,1.905
6602,4/7/2026 8:00,15.0941,68.592,14.2724,1.899
6603,4/7/2026 8:15,15.0906,68.592,14.272,1.892
6604,4/7/2026 8:30,15.091,68.763,14.2739,1.888
6605,4/7/2026 8:45,15.091,68.763,14.2711,1.895
6606,4/7/2026 9:00,15.086,68.763,14.2682,1.89
6607,4/7/2026 9:15,15.0831,68.934,14.2701,1.879
6608,4/7/2026 9:30,15.0796,68.934,14.2663,1.879
6609,4/7/2026 9:45,15.08,69.107,14.2672,1.878
6610,4/7/2026 10:00,15.0787,69.278,14.2672,1.875
6611,4/7/2026 10:15,15.0804,69.278,14.2642,1.887
6612,4/7/2026 10:30,15.0775,69.449,14.2648,1.879
6613,4/7/2026 10:45,15.0758,69.449,14.2679,1.867
6614,4/7/2026 11:00,15.0741,69.449,14.2685,1.862
6615,4/7/2026 11:15,15.0694,69.622,14.263,1.864
6616,4/7/2026 11:30,15.0665,69.793,14.2613,1.861
6617,4/7/2026 11:45,15.0648,69.793,14.262,1.855
6618,4/7/2026 12:00,15.0619,69.964,14.256,1.863
6619,4/7/2026 12:15,15.0619,69.964,14.2552,1.865
6620,4/7/2026 12:30,15.0549,69.964,14.2545,1.85
6621,4/7/2026 12:45,15.052,70.137,14.2516,1.85
6622,4/7/2026 13:00,15.0485,70.137,14.2487,1.849
6623,4/7/2026 13:15,15.0456,70.308,14.2473,1.845
6624,4/7/2026 13:30,15.0427,70.48,14.2447,1.845
6625,4/7/2026 13:45,15.0414,70.651,14.2443,1.843
6626,4/7/2026 14:00,15.2194,70.824,14.2385,2.267
6627,4/7/2026 14:15,15.214,71.339,14.2359,2.261
6628,4/7/2026 14:30,15.2098,71.683,14.2344,2.255
6629,4/7/2026 14:45,15.2089,72.028,14.235,2.252
6630,4/7/2026 15:00,15.2129,72.199,14.2341,2.263
6631,4/7/2026 15:15,15.2082,72.372,14.2294,2.263
6632,4/7/2026 15:30,15.2082,72.372,14.2315,2.258
6633,4/7/2026 15:45,15.2078,72.199,14.2301,2.26
6634,4/7/2026 16:00,15.2111,72.199,14.2347,2.257
6635,4/7/2026 16:15,15.2107,72.028,14.2347,2.256
6636,4/7/2026 16:30,15.2124,72.028,14.2362,2.257
6637,4/7/2026 16:45,15.2166,71.683,14.2373,2.264
6638,4/7/2026 17:00,15.2127,71.512,14.237,2.256
6639,4/7/2026 17:15,15.2174,71.339,14.2384,2.263
6640,4/7/2026 17:30,15.2187,71.168,14.2411,2.26
6641,4/7/2026 17:45,15.2165,70.995,14.2415,2.254
6642,4/7/2026 18:00,15.2161,70.824,14.24,2.256
6643,4/7/2026 18:15,15.2207,70.651,14.245,2.255
6644,4/7/2026 18:30,15.222,70.48,14.2485,2.25
6645,4/7/2026 18:45,15.2214,70.308,14.246,2.255
6646,4/7/2026 19:00,15.2266,70.308,14.2481,2.262
6647,4/7/2026 19:15,15.2227,70.137,14.2501,2.248
6648,4/7/2026 19:30,15.2223,69.964,14.2476,2.253
6649,4/7/2026 19:45,15.2274,69.964,14.2527,2.253
6650,4/7/2026 20:00,15.2252,69.793,14.2517,2.25
6651,4/7/2026 20:15,15.2298,69.622,14.2492,2.266
6652,4/7/2026 20:30,15.2248,69.622,14.252,2.248
6653,4/7/2026 20:45,15.2311,69.449,14.2547,2.257
6654,4/7/2026 21:00,15.2278,69.449,14.2534,2.252
6655,4/7/2026 21:15,15.2243,69.449,14.2568,2.236
6656,4/7/2026 21:30,15.2307,69.278,14.2587,2.247
6657,4/7/2026 21:45,15.2342,69.278,14.2611,2.249
6658,4/7/2026 22:00,15.2324,69.278,14.26,2.248
6659,4/7/2026 22:15,15.2342,69.278,14.2623,2.246
6660,4/7/2026 22:30,15.232,69.107,14.2663,2.232
6661,4/7/2026 22:45,15.2303,69.107,14.2627,2.236
6662,4/7/2026 23:00,15.2285,69.107,14.2645,2.228
6663,4/7/2026 23:15,15.2268,69.107,14.2592,2.236
6664,4/7/2026 23:30,15.22,69.107,14.2595,2.22
6665,4/7/2026 23:45,15.22,69.107,14.2575,2.224
6666,4/8/2026 0:00,15.2195,68.934,14.2537,2.232
6667,4/8/2026 0:15,15.2162,68.934,14.2501,2.233
6668,4/8/2026 0:30,15.2145,68.934,14.2526,2.223
6669,4/8/2026 0:45,15.2162,68.934,14.2498,2.233
6670,4/8/2026 1:00,15.2092,68.934,14.2507,2.215
6671,4/8/2026 1:15,15.2092,68.934,14.2501,2.217
6672,4/8/2026 1:30,15.2076,68.934,14.2465,2.221
6673,4/8/2026 1:45,15.2002,68.763,14.2458,2.206
6674,4/8/2026 2:00,15.1986,68.763,14.2413,2.213
6675,4/8/2026 2:15,15.1969,68.763,14.2375,2.217
6676,4/8/2026 2:30,15.1952,68.763,14.2369,2.215
6677,4/8/2026 2:45,15.1901,68.763,14.2333,2.211
6678,4/8/2026 3:00,15.185,68.763,14.2311,2.205
6679,4/8/2026 3:15,15.1862,68.592,14.2305,2.208
6680,4/8/2026 3:30,15.1844,68.592,14.2269,2.213
6681,4/8/2026 3:45,15.1879,68.592,14.2278,2.219
6682,4/8/2026 4:00,15.1862,68.592,14.2286,2.213
6683,4/8/2026 4:15,15.1857,68.421,14.2281,2.213
6684,4/8/2026 4:30,15.1875,68.421,14.2275,2.218
6685,4/8/2026 4:45,15.184,68.421,14.2285,2.208
6686,4/8/2026 5:00,15.1818,68.248,14.2263,2.208
6687,4/8/2026 5:15,15.1818,68.248,14.2257,2.209
6688,4/8/2026 5:30,15.1853,68.248,14.2297,2.208
6689,4/8/2026 5:45,15.1882,68.077,14.2352,2.202
6690,4/8/2026 6:00,15.1866,68.077,14.2331,2.203
6691,4/8/2026 6:15,15.1866,68.077,14.2326,2.205
6692,4/8/2026 6:30,15.1895,67.906,14.235,2.206
6693,4/8/2026 6:45,15.1878,67.906,14.2312,2.21
6694,4/8/2026 7:00,15.1878,67.906,14.2359,2.2
6695,4/8/2026 7:15,15.1946,67.906,14.2389,2.208
6696,4/8/2026 7:30,15.1946,67.906,14.2436,2.198
6697,4/8/2026 7:45,15.1942,67.735,14.2463,2.19
6698,4/8/2026 8:00,15.1976,67.735,14.2475,2.196
6699,4/8/2026 8:15,15.1998,67.906,14.2539,2.186
6700,4/8/2026 8:30,15.1998,67.906,14.2547,2.184
6701,4/8/2026 8:45,15.2066,67.906,14.2572,2.194
6702,4/8/2026 9:00,15.2053,68.077,14.2556,2.195
6703,4/8/2026 9:15,15.2053,68.077,14.259,2.187
6704,4/8/2026 9:30,15.2058,68.248,14.2623,2.18
6705,4/8/2026 9:45,15.2062,68.421,14.2636,2.178
6706,4/8/2026 10:00,15.2084,68.592,14.2685,2.172
6707,4/8/2026 10:15,15.2123,68.763,14.2697,2.178
6708,4/8/2026 10:30,15.2088,68.763,14.2685,2.173
6709,4/8/2026 10:45,15.211,68.934,14.2682,2.179
6710,4/8/2026 11:00,15.2046,69.107,14.263,2.176
6711,4/8/2026 11:15,15.2085,69.278,14.2614,2.189
6712,4/8/2026 11:30,15.2026,69.622,14.26,2.179
6713,4/8/2026 11:45,15.2014,69.793,14.2563,2.184
6714,4/8/2026 12:00,15.2034,69.964,14.2574,2.187
6715,4/8/2026 12:15,15.1898,69.964,14.254,2.163
6716,4/8/2026 12:30,15.1665,70.137,14.2521,2.113
6717,4/8/2026 12:45,15.1544,70.137,14.2537,2.082
6718,4/8/2026 13:00,15.1476,70.137,14.2497,2.075
6719,4/8/2026 13:15,15.1447,70.308,14.2482,2.072
6720,4/8/2026 13:30,15.143,70.308,14.2458,2.074
6721,4/8/2026 13:45,15.1395,70.308,14.2449,2.068
6722,4/8/2026 14:00,15.1395,70.308,14.2386,2.082
6723,4/8/2026 14:15,15.1361,70.308,14.2407,2.07
6724,4/8/2026 14:30,15.1327,70.308,14.2366,2.071
6725,4/8/2026 14:45,15.1379,70.308,14.2363,2.084
6726,4/8/2026 15:00,15.1856,70.308,14.2375,2.192
6727,4/8/2026 15:15,15.2214,70.308,14.2452,2.257
6728,4/8/2026 15:30,15.2675,70.308,14.2433,2.368
6729,4/8/2026 15:45,15.2932,70.308,14.2408,2.433
6730,4/8/2026 16:00,15.324,70.308,14.2391,2.508
6731,4/8/2026 16:15,15.3372,70.137,14.2384,2.54
6732,4/8/2026 16:30,15.3576,70.137,14.2408,2.581
6733,4/8/2026 16:45,15.3541,70.137,14.2439,2.566
6734,4/8/2026 17:00,15.3521,69.964,14.2468,2.555
6735,4/8/2026 17:15,15.3521,69.964,14.2523,2.542
6736,4/8/2026 17:30,15.3618,69.793,14.2495,2.571
6737,4/8/2026 17:45,15.3533,69.793,14.2534,2.542
6738,4/8/2026 18:00,15.3499,69.793,14.2565,2.527
6739,4/8/2026 18:15,15.3515,69.793,14.2611,2.52
6740,4/8/2026 18:30,15.3482,69.793,14.2617,2.511
6741,4/8/2026 18:45,15.3482,69.793,14.2648,2.504
6742,4/8/2026 19:00,15.3482,69.793,14.2663,2.5
6743,4/8/2026 19:15,15.3482,69.793,14.2749,2.481
6744,4/8/2026 19:30,15.3511,69.622,14.2688,2.501
6745,4/8/2026 19:45,15.3596,69.622,14.2697,2.519
6746,4/8/2026 20:00,15.3647,69.622,14.2645,2.543
6747,4/8/2026 20:15,15.3715,69.622,14.2608,2.567
6748,4/8/2026 20:30,15.3694,69.449,14.2556,2.574
6749,4/8/2026 20:45,15.3694,69.449,14.2565,2.572
6750,4/8/2026 21:00,15.3797,69.449,14.259,2.59
6751,4/8/2026 21:15,15.3946,69.278,14.2677,2.605
6752,4/8/2026 21:30,15.3963,69.278,14.2691,2.605
6753,4/8/2026 21:45,15.3958,69.107,14.2701,2.601
6754,4/8/2026 22:00,15.4043,69.107,14.271,2.619
6755,4/8/2026 22:15,15.4129,69.107,14.271,2.639
6756,4/8/2026 22:30,15.4043,69.107,14.2674,2.628
6757,4/8/2026 22:45,15.4061,69.107,14.2682,2.63
6758,4/8/2026 23:00,15.4043,69.107,14.2682,2.626
6759,4/8/2026 23:15,15.4039,68.934,14.2661,2.63
6760,4/8/2026 23:30,15.3885,68.934,14.2616,2.604
6761,4/8/2026 23:45,15.392,68.934,14.2563,2.625
6762,4/9/2026 0:00,15.3852,68.934,14.2547,2.612
6763,4/9/2026 0:15,15.3784,68.934,14.2481,2.612
6764,4/9/2026 0:30,15.3676,68.763,14.2429,2.599
6765,4/9/2026 0:45,15.3591,68.763,14.2336,2.601
6766,4/9/2026 1:00,15.3573,68.763,14.2269,2.612
6767,4/9/2026 1:15,15.3454,68.763,14.2269,2.585
6768,4/9/2026 1:30,15.3433,68.592,14.2233,2.588
6769,4/9/2026 1:45,15.3314,68.592,14.2134,2.584
6770,4/9/2026 2:00,15.3382,68.592,14.2134,2.599
6771,4/9/2026 2:15,15.3376,68.421,14.2128,2.599
6772,4/9/2026 2:30,15.3393,68.421,14.2159,2.596
6773,4/9/2026 2:45,15.3428,68.421,14.2107,2.616
6774,4/9/2026 3:00,15.3376,68.421,14.2092,2.608
6775,4/9/2026 3:15,15.3389,68.248,14.2024,2.626
6776,4/9/2026 3:30,15.3457,68.248,14.2018,2.643
6777,4/9/2026 3:45,15.344,68.248,14.2034,2.636
6778,4/9/2026 4:00,15.3457,68.248,14.2059,2.634
6779,4/9/2026 4:15,15.3418,68.077,14.2043,2.629
6780,4/9/2026 4:30,15.3385,68.077,14.2089,2.61
6781,4/9/2026 4:45,15.3385,68.077,14.2114,2.605
6782,4/9/2026 5:00,15.3385,68.077,14.2175,2.59
6783,4/9/2026 5:15,15.3402,68.077,14.2175,2.594
6784,4/9/2026 5:30,15.3414,67.906,14.2221,2.586
6785,4/9/2026 5:45,15.3414,67.906,14.2268,2.576
6786,4/9/2026 6:00,15.338,67.906,14.2282,2.565
6787,4/9/2026 6:15,15.3328,67.906,14.2298,2.549
6788,4/9/2026 6:30,15.3363,67.906,14.2298,2.557
6789,4/9/2026 6:45,15.3398,67.906,14.2282,2.569
6790,4/9/2026 7:00,15.3398,67.906,14.2282,2.569
6791,4/9/2026 7:15,15.3431,67.906,14.2273,2.578
6792,4/9/2026 7:30,15.3398,67.906,14.2239,2.579
6793,4/9/2026 7:45,15.3312,67.906,14.2266,2.553
6794,4/9/2026 8:00,15.3328,67.906,14.2291,2.55
6795,4/9/2026 8:15,15.3328,67.906,14.2363,2.534
6796,4/9/2026 8:30,15.3363,67.906,14.2385,2.537
6797,4/9/2026 8:45,15.3363,67.906,14.2484,2.514
6798,4/9/2026 9:00,15.3316,68.077,14.2536,2.491
6799,4/9/2026 9:15,15.3402,68.077,14.2511,2.517
6800,4/9/2026 9:30,15.3316,68.077,14.2507,2.498
6801,4/9/2026 9:45,15.3303,68.248,14.252,2.492
6802,4/9/2026 10:00,15.3253,68.248,14.2507,2.483
6803,4/9/2026 10:15,15.3235,68.248,14.2513,2.478
6804,4/9/2026 10:30,15.3171,68.421,14.2495,2.467
6805,4/9/2026 10:45,15.3171,68.421,14.2476,2.472
6806,4/9/2026 11:00,15.3103,68.421,14.2452,2.461
6807,4/9/2026 11:15,15.3039,68.592,14.2473,2.442
6808,4/9/2026 11:30,15.2989,68.592,14.2449,2.436
6809,4/9/2026 11:45,15.3006,68.592,14.2455,2.438
6810,4/9/2026 12:00,15.2938,68.592,14.2498,2.413
6811,4/9/2026 12:15,15.2925,68.763,14.2411,2.43
6812,4/9/2026 12:30,15.2857,68.763,14.2317,2.436
6813,4/9/2026 12:45,15.2771,68.763,14.2314,2.417
6814,4/9/2026 13:00,15.2806,68.763,14.2341,2.418
6815,4/9/2026 13:15,15.281,68.934,14.2326,2.423
6816,4/9/2026 13:30,15.269,68.934,14.2301,2.401
6817,4/9/2026 13:45,15.2657,68.934,14.2286,2.397
6818,4/9/2026 14:00,15.2622,68.934,14.2262,2.394
6819,4/9/2026 14:15,15.2622,68.934,14.2215,2.405
6820,4/9/2026 14:30,15.252,68.934,14.221,2.383
6821,4/9/2026 14:45,15.2485,68.934,14.2194,2.379
6822,4/9/2026 15:00,15.2474,69.107,14.2141,2.388
6823,4/9/2026 15:15,15.2456,69.107,14.2111,2.391
6824,4/9/2026 15:30,15.2388,69.107,14.213,2.371
6825,4/9/2026 15:45,15.2371,69.107,14.2114,2.371
6826,4/9/2026 16:00,15.2336,69.107,14.213,2.359
6827,4/9/2026 16:15,15.2336,69.107,14.2114,2.362
6828,4/9/2026 16:30,15.2336,69.107,14.2127,2.359
6829,4/9/2026 16:45,15.2303,69.107,14.2169,2.342
6830,4/9/2026 17:00,15.2285,69.107,14.213,2.347
6831,4/9/2026 17:15,15.232,69.107,14.2151,2.35
6832,4/9/2026 17:30,15.232,69.107,14.2176,2.344
6833,4/9/2026 17:45,15.2336,69.107,14.2237,2.334
6834,4/9/2026 18:00,15.2285,69.107,14.2231,2.324
6835,4/9/2026 18:15,15.2353,69.107,14.2279,2.328
6836,4/9/2026 18:30,15.232,69.107,14.2289,2.318
6837,4/9/2026 18:45,15.2303,69.107,14.2292,2.314
6838,4/9/2026 19:00,15.2303,69.107,14.2317,2.308
6839,4/9/2026 19:15,15.2268,69.107,14.2336,2.295
6840,4/9/2026 19:30,15.2285,69.107,14.2369,2.292
6841,4/9/2026 19:45,15.232,69.107,14.2394,2.294
6842,4/9/2026 20:00,15.2371,69.107,14.2427,2.298
6843,4/9/2026 20:15,15.2384,68.934,14.2476,2.29
6844,4/9/2026 20:30,15.2366,68.934,14.2471,2.287
6845,4/9/2026 20:45,15.2366,68.934,14.2479,2.285
6846,4/9/2026 21:00,15.2349,68.934,14.2488,2.279
6847,4/9/2026 21:15,15.2384,68.934,14.2537,2.276
6848,4/9/2026 21:30,15.2452,68.934,14.2562,2.286
6849,4/9/2026 21:45,15.2417,68.934,14.2572,2.275
6850,4/9/2026 22:00,15.243,68.763,14.2611,2.269
6851,4/9/2026 22:15,15.2446,68.763,14.2621,2.271
6852,4/9/2026 22:30,15.2413,68.763,14.2621,2.263
6853,4/9/2026 22:45,15.2378,68.763,14.2584,2.263
6854,4/9/2026 23:00,15.2345,68.763,14.2578,2.257
6855,4/9/2026 23:15,15.2327,68.763,14.2542,2.261
6856,4/9/2026 23:30,15.2277,68.763,14.2536,2.251
6857,4/9/2026 23:45,15.2224,68.763,14.252,2.243
6858,4/10/2026 0:00,15.2208,68.763,14.2498,2.244
6859,4/10/2026 0:15,15.2204,68.592,14.2478,2.248
6860,4/10/2026 0:30,15.2169,68.592,14.2446,2.247
6861,4/10/2026 0:45,15.2134,68.592,14.244,2.24
6862,4/10/2026 1:00,15.2084,68.592,14.2404,2.237
6863,4/10/2026 1:15,15.2033,68.592,14.2357,2.236
6864,4/10/2026 1:30,15.1982,68.592,14.2305,2.236
6865,4/10/2026 1:45,15.1982,68.592,14.2315,2.234
6866,4/10/2026 2:00,15.193,68.592,14.2263,2.234
6867,4/10/2026 2:15,15.1892,68.421,14.2247,2.229
6868,4/10/2026 2:30,15.1857,68.421,14.2211,2.229
6869,4/10/2026 2:45,15.1807,68.421,14.218,2.225
6870,4/10/2026 3:00,15.1857,68.421,14.2205,2.231
6871,4/10/2026 3:15,15.1857,68.421,14.2236,2.224
6872,4/10/2026 3:30,15.1824,68.421,14.2183,2.228
6873,4/10/2026 3:45,15.1818,68.248,14.2199,2.223
6874,4/10/2026 4:00,15.1785,68.248,14.2178,2.22
6875,4/10/2026 4:15,15.1734,68.248,14.2131,2.219
6876,4/10/2026 4:30,15.1717,68.248,14.2125,2.216
6877,4/10/2026 4:45,15.1682,68.248,14.2125,2.208
6878,4/10/2026 5:00,15.1699,68.248,14.2089,2.221
6879,4/10/2026 5:15,15.1614,68.248,14.2104,2.198
6880,4/10/2026 5:30,15.1678,68.077,14.215,2.202
6881,4/10/2026 5:45,15.1695,68.077,14.2114,2.214
6882,4/10/2026 6:00,15.1695,68.077,14.2144,2.207
6883,4/10/2026 6:15,15.166,68.077,14.2098,2.21
6884,4/10/2026 6:30,15.1678,68.077,14.2122,2.208
6885,4/10/2026 6:45,15.1712,68.077,14.2122,2.216
6886,4/10/2026 7:00,15.1695,68.077,14.2138,2.208
6887,4/10/2026 7:15,15.1609,68.077,14.2144,2.187
6888,4/10/2026 7:30,15.166,68.077,14.218,2.191
6889,4/10/2026 7:45,15.1627,68.077,14.2224,2.173
6890,4/10/2026 8:00,15.1592,68.077,14.2199,2.17
6891,4/10/2026 8:15,15.1592,68.077,14.2211,2.168
6892,4/10/2026 8:30,15.1644,68.077,14.2208,2.181
6893,4/10/2026 8:45,15.1682,68.248,14.2217,2.187
6894,4/10/2026 9:00,15.1631,68.248,14.224,2.17
6895,4/10/2026 9:15,15.1563,68.248,14.2223,2.158
6896,4/10/2026 9:30,15.155,68.421,14.221,2.158
6897,4/10/2026 9:45,15.1517,68.421,14.2234,2.145
6898,4/10/2026 10:00,15.1606,68.592,14.2295,2.152
6899,4/10/2026 10:15,15.1593,68.763,14.2311,2.145
6900,4/10/2026 10:30,15.1611,68.763,14.232,2.147
6901,4/10/2026 10:45,15.1633,68.934,14.2384,2.138
6902,4/10/2026 11:00,15.1666,68.934,14.236,2.151
6903,4/10/2026 11:15,15.1654,69.107,14.2328,2.155
6904,4/10/2026 11:30,15.1727,69.278,14.2369,2.163
6905,4/10/2026 11:45,15.1659,69.278,14.2286,2.166
6906,4/10/2026 12:00,15.168,69.449,14.2249,2.18
6907,4/10/2026 12:15,15.165,69.622,14.2265,2.169
6908,4/10/2026 12:30,15.1599,69.622,14.2204,2.172
6909,4/10/2026 12:45,15.157,69.793,14.221,2.164
6910,4/10/2026 13:00,15.1553,69.793,14.2188,2.165
6911,4/10/2026 13:15,15.1518,69.793,14.2144,2.167
6912,4/10/2026 13:30,15.1489,69.964,14.213,2.163
6913,4/10/2026 13:45,15.1506,69.964,14.2114,2.171
6914,4/10/2026 14:00,15.1454,69.964,14.2117,2.158
6915,4/10/2026 14:15,15.1489,69.964,14.2086,2.173
6916,4/10/2026 14:30,15.1522,69.964,14.2089,2.18
6917,4/10/2026 14:45,15.1522,69.964,14.2086,2.181
6918,4/10/2026 15:00,15.1575,69.964,14.2127,2.184
6919,4/10/2026 15:15,15.1575,69.964,14.212,2.185
6920,4/10/2026 15:30,15.1557,69.964,14.2102,2.185
6921,4/10/2026 15:45,15.1591,69.964,14.2105,2.192
6922,4/10/2026 16:00,15.1575,69.964,14.2078,2.195
6923,4/10/2026 16:15,15.157,69.793,14.205,2.2
6924,4/10/2026 16:30,15.1604,69.793,14.205,2.208
6925,4/10/2026 16:45,15.1638,69.793,14.2096,2.205
6926,4/10/2026 17:00,15.1654,69.793,14.2121,2.203
6927,4/10/2026 17:15,15.1689,69.793,14.2105,2.215
6928,4/10/2026 17:30,15.165,69.622,14.2075,2.213
6929,4/10/2026 17:45,15.1702,69.622,14.2121,2.214
6930,4/10/2026 18:00,15.1667,69.622,14.2053,2.222
6931,4/10/2026 18:15,15.165,69.622,14.2063,2.216
6932,4/10/2026 18:30,15.1702,69.622,14.2118,2.215
6933,4/10/2026 18:45,15.1702,69.622,14.2136,2.211
6934,4/10/2026 19:00,15.1731,69.449,14.2176,2.208
6935,4/10/2026 19:15,15.1782,69.449,14.2262,2.2
6936,4/10/2026 19:30,15.185,69.449,14.2286,2.21
6937,4/10/2026 19:45,15.185,69.449,14.2333,2.2
6938,4/10/2026 20:00,15.1885,69.449,14.2357,2.202
6939,4/10/2026 20:15,15.1885,69.449,14.2404,2.191
6940,4/10/2026 20:30,15.1863,69.278,14.2397,2.188
6941,4/10/2026 20:45,15.1897,69.278,14.2382,2.199
6942,4/10/2026 21:00,15.1897,69.278,14.2437,2.186
6943,4/10/2026 21:15,15.1931,69.278,14.2484,2.184
6944,4/10/2026 21:30,15.1982,69.278,14.2468,2.199
6945,4/10/2026 21:45,15.2017,69.278,14.2484,2.203
6946,4/10/2026 22:00,15.2017,69.278,14.2529,2.193
6947,4/10/2026 22:15,15.2068,69.278,14.2508,2.209
6948,4/10/2026 22:30,15.2085,69.278,14.2547,2.204
6949,4/10/2026 22:45,15.2114,69.107,14.2547,2.211
6950,4/10/2026 23:00,15.2132,69.107,14.2533,2.218
6951,4/10/2026 23:15,15.2098,69.107,14.2517,2.214
6952,4/10/2026 23:30,15.2098,69.107,14.2501,2.218
6953,4/10/2026 23:45,15.2013,69.107,14.2517,2.195
6954,4/11/2026 0:00,15.2013,69.107,14.2481,2.203
6955,4/11/2026 0:15,15.1978,69.107,14.2434,2.206
6956,4/11/2026 0:30,15.1978,69.107,14.2434,2.206
6957,4/11/2026 0:45,15.1944,69.107,14.2388,2.209
6958,4/11/2026 1:00,15.1944,69.107,14.2429,2.199
6959,4/11/2026 1:15,15.191,69.107,14.2398,2.198
6960,4/11/2026 1:30,15.191,69.107,14.2382,2.202
6961,4/11/2026 1:45,15.1859,69.107,14.2352,2.197
6962,4/11/2026 2:00,15.1859,69.107,14.233,2.202
6963,4/11/2026 2:15,15.1841,69.107,14.2346,2.195
6964,4/11/2026 2:30,15.1876,69.107,14.2355,2.201
6965,4/11/2026 2:45,15.1841,69.107,14.231,2.203
6966,4/11/2026 3:00,15.1841,69.107,14.2241,2.219
6967,4/11/2026 3:15,15.1824,69.107,14.2272,2.208
6968,4/11/2026 3:30,15.1756,69.107,14.2272,2.192
6969,4/11/2026 3:45,15.1791,69.107,14.2297,2.194
6970,4/11/2026 4:00,15.1808,69.107,14.2269,2.205
6971,4/11/2026 4:15,15.1738,69.107,14.2231,2.197
6972,4/11/2026 4:30,15.1773,69.107,14.225,2.201
6973,4/11/2026 4:45,15.1718,68.934,14.2215,2.196
6974,4/11/2026 5:00,15.1752,68.934,14.2228,2.201
6975,4/11/2026 5:15,15.1786,68.934,14.2275,2.198
6976,4/11/2026 5:30,15.1769,68.934,14.2289,2.191
6977,4/11/2026 5:45,15.1786,68.934,14.2326,2.186
6978,4/11/2026 6:00,15.1786,68.934,14.2357,2.179
6979,4/11/2026 6:15,15.1837,68.934,14.2363,2.189
6980,4/11/2026 6:30,15.1837,68.934,14.2363,2.189
6981,4/11/2026 6:45,15.187,68.934,14.2465,2.174
6982,4/11/2026 7:00,15.194,68.934,14.2479,2.186
6983,4/11/2026 7:15,15.194,68.934,14.2526,2.176
6984,4/11/2026 7:30,15.1905,68.934,14.2523,2.168
6985,4/11/2026 7:45,15.1956,68.934,14.2526,2.179
6986,4/11/2026 8:00,15.2024,68.934,14.259,2.18
6987,4/11/2026 8:15,15.2092,68.934,14.2608,2.192
6988,4/11/2026 8:30,15.2092,68.934,14.2605,2.192
6989,4/11/2026 8:45,15.2132,69.107,14.263,2.196
6990,4/11/2026 9:00,15.2182,69.107,14.2669,2.199
6991,4/11/2026 9:15,15.2171,69.278,14.2688,2.192
6992,4/11/2026 9:30,15.221,69.449,14.2682,2.202
6993,4/11/2026 9:45,15.221,69.449,14.2717,2.194
6994,4/11/2026 10:00,15.2179,69.622,14.2714,2.188
6995,4/11/2026 10:15,15.2184,69.793,14.2679,2.197
6996,4/11/2026 10:30,15.2188,69.964,14.2692,2.195
6997,4/11/2026 10:45,15.2249,70.308,14.2665,2.215
6998,4/11/2026 11:00,15.2236,70.48,14.2681,2.209
6999,4/11/2026 11:15,15.219,70.651,14.2648,2.206
7000,4/11/2026 11:30,15.22,70.995,14.2627,2.213
7001,4/11/2026 11:45,15.2179,71.512,14.2661,2.201
7002,4/11/2026 12:00,15.2153,71.856,14.2634,2.201
7003,4/11/2026 12:15,15.212,71.856,14.2668,2.185
7004,4/11/2026 12:30,15.2107,72.028,14.2646,2.187
7005,4/11/2026 12:45,15.2129,72.199,14.2616,2.199
7006,4/11/2026 13:00,15.2082,72.372,14.2571,2.199
7007,4/11/2026 13:15,15.2065,72.372,14.259,2.191
7008,4/11/2026 13:30,15.2001,72.545,14.2549,2.185
7009,4/11/2026 13:45,15.2001,72.545,14.2516,2.193
7010,4/11/2026 14:00,15.195,72.545,14.2492,2.187
7011,4/11/2026 14:15,15.1921,72.718,14.2489,2.181
7012,4/11/2026 14:30,15.1869,72.718,14.2459,2.176
7013,4/11/2026 14:45,15.1869,72.718,14.2473,2.172
7014,4/11/2026 15:00,15.1886,72.718,14.2492,2.172
7015,4/11/2026 15:15,15.1904,72.718,14.2463,2.183
7016,4/11/2026 15:30,15.1836,72.718,14.245,2.17
7017,4/11/2026 15:45,15.1801,72.718,14.2479,2.155
7018,4/11/2026 16:00,15.1818,72.718,14.2456,2.165
7019,4/11/2026 16:15,15.1818,72.718,14.2458,2.164
7020,4/11/2026 16:30,15.1836,72.718,14.2469,2.166
7021,4/11/2026 16:45,15.1814,72.545,14.2449,2.165
7022,4/11/2026 17:00,15.1814,72.545,14.2478,2.159
7023,4/11/2026 17:15,15.181,72.372,14.2487,2.156
7024,4/11/2026 17:30,15.1826,72.372,14.2537,2.147
7025,4/11/2026 17:45,15.181,72.372,14.2545,2.142
7026,4/11/2026 18:00,15.186,72.372,14.2552,2.152
7027,4/11/2026 18:15,15.1856,72.199,14.2582,2.144
7028,4/11/2026 18:30,15.1839,72.199,14.2611,2.133
7029,4/11/2026 18:45,15.1889,72.199,14.265,2.136
7030,4/11/2026 19:00,15.1889,72.199,14.2665,2.133
7031,4/11/2026 19:15,15.1889,72.199,14.2655,2.135
7032,4/11/2026 19:30,15.1937,72.028,14.2682,2.14
7033,4/11/2026 19:45,15.192,72.028,14.2729,2.125
7034,4/11/2026 20:00,15.1937,72.028,14.2704,2.135
7035,4/11/2026 20:15,15.1984,71.856,14.2726,2.14
7036,4/11/2026 20:30,15.1949,71.856,14.2787,2.118
7037,4/11/2026 20:45,15.2,71.856,14.2817,2.123
7038,4/11/2026 21:00,15.2052,71.856,14.2827,2.133
7039,4/11/2026 21:15,15.212,71.856,14.2867,2.139
7040,4/11/2026 21:30,15.2153,71.856,14.2845,2.152
7041,4/11/2026 21:45,15.2081,71.683,14.2855,2.133
7042,4/11/2026 22:00,15.2098,71.683,14.2894,2.128
7043,4/11/2026 22:15,15.2184,71.683,14.2867,2.154
7044,4/11/2026 22:30,15.2149,71.683,14.2845,2.151
7045,4/11/2026 22:45,15.2098,71.683,14.2853,2.137
7046,4/11/2026 23:00,15.2149,71.683,14.2894,2.14
7047,4/11/2026 23:15,15.2149,71.683,14.2888,2.141
7048,4/11/2026 23:30,15.2184,71.683,14.2897,2.147
7049,4/11/2026 23:45,15.2179,71.512,14.2875,2.151
7050,4/12/2026 0:00,15.2179,71.512,14.2839,2.159
7051,4/12/2026 0:15,15.2195,71.512,14.2832,2.165
7052,4/12/2026 0:30,15.2195,71.512,14.2826,2.166
7053,4/12/2026 0:45,15.2195,71.512,14.2842,2.162
7054,4/12/2026 1:00,15.2145,71.512,14.2851,2.149
7055,4/12/2026 1:15,15.214,71.339,14.2768,2.167
7056,4/12/2026 1:30,15.2158,71.339,14.2777,2.169
7057,4/12/2026 1:45,15.214,71.339,14.273,2.175
7058,4/12/2026 2:00,15.2055,71.339,14.271,2.16
7059,4/12/2026 2:15,15.202,71.339,14.2694,2.156
7060,4/12/2026 2:30,15.2004,71.339,14.2672,2.157
7061,4/12/2026 2:45,15.1969,71.339,14.2672,2.149
7062,4/12/2026 3:00,15.1936,71.339,14.2682,2.139
7063,4/12/2026 3:15,15.193,71.168,14.2614,2.154
7064,4/12/2026 3:30,15.1846,71.168,14.263,2.13
7065,4/12/2026 3:45,15.1846,71.168,14.2639,2.128
7066,4/12/2026 4:00,15.1862,71.168,14.2639,2.132
7067,4/12/2026 4:15,15.1846,71.168,14.2648,2.126
7068,4/12/2026 4:30,15.176,71.168,14.2617,2.114
7069,4/12/2026 4:45,15.1756,70.995,14.2627,2.11
7070,4/12/2026 5:00,15.1738,70.995,14.2627,2.106
7071,4/12/2026 5:15,15.1704,70.995,14.2652,2.092
7072,4/12/2026 5:30,15.1738,70.995,14.2652,2.1
7073,4/12/2026 5:45,15.1738,70.995,14.2682,2.093
7074,4/12/2026 6:00,15.1756,70.995,14.2697,2.094
7075,4/12/2026 6:15,15.1767,70.824,14.2721,2.091
7076,4/12/2026 6:30,15.1785,70.824,14.2716,2.096
7077,4/12/2026 6:45,15.1785,70.824,14.2777,2.082
7078,4/12/2026 7:00,15.1785,70.824,14.2777,2.082
7079,4/12/2026 7:15,15.1767,70.824,14.2784,2.077
7080,4/12/2026 7:30,15.1717,70.824,14.279,2.064
7081,4/12/2026 7:45,15.175,70.824,14.278,2.074
7082,4/12/2026 8:00,15.1699,70.824,14.2777,2.063
7083,4/12/2026 8:15,15.1682,70.824,14.282,2.048
7084,4/12/2026 8:30,15.1734,70.824,14.2862,2.051
7085,4/12/2026 8:45,15.1717,70.824,14.2872,2.044
7086,4/12/2026 9:00,15.1704,70.995,14.2851,2.047
7087,4/12/2026 9:15,15.1721,70.995,14.2869,2.046
7088,4/12/2026 9:30,15.1708,71.168,14.2903,2.035
7089,4/12/2026 9:45,15.1747,71.339,14.2916,2.042
7090,4/12/2026 10:00,15.1747,71.339,14.2919,2.041
7091,4/12/2026 10:15,15.1782,71.339,14.2923,2.048
7092,4/12/2026 10:30,15.1804,71.512,14.292,2.054
7093,4/12/2026 10:45,15.1769,71.512,14.2904,2.049
7094,4/12/2026 11:00,15.1804,71.512,14.2917,2.054
7095,4/12/2026 11:15,15.1791,71.683,14.2917,2.051
7096,4/12/2026 11:30,15.1773,71.683,14.2896,2.052
7097,4/12/2026 11:45,15.1744,71.856,14.2874,2.051
7098,4/12/2026 12:00,15.1694,71.856,14.2827,2.05
7099,4/12/2026 12:15,15.168,72.028,14.283,2.046
7100,4/12/2026 12:30,15.168,72.028,14.2822,2.048
7101,4/12/2026 12:45,15.168,72.028,14.2788,2.056
7102,4/12/2026 13:00,15.1663,72.028,14.2742,2.063
7103,4/12/2026 13:15,15.1612,72.028,14.2729,2.054
7104,4/12/2026 13:30,15.1595,72.028,14.2698,2.057
7105,4/12/2026 13:45,15.1595,72.028,14.2662,2.065
7106,4/12/2026 14:00,15.1667,72.199,14.2649,2.085
7107,4/12/2026 14:15,15.1736,72.199,14.263,2.105
7108,4/12/2026 14:30,15.1805,72.199,14.2663,2.114
7109,4/12/2026 14:45,15.1889,72.199,14.2636,2.139
7110,4/12/2026 15:00,15.1924,72.199,14.263,2.149
7111,4/12/2026 15:15,15.2159,72.028,14.2633,2.202
7112,4/12/2026 15:30,15.2671,72.028,14.2627,2.322
7113,4/12/2026 15:45,15.344,72.028,14.2645,2.496
7114,4/12/2026 16:00,15.4954,71.856,14.2648,2.845
7115,4/12/2026 16:15,15.5644,71.512,14.265,3.004
7116,4/12/2026 16:30,15.5897,71.339,14.2655,3.061
7117,4/12/2026 16:45,15.613,71.168,14.2642,3.118
7118,4/12/2026 17:00,15.6198,71.168,14.265,3.132
7119,4/12/2026 17:15,15.6387,71.168,14.2691,3.166
7120,4/12/2026 17:30,15.6301,71.168,14.2707,3.143
7121,4/12/2026 17:45,15.6284,71.168,14.2732,3.133
7122,4/12/2026 18:00,15.6591,71.168,14.2787,3.191
7123,4/12/2026 18:15,15.6673,70.995,14.2842,3.197
7124,4/12/2026 18:30,15.6519,70.995,14.2853,3.159
7125,4/12/2026 18:45,15.6736,70.824,14.2872,3.205
7126,4/12/2026 19:00,15.6787,70.824,14.2913,3.207
7127,4/12/2026 19:15,15.6732,70.651,14.2927,3.191
7128,4/12/2026 19:30,15.6954,70.651,14.2958,3.235
7129,4/12/2026 19:45,15.7398,70.651,14.2943,3.341
7130,4/12/2026 20:00,15.77,70.48,14.2988,3.4
7131,4/12/2026 20:15,15.8212,70.48,14.3045,3.506
7132,4/12/2026 20:30,15.8178,70.48,14.3059,3.495
7133,4/12/2026 20:45,15.8497,70.308,14.31,3.559
7134,4/12/2026 21:00,15.8429,70.308,14.3145,3.533
7135,4/12/2026 21:15,15.8168,70.137,14.317,3.467
7136,4/12/2026 21:30,15.8288,70.137,14.32,3.487
7137,4/12/2026 21:45,15.8522,69.964,14.3194,3.543
7138,4/12/2026 22:00,15.8386,69.964,14.3265,3.495
7139,4/12/2026 22:15,15.8364,69.793,14.3265,3.49
7140,4/12/2026 22:30,15.8399,69.793,14.3274,3.496
7141,4/12/2026 22:45,15.8171,69.622,14.329,3.439
7142,4/12/2026 23:00,15.8035,69.622,14.3284,3.409
7143,4/12/2026 23:15,15.803,69.449,14.3268,3.412
7144,4/12/2026 23:30,15.7911,69.449,14.3262,3.386
7145,4/12/2026 23:45,15.7894,69.449,14.3194,3.397
7146,4/13/2026 0:00,15.7872,69.278,14.3164,3.399
7147,4/13/2026 0:15,15.7872,69.278,14.3158,3.401
7148,4/13/2026 0:30,15.78,69.107,14.3158,3.384
7149,4/13/2026 0:45,15.8004,69.107,14.3106,3.443
7150,4/13/2026 1:00,15.8191,69.107,14.3106,3.486
7151,4/13/2026 1:15,15.8238,68.934,14.3086,3.502
7152,4/13/2026 1:30,15.8272,68.934,14.3039,3.521
7153,4/13/2026 1:45,15.8016,68.934,14.3039,3.461
7154,4/13/2026 2:00,15.7994,68.763,14.2971,3.472
7155,4/13/2026 2:15,15.7842,68.763,14.2971,3.437
7156,4/13/2026 2:30,15.7517,68.763,14.2935,3.37
7157,4/13/2026 2:45,15.7631,68.592,14.2888,3.407
7158,4/13/2026 3:00,15.7427,68.592,14.2882,3.361
7159,4/13/2026 3:15,15.7478,68.592,14.2791,3.394
7160,4/13/2026 3:30,15.7154,68.592,14.2753,3.328
7161,4/13/2026 3:45,15.6961,68.421,14.28,3.273
7162,4/13/2026 4:00,15.7064,68.421,14.2846,3.286
7163,4/13/2026 4:15,15.6825,68.421,14.281,3.239
7164,4/13/2026 4:30,15.6667,68.248,14.2824,3.199
7165,4/13/2026 4:45,15.6683,68.248,14.2794,3.21
7166,4/13/2026 5:00,15.6529,68.248,14.2794,3.174
7167,4/13/2026 5:15,15.6428,68.248,14.2819,3.145
7168,4/13/2026 5:30,15.6513,68.248,14.2788,3.172
7169,4/13/2026 5:45,15.6325,68.248,14.2803,3.125
7170,4/13/2026 6:00,15.6269,68.077,14.2813,3.11
7171,4/13/2026 6:15,15.6235,68.077,14.2843,3.095
7172,4/13/2026 6:30,15.5979,68.077,14.2884,3.026
7173,4/13/2026 6:45,15.6013,68.077,14.2884,3.034
7174,4/13/2026 7:00,15.5945,68.077,14.2884,3.018
7175,4/13/2026 7:15,15.5927,68.077,14.2852,3.021
7176,4/13/2026 7:30,15.5876,68.077,14.2904,2.998
7177,4/13/2026 7:45,15.5637,68.077,14.2917,2.939
7178,4/13/2026 8:00,15.5705,68.077,14.2913,2.956
7179,4/13/2026 8:15,15.5655,68.077,14.2956,2.934
7180,4/13/2026 8:30,15.5637,68.077,14.2954,2.931
7181,4/13/2026 8:45,15.5643,68.248,14.2987,2.925
7182,4/13/2026 9:00,15.5573,68.248,14.2993,2.907
7183,4/13/2026 9:15,15.5459,68.421,14.3004,2.878
7184,4/13/2026 9:30,15.5459,68.421,14.3035,2.871
7185,4/13/2026 9:45,15.543,68.592,14.3071,2.856
7186,4/13/2026 10:00,15.5395,68.592,14.3059,2.851
7187,4/13/2026 10:15,15.5263,68.763,14.3078,2.816
7188,4/13/2026 10:30,15.5216,68.934,14.3059,2.81
7189,4/13/2026 10:45,15.5137,69.107,14.3054,2.793
7190,4/13/2026 11:00,15.5111,69.449,14.3048,2.788
7191,4/13/2026 11:15,15.4963,69.622,14.3006,2.764
7192,4/13/2026 11:30,15.491,69.622,14.2997,2.753
7193,4/13/2026 11:45,15.4899,69.793,14.3,2.75
7194,4/13/2026 12:00,15.48,69.964,14.2967,2.735
7195,4/13/2026 12:15,15.4818,69.964,14.2926,2.749
7196,4/13/2026 12:30,15.4771,70.137,14.2939,2.735
7197,4/13/2026 12:45,15.4736,70.137,14.2925,2.73
7198,4/13/2026 13:00,15.4617,70.137,14.2942,2.699
7199,4/13/2026 13:15,15.4583,70.137,14.2959,2.687
7200,4/13/2026 13:30,15.4617,70.137,14.2932,2.701
7201,4/13/2026 13:45,15.4493,69.964,14.288,2.684
7202,4/13/2026 14:00,15.4356,69.964,14.2855,2.658
7203,4/13/2026 14:15,15.434,69.964,14.2846,2.657
7204,4/13/2026 14:30,15.4356,69.964,14.2822,2.666
7205,4/13/2026 14:45,15.4152,69.964,14.2794,2.625
7206,4/13/2026 15:00,15.4152,69.964,14.2798,2.624
7207,4/13/2026 15:15,15.4066,69.964,14.2746,2.616
7208,4/13/2026 15:30,15.4003,70.137,14.2759,2.599
7209,4/13/2026 15:45,15.4003,70.137,14.2787,2.592
7210,4/13/2026 16:00,15.4024,70.308,14.2785,2.598
7211,4/13/2026 16:15,15.3991,70.308,14.2727,2.604
7212,4/13/2026 16:30,15.3791,70.48,14.269,2.566
7213,4/13/2026 16:45,15.3756,70.48,14.273,2.549
7214,4/13/2026 17:00,15.3859,70.48,14.2717,2.575
7215,4/13/2026 17:15,15.3842,70.48,14.2764,2.561
7216,4/13/2026 17:30,15.3791,70.48,14.2803,2.54
7217,4/13/2026 17:45,15.3807,70.48,14.28,2.544
7218,4/13/2026 18:00,15.3824,70.48,14.2803,2.548
7219,4/13/2026 18:15,15.3773,70.48,14.2811,2.534
7220,4/13/2026 18:30,15.3773,70.48,14.2798,2.537
7221,4/13/2026 18:45,15.3773,70.48,14.2817,2.533
7222,4/13/2026 19:00,15.3773,70.48,14.2861,2.522
7223,4/13/2026 19:15,15.3756,70.48,14.2856,2.519
7224,4/13/2026 19:30,15.3824,70.48,14.2906,2.524
7225,4/13/2026 19:45,15.3791,70.48,14.2967,2.502
7226,4/13/2026 20:00,15.3824,70.48,14.3013,2.499
7227,4/13/2026 20:15,15.3842,70.48,14.3013,2.503
7228,4/13/2026 20:30,15.3807,70.48,14.3054,2.486
7229,4/13/2026 20:45,15.382,70.308,14.3078,2.483
7230,4/13/2026 21:00,15.3837,70.308,14.3065,2.49
7231,4/13/2026 21:15,15.3855,70.308,14.3074,2.492
7232,4/13/2026 21:30,15.3871,70.308,14.313,2.482
7233,4/13/2026 21:45,15.3855,70.308,14.3133,2.478
7234,4/13/2026 22:00,15.3855,70.308,14.3158,2.472
7235,4/13/2026 22:15,15.3855,70.308,14.3136,2.477
7236,4/13/2026 22:30,15.3837,70.308,14.3115,2.478
7237,4/13/2026 22:45,15.3833,70.137,14.3099,2.481
7238,4/13/2026 23:00,15.3781,70.137,14.3109,2.467
7239,4/13/2026 23:15,15.3781,70.137,14.3164,2.454
7240,4/13/2026 23:30,15.3781,70.137,14.3112,2.466
7241,4/13/2026 23:45,15.3679,70.137,14.309,2.448
7242,4/14/2026 0:00,15.3627,70.137,14.3054,2.444
7243,4/14/2026 0:15,15.3627,70.137,14.3016,2.453
7244,4/14/2026 0:30,15.3572,69.964,14.3016,2.44
7245,4/14/2026 0:45,15.3554,69.964,14.2996,2.44
7246,4/14/2026 1:00,15.3486,69.964,14.2958,2.433
7247,4/14/2026 1:15,15.3435,69.964,14.2952,2.423
7248,4/14/2026 1:30,15.3464,69.793,14.2946,2.431
7249,4/14/2026 1:45,15.3396,69.793,14.2916,2.422
7250,4/14/2026 2:00,15.3379,69.793,14.291,2.42
7251,4/14/2026 2:15,15.3328,69.793,14.2933,2.403
7252,4/14/2026 2:30,15.3345,69.793,14.2858,2.424
7253,4/14/2026 2:45,15.3272,69.622,14.2851,2.409
7254,4/14/2026 3:00,15.3289,69.622,14.2784,2.428
7255,4/14/2026 3:15,15.3238,69.622,14.2784,2.416
7256,4/14/2026 3:30,15.317,69.622,14.2762,2.406
7257,4/14/2026 3:45,15.3102,69.622,14.2762,2.39
7258,4/14/2026 4:00,15.3135,69.622,14.2756,2.399
7259,4/14/2026 4:15,15.3113,69.449,14.274,2.397
7260,4/14/2026 4:30,15.3097,69.449,14.275,2.391
7261,4/14/2026 4:45,15.3113,69.449,14.2827,2.377
7262,4/14/2026 5:00,15.3113,69.449,14.2872,2.367
7263,4/14/2026 5:15,15.3131,69.449,14.2882,2.369
7264,4/14/2026 5:30,15.3166,69.449,14.2852,2.384
7265,4/14/2026 5:45,15.3166,69.449,14.2877,2.378
7266,4/14/2026 6:00,15.3144,69.278,14.2891,2.37
7267,4/14/2026 6:15,15.3177,69.278,14.2946,2.365
7268,4/14/2026 6:30,15.3212,69.278,14.2962,2.369
7269,4/14/2026 6:45,15.3212,69.278,14.2987,2.363
7270,4/14/2026 7:00,15.328,69.278,14.3033,2.368
7271,4/14/2026 7:15,15.3224,69.107,14.3048,2.352
7272,4/14/2026 7:30,15.3258,69.107,14.31,2.348
7273,4/14/2026 7:45,15.3224,69.107,14.3081,2.344
7274,4/14/2026 8:00,15.3208,69.107,14.3084,2.34
7275,4/14/2026 8:15,15.3208,69.107,14.3062,2.345
7276,4/14/2026 8:30,15.3224,69.107,14.3112,2.337
7277,4/14/2026 8:45,15.3224,69.107,14.3099,2.34
7278,4/14/2026 9:00,15.3212,69.278,14.3139,2.328
7279,4/14/2026 9:15,15.3216,69.449,14.3139,2.329
7280,4/14/2026 9:30,15.3216,69.449,14.3145,2.328
7281,4/14/2026 9:45,15.3221,69.622,14.3183,2.32
7282,4/14/2026 10:00,15.3192,69.793,14.3168,2.317
7283,4/14/2026 10:15,15.3251,70.137,14.3159,2.333
7284,4/14/2026 10:30,15.3171,70.308,14.3181,2.309
7285,4/14/2026 10:45,15.3198,70.651,14.3158,2.321
7286,4/14/2026 11:00,15.3206,70.995,14.319,2.315
7287,4/14/2026 11:15,15.3182,71.339,14.3132,2.323
7288,4/14/2026 11:30,15.319,71.683,14.3136,2.324
7289,4/14/2026 11:45,15.2854,71.856,14.3141,2.246
7290,4/14/2026 12:00,15.2522,72.199,14.3129,2.172
7291,4/14/2026 12:15,15.2308,72.545,14.3139,2.12
7292,4/14/2026 12:30,15.2198,72.891,14.3104,2.103
7293,4/14/2026 12:45,15.2084,73.062,14.3068,2.085
7294,4/14/2026 13:00,15.1849,73.234,14.3067,2.031
7295,4/14/2026 13:15,15.1662,73.234,14.3012,2
7296,4/14/2026 13:30,15.1547,73.407,14.3033,1.969
7297,4/14/2026 13:45,15.1398,73.58,14.2987,1.945
7298,4/14/2026 14:00,15.1334,73.753,14.2991,1.929
7299,4/14/2026 14:15,15.1202,73.926,14.2981,1.901
7300,4/14/2026 14:30,15.1173,74.098,14.2933,1.905
7301,4/14/2026 14:45,15.1105,74.098,14.2922,1.892
7302,4/14/2026 15:00,15.1057,74.271,14.2904,1.885
7303,4/14/2026 15:15,15.1006,74.271,14.2903,1.874
7304,4/14/2026 15:30,15.1006,74.271,14.2925,1.869
7305,4/14/2026 15:45,15.1006,74.271,14.2925,1.869
7306,4/14/2026 16:00,15.0973,74.271,14.2909,1.865
7307,4/14/2026 16:15,15.0973,74.271,14.2885,1.87
7308,4/14/2026 16:30,15.0973,74.271,14.2893,1.869
7309,4/14/2026 16:45,15.0951,74.098,14.2914,1.859
7310,4/14/2026 17:00,15.0951,74.098,14.2923,1.856
7311,4/14/2026 17:15,15.0984,74.098,14.294,1.86
7312,4/14/2026 17:30,15.0951,74.098,14.2958,1.848
7313,4/14/2026 17:45,15.0984,74.098,14.2961,1.855
7314,4/14/2026 18:00,15.0967,74.098,14.2991,1.844
7315,4/14/2026 18:15,15.0997,73.926,14.2985,1.853
7316,4/14/2026 18:30,15.0997,73.926,14.3019,1.845
7317,4/14/2026 18:45,15.1031,73.926,14.3022,1.852
7318,4/14/2026 19:00,15.1031,73.926,14.3039,1.848
7319,4/14/2026 19:15,15.1066,73.926,14.3077,1.847
7320,4/14/2026 19:30,15.1083,73.926,14.3046,1.858
7321,4/14/2026 19:45,15.1099,73.926,14.3077,1.855
7322,4/14/2026 20:00,15.1116,73.926,14.3112,1.851
7323,4/14/2026 20:15,15.1151,73.926,14.3167,1.846
7324,4/14/2026 20:30,15.1151,73.926,14.3146,1.851
7325,4/14/2026 20:45,15.1167,73.926,14.3165,1.85
7326,4/14/2026 21:00,15.1184,73.926,14.3199,1.847
7327,4/14/2026 21:15,15.1184,73.926,14.3202,1.846
7328,4/14/2026 21:30,15.1163,73.753,14.3213,1.838
7329,4/14/2026 21:45,15.1197,73.753,14.3262,1.835
7330,4/14/2026 22:00,15.118,73.753,14.3249,1.834
7331,4/14/2026 22:15,15.1215,73.753,14.3315,1.827
7332,4/14/2026 22:30,15.1209,73.58,14.3293,1.831
7333,4/14/2026 22:45,15.1176,73.58,14.328,1.826
7334,4/14/2026 23:00,15.1193,73.58,14.3305,1.824
7335,4/14/2026 23:15,15.1187,73.407,14.3277,1.829
7336,4/14/2026 23:30,15.1154,73.407,14.3271,1.823
7337,4/14/2026 23:45,15.1119,73.407,14.3249,1.82
7338,4/15/2026 0:00,15.1115,73.234,14.3222,1.825
7339,4/15/2026 0:15,15.1081,73.234,14.32,1.822
7340,4/15/2026 0:30,15.106,73.062,14.3194,1.819
7341,4/15/2026 0:45,15.1025,73.062,14.3136,1.824
7342,4/15/2026 1:00,15.0974,73.062,14.3145,1.81
7343,4/15/2026 1:15,15.0935,72.891,14.3109,1.81
7344,4/15/2026 1:30,15.09,72.891,14.3057,1.814
7345,4/15/2026 1:45,15.0845,72.718,14.3035,1.806
7346,4/15/2026 2:00,15.0794,72.718,14.3013,1.799
7347,4/15/2026 2:15,15.0806,72.545,14.3001,1.804
7348,4/15/2026 2:30,15.0788,72.545,14.2996,1.802
7349,4/15/2026 2:45,15.0751,72.372,14.2974,1.798
7350,4/15/2026 3:00,15.0751,72.372,14.2952,1.803
7351,4/15/2026 3:15,15.0712,72.199,14.2946,1.795
7352,4/15/2026 3:30,15.0694,72.199,14.2925,1.796
7353,4/15/2026 3:45,15.0656,72.028,14.2919,1.789
7354,4/15/2026 4:00,15.0672,72.028,14.2882,1.801
7355,4/15/2026 4:15,15.0635,71.856,14.2875,1.794
7356,4/15/2026 4:30,15.0617,71.856,14.2885,1.788
7357,4/15/2026 4:45,15.0651,71.856,14.2894,1.793
7358,4/15/2026 5:00,15.0646,71.683,14.2919,1.786
7359,4/15/2026 5:15,15.0664,71.683,14.2935,1.787
7360,4/15/2026 5:30,15.0699,71.683,14.2929,1.796
7361,4/15/2026 5:45,15.0693,71.512,14.2929,1.795
7362,4/15/2026 6:00,15.0677,71.512,14.2922,1.793
7363,4/15/2026 6:15,15.071,71.512,14.2938,1.797
7364,4/15/2026 6:30,15.0723,71.339,14.2946,1.798
7365,4/15/2026 6:45,15.0723,71.339,14.2962,1.794
7366,4/15/2026 7:00,15.0741,71.339,14.2962,1.798
7367,4/15/2026 7:15,15.0741,71.339,14.3036,1.781
7368,4/15/2026 7:30,15.0787,71.168,14.3072,1.783
7369,4/15/2026 7:45,15.0855,71.168,14.31,1.793
7370,4/15/2026 8:00,15.0855,71.168,14.3103,1.792
7371,4/15/2026 8:15,15.0855,71.168,14.3128,1.786
7372,4/15/2026 8:30,15.0855,71.168,14.3112,1.79
7373,4/15/2026 8:45,15.082,71.168,14.3096,1.786
7374,4/15/2026 9:00,15.0774,71.339,14.309,1.776
7375,4/15/2026 9:15,15.0809,71.339,14.312,1.777
7376,4/15/2026 9:30,15.0796,71.512,14.3122,1.774
7377,4/15/2026 9:45,15.0831,71.512,14.3133,1.779
7378,4/15/2026 10:00,15.0817,71.683,14.3126,1.778
7379,4/15/2026 10:15,15.0788,71.856,14.3123,1.772
7380,4/15/2026 10:30,15.0809,72.028,14.3112,1.78
7381,4/15/2026 10:45,15.0793,72.028,14.3145,1.768
7382,4/15/2026 11:00,15.078,72.199,14.3094,1.777
7383,4/15/2026 11:15,15.0699,72.372,14.3074,1.763
7384,4/15/2026 11:30,15.0755,72.545,14.3068,1.777
7385,4/15/2026 11:45,15.0709,72.718,14.3014,1.779
7386,4/15/2026 12:00,15.0696,72.891,14.3032,1.772
7387,4/15/2026 12:15,15.0684,73.062,14.3012,1.774
7388,4/15/2026 12:30,15.0632,73.062,14.2987,1.768
7389,4/15/2026 12:45,15.062,73.234,14.2954,1.773
7390,4/15/2026 13:00,15.059,73.407,14.2956,1.765
7391,4/15/2026 13:15,15.059,73.407,14.2938,1.769
7392,4/15/2026 13:30,15.0556,73.407,14.2948,1.759
7393,4/15/2026 13:45,15.0539,73.407,14.2929,1.76
7394,4/15/2026 14:00,15.0522,73.407,14.2911,1.76
7395,4/15/2026 14:15,15.0535,73.234,14.2871,1.772
7396,4/15/2026 14:30,15.05,73.234,14.2891,1.759
7397,4/15/2026 14:45,15.0496,73.062,14.2867,1.764
7398,4/15/2026 15:00,15.0478,73.062,14.2884,1.756
7399,4/15/2026 15:15,15.0478,73.062,14.2853,1.763
7400,4/15/2026 15:30,15.0445,73.062,14.2859,1.754
7401,4/15/2026 15:45,15.0467,73.234,14.2867,1.757
7402,4/15/2026 16:00,15.0432,73.234,14.2867,1.749
7403,4/15/2026 16:15,15.0449,73.234,14.2845,1.758
7404,4/15/2026 16:30,15.0449,73.234,14.2871,1.752
7405,4/15/2026 16:45,15.0467,73.234,14.2898,1.75
7406,4/15/2026 17:00,15.0478,73.062,14.288,1.757
7407,4/15/2026 17:15,15.0496,73.062,14.2907,1.755
7408,4/15/2026 17:30,15.0496,73.062,14.2919,1.752
7409,4/15/2026 17:45,15.053,73.062,14.2946,1.754
7410,4/15/2026 18:00,15.0546,73.062,14.2922,1.763
7411,4/15/2026 18:15,15.053,73.062,14.2955,1.752
7412,4/15/2026 18:30,15.0564,73.062,14.2967,1.757
7413,4/15/2026 18:45,15.0598,73.062,14.2971,1.764
7414,4/15/2026 19:00,15.0564,73.062,14.3019,1.745
7415,4/15/2026 19:15,15.0649,73.062,14.3068,1.753
7416,4/15/2026 19:30,15.0684,73.062,14.3109,1.752
7417,4/15/2026 19:45,15.0667,73.062,14.3117,1.746
7418,4/15/2026 20:00,15.07,73.062,14.3158,1.744
7419,4/15/2026 20:15,15.0717,73.062,14.3126,1.755
7420,4/15/2026 20:30,15.0735,73.062,14.3194,1.744
7421,4/15/2026 20:45,15.0735,73.062,14.3178,1.747
7422,4/15/2026 21:00,15.0735,73.062,14.3225,1.737
7423,4/15/2026 21:15,15.0768,73.062,14.3235,1.742
7424,4/15/2026 21:30,15.0768,73.062,14.3244,1.74
7425,4/15/2026 21:45,15.082,73.062,14.3252,1.75
7426,4/15/2026 22:00,15.0786,73.062,14.3247,1.743
7427,4/15/2026 22:15,15.0803,73.062,14.3241,1.749
7428,4/15/2026 22:30,15.0768,73.062,14.3203,1.749
7429,4/15/2026 22:45,15.0781,72.891,14.3213,1.75
7430,4/15/2026 23:00,15.0764,72.891,14.3191,1.751
7431,4/15/2026 23:15,15.0764,72.891,14.32,1.749
7432,4/15/2026 23:30,15.0713,72.891,14.317,1.744
7433,4/15/2026 23:45,15.0713,72.891,14.3164,1.746
7434,4/16/2026 0:00,15.0713,72.891,14.3189,1.74
7435,4/16/2026 0:15,15.0656,72.718,14.3106,1.746
7436,4/16/2026 0:30,15.0641,72.718,14.3115,1.74
7437,4/16/2026 0:45,15.0606,72.718,14.3062,1.744
7438,4/16/2026 1:00,15.0588,72.718,14.3048,1.743
7439,4/16/2026 1:15,15.0533,72.545,14.301,1.739
7440,4/16/2026 1:30,15.0482,72.545,14.2943,1.743
7441,4/16/2026 1:45,15.0498,72.545,14.2958,1.743
7442,4/16/2026 2:00,15.0448,72.545,14.2922,1.74
7443,4/16/2026 2:15,15.043,72.545,14.2861,1.75
7444,4/16/2026 2:30,15.0408,72.372,14.2855,1.746
7445,4/16/2026 2:45,15.0375,72.372,14.2848,1.74
7446,4/16/2026 3:00,15.0358,72.372,14.2833,1.74
7447,4/16/2026 3:15,15.034,72.372,14.2787,1.746
7448,4/16/2026 3:30,15.0319,72.199,14.2787,1.741
7449,4/16/2026 3:45,15.0301,72.199,14.2765,1.742
7450,4/16/2026 4:00,15.0268,72.199,14.275,1.738
7451,4/16/2026 4:15,15.0281,72.028,14.2759,1.739
7452,4/16/2026 4:30,15.0281,72.028,14.2769,1.737
7453,4/16/2026 4:45,15.0297,72.028,14.2753,1.744
7454,4/16/2026 5:00,15.0297,72.028,14.2769,1.74
7455,4/16/2026 5:15,15.0314,72.028,14.2809,1.735
7456,4/16/2026 5:30,15.031,71.856,14.2809,1.734
7457,4/16/2026 5:45,15.0292,71.856,14.2824,1.727
7458,4/16/2026 6:00,15.0327,71.856,14.2855,1.728
7459,4/16/2026 6:15,15.0356,71.683,14.2849,1.736
7460,4/16/2026 6:30,15.0391,71.683,14.291,1.729
7461,4/16/2026 6:45,15.0442,71.683,14.2904,1.743
7462,4/16/2026 7:00,15.0459,71.683,14.2951,1.736
7463,4/16/2026 7:15,15.0493,71.683,14.2951,1.744
7464,4/16/2026 7:30,15.0475,71.683,14.2993,1.73
7465,4/16/2026 7:45,15.0527,71.683,14.2999,1.741
7466,4/16/2026 8:00,15.0545,71.683,14.3012,1.742
7467,4/16/2026 8:15,15.0527,71.683,14.3007,1.739
7468,4/16/2026 8:30,15.0561,71.683,14.3026,1.742
7469,4/16/2026 8:45,15.0561,71.683,14.3078,1.73
7470,4/16/2026 9:00,15.0613,71.683,14.3071,1.744
7471,4/16/2026 9:15,15.0583,71.856,14.3093,1.732
7472,4/16/2026 9:30,15.0622,72.028,14.3093,1.741
7473,4/16/2026 9:45,15.0587,72.028,14.3117,1.727
7474,4/16/2026 10:00,15.0622,72.028,14.3152,1.727
7475,4/16/2026 10:15,15.0622,72.028,14.31,1.739
7476,4/16/2026 10:30,15.0609,72.199,14.3146,1.725
7477,4/16/2026 10:45,15.0626,72.199,14.3141,1.731
7478,4/16/2026 11:00,15.063,72.372,14.3116,1.737
7479,4/16/2026 11:15,15.0665,72.372,14.3146,1.738
7480,4/16/2026 11:30,15.0648,72.372,14.3159,1.731
7481,4/16/2026 11:45,15.0601,72.545,14.3112,1.732
7482,4/16/2026 12:00,15.0584,72.545,14.3109,1.728
7483,4/16/2026 12:15,15.0503,72.718,14.3059,1.721
7484,4/16/2026 12:30,15.0525,72.891,14.3048,1.729
7485,4/16/2026 12:45,15.0542,72.891,14.3052,1.732
7486,4/16/2026 13:00,15.0509,72.891,14.3019,1.732
7487,4/16/2026 13:15,15.0462,73.062,14.2975,1.731
7488,4/16/2026 13:30,15.0427,73.062,14.2974,1.723
7489,4/16/2026 13:45,15.0414,73.234,14.2932,1.73
7490,4/16/2026 14:00,15.0398,73.234,14.2951,1.722
7491,4/16/2026 14:15,15.0398,73.234,14.2909,1.732
7492,4/16/2026 14:30,15.0346,73.234,14.2906,1.72
7493,4/16/2026 14:45,15.035,73.407,14.2897,1.724
7494,4/16/2026 15:00,15.0335,73.407,14.2864,1.728
7495,4/16/2026 15:15,15.0317,73.407,14.2846,1.728
7496,4/16/2026 15:30,15.0346,73.234,14.2859,1.731
7497,4/16/2026 15:45,15.0329,73.234,14.2858,1.727
7498,4/16/2026 16:00,15.0295,73.234,14.2864,1.718
7499,4/16/2026 16:15,15.0295,73.234,14.288,1.715
7500,4/16/2026 16:30,15.0324,73.062,14.2855,1.727
7501,4/16/2026 16:45,15.0291,73.062,14.2848,1.721
7502,4/16/2026 17:00,15.0308,73.062,14.2855,1.723
7503,4/16/2026 17:15,15.0291,73.062,14.2846,1.721
7504,4/16/2026 17:30,15.0291,73.062,14.2823,1.727
7505,4/16/2026 17:45,15.0308,73.062,14.2853,1.724
7506,4/16/2026 18:00,15.032,72.891,14.2884,1.719
7507,4/16/2026 18:15,15.0337,72.891,14.2885,1.723
7508,4/16/2026 18:30,15.0355,72.891,14.2907,1.722
7509,4/16/2026 18:45,15.0388,72.891,14.2952,1.719
7510,4/16/2026 19:00,15.0423,72.891,14.2968,1.724
7511,4/16/2026 19:15,15.0401,72.718,14.3004,1.71
7512,4/16/2026 19:30,15.0401,72.718,14.298,1.716
7513,4/16/2026 19:45,15.0435,72.718,14.3022,1.714
7514,4/16/2026 20:00,15.0469,72.718,14.3043,1.717
7515,4/16/2026 20:15,15.0503,72.718,14.3041,1.725
7516,4/16/2026 20:30,15.052,72.718,14.3043,1.729
7517,4/16/2026 20:45,15.0555,72.718,14.3087,1.727
7518,4/16/2026 21:00,15.0533,72.545,14.3106,1.717
7519,4/16/2026 21:15,15.0551,72.545,14.3125,1.717
7520,4/16/2026 21:30,15.0601,72.545,14.3149,1.723
7521,4/16/2026 21:45,15.0619,72.545,14.3204,1.714
7522,4/16/2026 22:00,15.067,72.545,14.3197,1.728
7523,4/16/2026 22:15,15.0652,72.545,14.3238,1.714
7524,4/16/2026 22:30,15.0683,72.372,14.3257,1.717
7525,4/16/2026 22:45,15.0699,72.372,14.3251,1.722
7526,4/16/2026 23:00,15.0683,72.372,14.3229,1.723
7527,4/16/2026 23:15,15.0665,72.372,14.3238,1.717
7528,4/16/2026 23:30,15.0716,72.372,14.3232,1.73
7529,4/16/2026 23:45,15.0865,72.199,14.3257,1.759
7530,4/17/2026 0:00,15.1002,72.199,14.3251,1.792
7531,4/17/2026 0:15,15.1036,72.199,14.3254,1.799
7532,4/17/2026 0:30,15.1052,72.199,14.3202,1.815
7533,4/17/2026 0:45,15.0984,72.199,14.3181,1.804
7534,4/17/2026 1:00,15.0968,72.199,14.3113,1.816
7535,4/17/2026 1:15,15.0968,72.199,14.3107,1.817
7536,4/17/2026 1:30,15.0951,72.199,14.3091,1.817
7537,4/17/2026 1:45,15.0894,72.028,14.303,1.818
7538,4/17/2026 2:00,15.0809,72.028,14.2969,1.812
7539,4/17/2026 2:15,15.0793,72.028,14.2923,1.819
7540,4/17/2026 2:30,15.0771,71.856,14.2939,1.811
7541,4/17/2026 2:45,15.0719,71.856,14.2909,1.806
7542,4/17/2026 3:00,15.0703,71.856,14.2862,1.813
7543,4/17/2026 3:15,15.0715,71.683,14.2862,1.815
7544,4/17/2026 3:30,15.0681,71.683,14.2856,1.809
7545,4/17/2026 3:45,15.0677,71.512,14.2871,1.805
7546,4/17/2026 4:00,15.0693,71.512,14.2896,1.803
7547,4/17/2026 4:15,15.0741,71.339,14.2926,1.807
7548,4/17/2026 4:30,15.0774,71.339,14.2951,1.809
7549,4/17/2026 4:45,15.0774,71.339,14.29,1.82
7550,4/17/2026 5:00,15.0803,71.168,14.293,1.82
7551,4/17/2026 5:15,15.082,71.168,14.2961,1.817
7552,4/17/2026 5:30,15.0867,70.995,14.2939,1.833
7553,4/17/2026 5:45,15.0902,70.995,14.2985,1.83
7554,4/17/2026 6:00,15.0935,70.995,14.3016,1.831
7555,4/17/2026 6:15,15.0948,70.824,14.3032,1.83
7556,4/17/2026 6:30,15.0983,70.824,14.3032,1.838
7557,4/17/2026 6:45,15.0948,70.824,14.3052,1.825
7558,4/17/2026 7:00,15.0994,70.651,14.3028,1.842
7559,4/17/2026 7:15,15.0977,70.651,14.3071,1.828
7560,4/17/2026 7:30,15.1012,70.651,14.3052,1.84
7561,4/17/2026 7:45,15.1012,70.651,14.3146,1.818
7562,4/17/2026 8:00,15.1012,70.651,14.3133,1.821
7563,4/17/2026 8:15,15.1029,70.651,14.3133,1.825
7564,4/17/2026 8:30,15.1029,70.651,14.318,1.814
7565,4/17/2026 8:45,15.1051,70.824,14.3213,1.812
7566,4/17/2026 9:00,15.1051,70.824,14.3207,1.813
7567,4/17/2026 9:15,15.1051,70.824,14.3222,1.81
7568,4/17/2026 9:30,15.1034,70.824,14.3186,1.814
7569,4/17/2026 9:45,15.1025,71.168,14.3216,1.805
7570,4/17/2026 10:00,15.1042,71.168,14.3235,1.805
7571,4/17/2026 10:15,15.1047,71.339,14.3222,1.809
7572,4/17/2026 10:30,15.1018,71.512,14.3238,1.799
7573,4/17/2026 10:45,15.1039,71.683,14.3257,1.799
7574,4/17/2026 11:00,15.101,71.856,14.3229,1.799
7575,4/17/2026 11:15,15.1032,72.028,14.3239,1.802
7576,4/17/2026 11:30,15.0997,72.028,14.3228,1.796
7577,4/17/2026 11:45,15.0947,72.028,14.3178,1.796
7578,4/17/2026 12:00,15.0934,72.199,14.3204,1.787
7579,4/17/2026 12:15,15.092,72.372,14.3142,1.798
7580,4/17/2026 12:30,15.0887,72.372,14.3109,1.798
7581,4/17/2026 12:45,15.0841,72.545,14.3091,1.792
7582,4/17/2026 13:00,15.081,72.718,14.3083,1.787
7583,4/17/2026 13:15,15.0764,72.891,14.3049,1.784
7584,4/17/2026 13:30,15.0722,73.234,14.3,1.786
7585,4/17/2026 13:45,15.0688,73.234,14.2991,1.78
7586,4/17/2026 14:00,15.0675,73.407,14.2936,1.79
7587,4/17/2026 14:15,15.0625,73.407,14.2898,1.787
7588,4/17/2026 14:30,15.0594,73.58,14.2859,1.789
7589,4/17/2026 14:45,15.0561,73.58,14.2856,1.782
7590,4/17/2026 15:00,15.0594,73.58,14.2878,1.784
7591,4/17/2026 15:15,15.0543,73.58,14.2877,1.773
7592,4/17/2026 15:30,15.0612,73.58,14.2891,1.785
7593,4/17/2026 15:45,15.0646,73.58,14.2891,1.793
7594,4/17/2026 16:00,15.0646,73.58,14.2885,1.795
7595,4/17/2026 16:15,15.068,73.58,14.2882,1.803
7596,4/17/2026 16:30,15.0715,73.58,14.292,1.802
7597,4/17/2026 16:45,15.0693,73.407,14.29,1.802
7598,4/17/2026 17:00,15.0726,73.407,14.2919,1.805
7599,4/17/2026 17:15,15.0761,73.407,14.2952,1.806
7600,4/17/2026 17:30,15.0778,73.407,14.2954,1.809
7601,4/17/2026 17:45,15.0796,73.407,14.3014,1.799
7602,4/17/2026 18:00,15.0812,73.407,14.3029,1.8
7603,4/17/2026 18:15,15.086,73.234,14.3083,1.798
7604,4/17/2026 18:30,15.0842,73.234,14.3086,1.794
7605,4/17/2026 18:45,15.0893,73.234,14.3094,1.803
7606,4/17/2026 19:00,15.0893,73.234,14.3109,1.8
7607,4/17/2026 19:15,15.0928,73.234,14.313,1.803
7608,4/17/2026 19:30,15.0928,73.234,14.3158,1.797
7609,4/17/2026 19:45,15.091,73.234,14.317,1.79
7610,4/17/2026 20:00,15.0928,73.234,14.3173,1.793
7611,4/17/2026 20:15,15.0944,73.234,14.3191,1.793
7612,4/17/2026 20:30,15.0944,73.234,14.3216,1.787
7613,4/17/2026 20:45,15.0944,73.234,14.3219,1.786
7614,4/17/2026 21:00,15.0961,73.234,14.3244,1.785
7615,4/17/2026 21:15,15.0944,73.234,14.3207,1.789
7616,4/17/2026 21:30,15.0961,73.234,14.3262,1.78
7617,4/17/2026 21:45,15.0996,73.234,14.3296,1.78
7618,4/17/2026 22:00,15.1007,73.062,14.3305,1.781
7619,4/17/2026 22:15,15.0974,73.062,14.3299,1.775
7620,4/17/2026 22:30,15.0974,73.062,14.3345,1.764
7621,4/17/2026 22:45,15.0992,73.062,14.3309,1.776
7622,4/17/2026 23:00,15.0957,73.062,14.3309,1.768
7623,4/17/2026 23:15,15.0935,72.891,14.3332,1.758
7624,4/17/2026 23:30,15.0918,72.891,14.3281,1.766
7625,4/17/2026 23:45,15.0849,72.891,14.3229,1.762
7626,4/18/2026 0:00,15.0764,72.891,14.313,1.765
7627,4/18/2026 0:15,15.0726,72.718,14.3125,1.758
7628,4/18/2026 0:30,15.0709,72.718,14.3139,1.75
7629,4/18/2026 0:45,15.0709,72.718,14.3103,1.759
7630,4/18/2026 1:00,15.0687,72.545,14.3087,1.757
7631,4/18/2026 1:15,15.067,72.545,14.3067,1.758
7632,4/18/2026 1:30,15.0619,72.545,14.3014,1.758
7633,4/18/2026 1:45,15.058,72.372,14.2984,1.756
7634,4/18/2026 2:00,15.058,72.372,14.2993,1.754
7635,4/18/2026 2:15,15.0562,72.372,14.2962,1.757
7636,4/18/2026 2:30,15.0477,72.372,14.2932,1.744
7637,4/18/2026 2:45,15.0507,72.199,14.2922,1.754
7638,4/18/2026 3:00,15.0439,72.199,14.2861,1.752
7639,4/18/2026 3:15,15.0439,72.199,14.2877,1.748
7640,4/18/2026 3:30,15.0433,72.028,14.2871,1.748
7641,4/18/2026 3:45,15.0433,72.028,14.2901,1.741
7642,4/18/2026 4:00,15.0451,72.028,14.2978,1.728
7643,4/18/2026 4:15,15.0468,72.028,14.2946,1.739
7644,4/18/2026 4:30,15.0468,72.028,14.2932,1.742
7645,4/18/2026 4:45,15.0464,71.856,14.294,1.739
7646,4/18/2026 5:00,15.0446,71.856,14.2926,1.739
7647,4/18/2026 5:15,15.0464,71.856,14.2935,1.741
7648,4/18/2026 5:30,15.0442,71.683,14.2981,1.725
7649,4/18/2026 5:45,15.0475,71.683,14.2959,1.738
7650,4/18/2026 6:00,15.0493,71.683,14.2975,1.738
7651,4/18/2026 6:15,15.0455,71.512,14.2968,1.731
7652,4/18/2026 6:30,15.0506,71.512,14.2968,1.743
7653,4/18/2026 6:45,15.0506,71.512,14.2954,1.746
7654,4/18/2026 7:00,15.0539,71.512,14.2968,1.75
7655,4/18/2026 7:15,15.0574,71.512,14.2975,1.757
7656,4/18/2026 7:30,15.0587,71.339,14.3042,1.744
7657,4/18/2026 7:45,15.062,71.339,14.3003,1.761
7658,4/18/2026 8:00,15.0603,71.339,14.2999,1.758
7659,4/18/2026 8:15,15.0603,71.339,14.3026,1.752
7660,4/18/2026 8:30,15.0655,71.339,14.3146,1.736
7661,4/18/2026 8:45,15.0723,71.339,14.3213,1.736
7662,4/18/2026 9:00,15.0791,71.339,14.3241,1.746
7663,4/18/2026 9:15,15.0757,71.339,14.3252,1.735
7664,4/18/2026 9:30,15.0757,71.339,14.3241,1.737
7665,4/18/2026 9:45,15.0774,71.339,14.3283,1.732
7666,4/18/2026 10:00,15.0791,71.339,14.3286,1.735
7667,4/18/2026 10:15,15.0791,71.339,14.3323,1.726
7668,4/18/2026 10:30,15.0791,71.339,14.332,1.727
7669,4/18/2026 10:45,15.0774,71.339,14.3332,1.72
7670,4/18/2026 11:00,15.0757,71.339,14.3315,1.72
7671,4/18/2026 11:15,15.071,71.512,14.3302,1.713
7672,4/18/2026 11:30,15.0677,71.512,14.3197,1.729
7673,4/18/2026 11:45,15.0523,71.512,14.3139,1.707
7674,4/18/2026 12:00,15.0455,71.512,14.2999,1.724
7675,4/18/2026 12:15,15.0317,71.512,14.2888,1.717
7676,4/18/2026 12:30,15.0266,71.512,14.2817,1.722
7677,4/18/2026 12:45,15.0237,71.683,14.2855,1.707
7678,4/18/2026 13:00,15.0237,71.683,14.2839,1.71
7679,4/18/2026 13:15,15.0253,71.683,14.293,1.693
7680,4/18/2026 13:30,15.0288,71.683,14.2922,1.703
7681,4/18/2026 13:45,15.0306,71.683,14.2919,1.708
7682,4/18/2026 14:00,15.0288,71.683,14.2891,1.71
7683,4/18/2026 14:15,15.0292,71.856,14.2898,1.709
7684,4/18/2026 14:30,15.031,71.856,14.292,1.708
7685,4/18/2026 14:45,15.0327,71.856,14.2926,1.711
7686,4/18/2026 15:00,15.0306,71.683,14.291,1.71
7687,4/18/2026 15:15,15.0271,71.683,14.2898,1.704
7688,4/18/2026 15:30,15.0271,71.683,14.2875,1.71
7689,4/18/2026 15:45,15.0253,71.683,14.2809,1.721
7690,4/18/2026 16:00,15.0253,71.683,14.2807,1.721
7691,4/18/2026 16:15,15.0253,71.683,14.2804,1.722
7692,4/18/2026 16:30,15.0237,71.683,14.2795,1.72
7693,4/18/2026 16:45,15.0253,71.683,14.2793,1.725
7694,4/18/2026 17:00,15.0185,71.683,14.2765,1.715
7695,4/18/2026 17:15,15.022,71.683,14.2811,1.713
7696,4/18/2026 17:30,15.0185,71.683,14.2793,1.709
7697,4/18/2026 17:45,15.0237,71.683,14.2856,1.706
7698,4/18/2026 18:00,15.0266,71.512,14.2845,1.716
7699,4/18/2026 18:15,15.0284,71.512,14.2832,1.723
7700,4/18/2026 18:30,15.0266,71.512,14.2807,1.724
7701,4/18/2026 18:45,15.0301,71.512,14.2814,1.731
7702,4/18/2026 19:00,15.0313,71.339,14.2836,1.728
7703,4/18/2026 19:15,15.033,71.339,14.29,1.718
7704,4/18/2026 19:30,15.0381,71.339,14.2919,1.725
7705,4/18/2026 19:45,15.0416,71.339,14.2949,1.726
7706,4/18/2026 20:00,15.0467,71.339,14.298,1.731
7707,4/18/2026 20:15,15.0501,71.339,14.302,1.729
7708,4/18/2026 20:30,15.0552,71.339,14.3045,1.735
7709,4/18/2026 20:45,15.0581,71.168,14.3039,1.743
7710,4/18/2026 21:00,15.0633,71.168,14.3094,1.743
7711,4/18/2026 21:15,15.0616,71.168,14.3072,1.744
7712,4/18/2026 21:30,15.0633,71.168,14.3081,1.746
7713,4/18/2026 21:45,15.0616,71.168,14.3122,1.732
7714,4/18/2026 22:00,15.0633,71.168,14.31,1.741
7715,4/18/2026 22:15,15.0616,71.168,14.3094,1.739
7716,4/18/2026 22:30,15.0645,70.995,14.3133,1.736
7717,4/18/2026 22:45,15.0645,70.995,14.3138,1.735
7718,4/18/2026 23:00,15.0629,70.995,14.3132,1.733
7719,4/18/2026 23:15,15.0612,70.995,14.311,1.734
7720,4/18/2026 23:30,15.0572,70.824,14.3104,1.726
7721,4/18/2026 23:45,15.059,70.824,14.3099,1.732
7722,4/19/2026 0:00,15.0551,70.651,14.3091,1.724
7723,4/19/2026 0:15,15.0533,70.651,14.3055,1.729
7724,4/19/2026 0:30,15.0517,70.651,14.3049,1.726
7725,4/19/2026 0:45,15.0496,70.48,14.3049,1.721
7726,4/19/2026 1:00,15.0461,70.48,14.3028,1.718
7727,4/19/2026 1:15,15.041,70.48,14.2983,1.717
7728,4/19/2026 1:30,15.0375,70.48,14.2967,1.712
7729,4/19/2026 1:45,15.0324,70.48,14.2936,1.708
7730,4/19/2026 2:00,15.0324,70.48,14.2936,1.708
7731,4/19/2026 2:15,15.0342,70.48,14.2951,1.708
7732,4/19/2026 2:30,15.0269,70.308,14.2911,1.701
7733,4/19/2026 2:45,15.0269,70.308,14.2896,1.704
7734,4/19/2026 3:00,15.0252,70.308,14.2911,1.697
7735,4/19/2026 3:15,15.0252,70.308,14.2896,1.7
7736,4/19/2026 3:30,15.0234,70.308,14.2887,1.698
7737,4/19/2026 3:45,15.0234,70.308,14.2901,1.695
7738,4/19/2026 4:00,15.0201,70.308,14.2887,1.691
7739,4/19/2026 4:15,15.0201,70.308,14.2862,1.696
7740,4/19/2026 4:30,15.0166,70.308,14.2832,1.695
7741,4/19/2026 4:45,15.0131,70.308,14.2838,1.686
7742,4/19/2026 5:00,15.0149,70.308,14.2822,1.694
7743,4/19/2026 5:15,15.0149,70.308,14.2822,1.694
7744,4/19/2026 5:30,15.0145,70.137,14.2838,1.689
7745,4/19/2026 5:45,15.0145,70.137,14.2838,1.689
7746,4/19/2026 6:00,15.0145,70.137,14.2852,1.686
7747,4/19/2026 6:15,15.0145,70.137,14.2846,1.687
7748,4/19/2026 6:30,15.0162,70.137,14.2909,1.677
7749,4/19/2026 6:45,15.0195,70.137,14.2923,1.681
7750,4/19/2026 7:00,15.0179,70.137,14.2954,1.67
7751,4/19/2026 7:15,15.0179,70.137,14.2923,1.677
7752,4/19/2026 7:30,15.0162,70.137,14.2935,1.67
7753,4/19/2026 7:45,15.0162,70.137,14.2923,1.673
7754,4/19/2026 8:00,15.0162,70.137,14.2926,1.673
7755,4/19/2026 8:15,15.0179,70.137,14.2965,1.667
7756,4/19/2026 8:30,15.0201,70.308,14.2958,1.674
7757,4/19/2026 8:45,15.0217,70.308,14.2983,1.672
7758,4/19/2026 9:00,15.0239,70.48,14.3023,1.668
7759,4/19/2026 9:15,15.0256,70.48,14.2988,1.68
7760,4/19/2026 9:30,15.0227,70.651,14.3023,1.665
7761,4/19/2026 9:45,15.0214,70.824,14.298,1.672
7762,4/19/2026 10:00,15.0185,70.995,14.2991,1.663
7763,4/19/2026 10:15,15.0168,70.995,14.2961,1.666
7764,4/19/2026 10:30,15.0172,71.168,14.2993,1.66
7765,4/19/2026 10:45,15.0211,71.339,14.2987,1.67
7766,4/19/2026 11:00,15.0211,71.339,14.2981,1.671
7767,4/19/2026 11:15,15.0194,71.339,14.2968,1.67
7768,4/19/2026 11:30,15.0163,71.512,14.3003,1.655
7769,4/19/2026 11:45,15.0152,71.683,14.2984,1.657
7770,4/19/2026 12:00,15.0156,71.856,14.298,1.659
7771,4/19/2026 12:15,15.0121,71.856,14.2958,1.656
7772,4/19/2026 12:30,15.0075,72.028,14.29,1.659
7773,4/19/2026 12:45,15.0068,72.372,14.2874,1.663
7774,4/19/2026 13:00,15.0037,72.545,14.2822,1.668
7775,4/19/2026 13:15,14.9969,72.545,14.2811,1.655
7776,4/19/2026 13:30,14.9944,72.891,14.2814,1.649
7777,4/19/2026 13:45,14.9915,73.062,14.2772,1.652
7778,4/19/2026 14:00,14.9915,73.062,14.273,1.661
7779,4/19/2026 14:15,14.9834,73.234,14.2674,1.656
7780,4/19/2026 14:30,14.9821,73.407,14.2632,1.662
7781,4/19/2026 14:45,14.9779,73.753,14.2576,1.666
7782,4/19/2026 15:00,14.9779,73.753,14.259,1.663
7783,4/19/2026 15:15,14.9779,73.753,14.2572,1.667
7784,4/19/2026 15:30,14.9796,73.753,14.2611,1.662
7785,4/19/2026 15:45,14.9779,73.753,14.2603,1.66
7786,4/19/2026 16:00,14.9779,73.753,14.2572,1.667
7787,4/19/2026 16:15,14.9741,73.58,14.2605,1.65
7788,4/19/2026 16:30,14.977,73.407,14.2611,1.655
7789,4/19/2026 16:45,14.9799,73.234,14.2627,1.658
7790,4/19/2026 17:00,14.9783,73.234,14.2636,1.653
7791,4/19/2026 17:15,14.983,73.062,14.2649,1.66
7792,4/19/2026 17:30,14.9812,73.062,14.2653,1.655
7793,4/19/2026 17:45,14.9812,73.062,14.2674,1.651
7794,4/19/2026 18:00,14.9841,72.891,14.2681,1.656
7795,4/19/2026 18:15,14.9841,72.891,14.272,1.647
7796,4/19/2026 18:30,14.9872,72.718,14.2706,1.657
7797,4/19/2026 18:45,14.9872,72.718,14.273,1.651
7798,4/19/2026 19:00,14.9872,72.718,14.2753,1.646
7799,4/19/2026 19:15,14.9901,72.545,14.2775,1.648
7800,4/19/2026 19:30,14.9901,72.545,14.2765,1.65
7801,4/19/2026 19:45,14.9953,72.545,14.2795,1.655
7802,4/19/2026 20:00,14.9953,72.545,14.2833,1.646
7803,4/19/2026 20:15,14.9969,72.545,14.2872,1.641
7804,4/19/2026 20:30,14.9969,72.545,14.2867,1.642
7805,4/19/2026 20:45,15.0004,72.545,14.2875,1.648
7806,4/19/2026 21:00,15.0037,72.545,14.29,1.65
7807,4/19/2026 21:15,15.0021,72.545,14.2903,1.646
7808,4/19/2026 21:30,15.0037,72.545,14.2922,1.645
7809,4/19/2026 21:45,15.0089,72.545,14.2894,1.664
7810,4/19/2026 22:00,15.0055,72.545,14.2911,1.652
7811,4/19/2026 22:15,15.0089,72.545,14.29,1.662
7812,4/19/2026 22:30,15.0068,72.372,14.2909,1.655
7813,4/19/2026 22:45,15.0068,72.372,14.2942,1.647
7814,4/19/2026 23:00,15.0101,72.372,14.2914,1.662
7815,4/19/2026 23:15,15.0068,72.372,14.2939,1.648
7816,4/19/2026 23:30,15.0085,72.372,14.2964,1.646
7817,4/19/2026 23:45,15.0101,72.372,14.2927,1.659
7818,4/20/2026 0:00,15.0068,72.372,14.2906,1.656
7819,4/20/2026 0:15,15.005,72.372,14.2878,1.658
7820,4/20/2026 0:30,15.0011,72.199,14.2872,1.65
7821,4/20/2026 0:45,14.9995,72.199,14.2872,1.647
7822,4/20/2026 1:00,14.9978,72.199,14.2867,1.644
7823,4/20/2026 1:15,14.9995,72.199,14.2829,1.657
7824,4/20/2026 1:30,14.9978,72.199,14.2784,1.663
7825,4/20/2026 1:45,14.9892,72.199,14.2716,1.659
7826,4/20/2026 2:00,14.9857,72.199,14.2726,1.649
7827,4/20/2026 2:15,14.9875,72.199,14.275,1.647
7828,4/20/2026 2:30,14.9824,72.199,14.2719,1.643
7829,4/20/2026 2:45,14.9841,72.199,14.2729,1.644
7830,4/20/2026 3:00,14.9853,72.028,14.2707,1.652
7831,4/20/2026 3:15,14.9802,72.028,14.2692,1.644
7832,4/20/2026 3:30,14.9767,72.028,14.2701,1.634
7833,4/20/2026 3:45,14.9802,72.028,14.2679,1.647
7834,4/20/2026 4:00,14.9785,72.028,14.2649,1.65
7835,4/20/2026 4:15,14.9751,72.028,14.2665,1.638
7836,4/20/2026 4:30,14.9763,71.856,14.2619,1.652
7837,4/20/2026 4:45,14.9763,71.856,14.2633,1.648
7838,4/20/2026 5:00,14.9763,71.856,14.2649,1.645
7839,4/20/2026 5:15,14.978,71.856,14.2665,1.645
7840,4/20/2026 5:30,14.9724,71.683,14.2679,1.629
7841,4/20/2026 5:45,14.9759,71.683,14.2704,1.631
7842,4/20/2026 6:00,14.9809,71.683,14.272,1.639
7843,4/20/2026 6:15,14.9794,71.683,14.2714,1.637
7844,4/20/2026 6:30,14.9788,71.512,14.2714,1.635
7845,4/20/2026 6:45,14.9754,71.512,14.2698,1.631
7846,4/20/2026 7:00,14.9805,71.512,14.2735,1.635
7847,4/20/2026 7:15,14.9823,71.512,14.2772,1.63
7848,4/20/2026 7:30,14.9873,71.512,14.283,1.628
7849,4/20/2026 7:45,14.9891,71.512,14.2817,1.635
7850,4/20/2026 8:00,14.9857,71.512,14.2842,1.622
7851,4/20/2026 8:15,14.9873,71.512,14.2835,1.627
7852,4/20/2026 8:30,14.9908,71.512,14.2859,1.63
7853,4/20/2026 8:45,14.993,71.683,14.2891,1.627
7854,4/20/2026 9:00,14.9878,71.683,14.2936,1.605
7855,4/20/2026 9:15,14.9899,71.856,14.29,1.618
7856,4/20/2026 9:30,14.9921,72.028,14.2919,1.619
7857,4/20/2026 9:45,14.9956,72.028,14.2935,1.623
7858,4/20/2026 10:00,14.9956,72.028,14.2925,1.626
7859,4/20/2026 10:15,14.9892,72.199,14.2923,1.611
7860,4/20/2026 10:30,14.9846,72.372,14.2888,1.609
7861,4/20/2026 10:45,14.985,72.545,14.2885,1.61
7862,4/20/2026 11:00,14.9894,72.891,14.2859,1.626
7863,4/20/2026 11:15,14.9898,73.062,14.2917,1.614
7864,4/20/2026 11:30,14.9937,73.234,14.2926,1.621
7865,4/20/2026 11:45,14.9907,73.407,14.2929,1.614
7866,4/20/2026 12:00,14.9856,73.407,14.2852,1.62
7867,4/20/2026 12:15,14.986,73.58,14.2875,1.615
7868,4/20/2026 12:30,14.9831,73.753,14.2845,1.616
7869,4/20/2026 12:45,14.9818,73.926,14.2832,1.616
7870,4/20/2026 13:00,14.9807,74.098,14.2856,1.607
7871,4/20/2026 13:15,14.984,74.098,14.283,1.621
7872,4/20/2026 13:30,14.9737,74.098,14.2766,1.612
7873,4/20/2026 13:45,14.9708,74.271,14.2771,1.604
7874,4/20/2026 14:00,14.9657,74.271,14.2666,1.617
7875,4/20/2026 14:15,14.9644,74.446,14.2662,1.615
7876,4/20/2026 14:30,14.9611,74.446,14.2674,1.604
7877,4/20/2026 14:45,14.9611,74.446,14.262,1.617
7878,4/20/2026 15:00,14.9559,74.446,14.2601,1.609
7879,4/20/2026 15:15,14.9559,74.446,14.2598,1.61
7880,4/20/2026 15:30,14.9543,74.446,14.2575,1.611
7881,4/20/2026 15:45,14.9543,74.446,14.2613,1.603
7882,4/20/2026 16:00,14.9559,74.446,14.2604,1.608
7883,4/20/2026 16:15,14.9525,74.446,14.2592,1.603
7884,4/20/2026 16:30,14.9554,74.271,14.2584,1.612
7885,4/20/2026 16:45,14.955,74.098,14.2581,1.612
7886,4/20/2026 17:00,14.9528,73.926,14.2563,1.611
7887,4/20/2026 17:15,14.9524,73.753,14.2574,1.607
7888,4/20/2026 17:30,14.9575,73.753,14.262,1.608
7889,4/20/2026 17:45,14.9588,73.58,14.2666,1.6
7890,4/20/2026 18:00,14.9621,73.58,14.2695,1.601
7891,4/20/2026 18:15,14.9588,73.58,14.2682,1.597
7892,4/20/2026 18:30,14.9634,73.407,14.2688,1.606
7893,4/20/2026 18:45,14.9667,73.407,14.2742,1.601
7894,4/20/2026 19:00,14.968,73.234,14.2713,1.611
7895,4/20/2026 19:15,14.9698,73.234,14.2736,1.61
7896,4/20/2026 19:30,14.9731,73.234,14.2778,1.608
7897,4/20/2026 19:45,14.9727,73.062,14.2788,1.604
7898,4/20/2026 20:00,14.9709,73.062,14.2778,1.603
7899,4/20/2026 20:15,14.9762,73.062,14.281,1.607
7900,4/20/2026 20:30,14.9779,73.062,14.2849,1.602
7901,4/20/2026 20:45,14.9757,72.891,14.2882,1.59
7902,4/20/2026 21:00,14.9791,72.891,14.2864,1.602
7903,4/20/2026 21:15,14.9791,72.891,14.2852,1.604
7904,4/20/2026 21:30,14.9804,72.718,14.2864,1.605
7905,4/20/2026 21:45,14.9821,72.718,14.2891,1.602
7906,4/20/2026 22:00,14.9854,72.718,14.2909,1.606
7907,4/20/2026 22:15,14.9872,72.718,14.2922,1.607
7908,4/20/2026 22:30,14.985,72.545,14.2909,1.605
7909,4/20/2026 22:45,14.9901,72.545,14.2942,1.609
7910,4/20/2026 23:00,14.9867,72.545,14.2946,1.6
7911,4/20/2026 23:15,14.9833,72.545,14.2933,1.595
7912,4/20/2026 23:30,14.9833,72.545,14.2922,1.598
7913,4/20/2026 23:45,14.9862,72.372,14.2914,1.606
7914,4/21/2026 0:00,14.9828,72.372,14.2878,1.607
7915,4/21/2026 0:15,14.9811,72.372,14.2887,1.601
7916,4/21/2026 0:30,14.976,72.372,14.2867,1.594
7917,4/21/2026 0:45,14.9778,72.372,14.2853,1.601
7918,4/21/2026 1:00,14.9738,72.199,14.2848,1.593
7919,4/21/2026 1:15,14.9738,72.199,14.282,1.6
7920,4/21/2026 1:30,14.9721,72.199,14.2814,1.597
7921,4/21/2026 1:45,14.9704,72.199,14.2793,1.598
7922,4/21/2026 2:00,14.9682,72.028,14.2781,1.595
7923,4/21/2026 2:15,14.9648,72.028,14.2729,1.6
7924,4/21/2026 2:30,14.9631,72.028,14.2723,1.597
7925,4/21/2026 2:45,14.9627,71.856,14.2732,1.594
7926,4/21/2026 3:00,14.9609,71.856,14.271,1.595
7927,4/21/2026 3:15,14.9576,71.856,14.269,1.592
7928,4/21/2026 3:30,14.9605,71.683,14.2698,1.597
7929,4/21/2026 3:45,14.9605,71.683,14.2692,1.598
7930,4/21/2026 4:00,14.9605,71.683,14.2701,1.596
7931,4/21/2026 4:15,14.9601,71.512,14.2665,1.603
7932,4/21/2026 4:30,14.9601,71.512,14.269,1.598
7933,4/21/2026 4:45,14.9601,71.512,14.2704,1.594
7934,4/21/2026 5:00,14.963,71.339,14.2698,1.602
7935,4/21/2026 5:15,14.9614,71.339,14.2692,1.6
7936,4/21/2026 5:30,14.9614,71.339,14.2703,1.598
7937,4/21/2026 5:45,14.9608,71.168,14.2727,1.591
7938,4/21/2026 6:00,14.9625,71.168,14.2736,1.593
7939,4/21/2026 6:15,14.9625,71.168,14.2755,1.588
7940,4/21/2026 6:30,14.9638,70.995,14.2733,1.596
7941,4/21/2026 6:45,14.9656,70.995,14.2749,1.597
7942,4/21/2026 7:00,14.9689,70.995,14.278,1.597
7943,4/21/2026 7:15,14.9724,70.995,14.2816,1.597
7944,4/21/2026 7:30,14.9724,70.995,14.2835,1.593
7945,4/21/2026 7:45,14.974,70.995,14.2836,1.596
7946,4/21/2026 8:00,14.9775,70.995,14.2891,1.591
7947,4/21/2026 8:15,14.9792,70.995,14.2916,1.59
7948,4/21/2026 8:30,14.9809,70.995,14.2946,1.587
7949,4/21/2026 8:45,14.9847,71.168,14.2985,1.586
7950,4/21/2026 9:00,14.9852,71.339,14.2985,1.587
7951,4/21/2026 9:15,14.9873,71.512,14.2994,1.59
7952,4/21/2026 9:30,14.9895,71.683,14.2999,1.594
7953,4/21/2026 9:45,14.9883,71.856,14.301,1.589
7954,4/21/2026 10:00,14.9888,72.028,14.2988,1.595
7955,4/21/2026 10:15,14.9857,72.199,14.2993,1.587
7956,4/21/2026 10:30,14.985,72.545,14.2996,1.585
7957,4/21/2026 10:45,14.9854,72.718,14.2999,1.585
7958,4/21/2026 11:00,14.9825,72.891,14.2981,1.583
7959,4/21/2026 11:15,14.983,73.062,14.2943,1.592
7960,4/21/2026 11:30,14.9817,73.234,14.2945,1.589
7961,4/21/2026 11:45,14.9799,73.234,14.2933,1.588
7962,4/21/2026 12:00,14.9783,73.234,14.2906,1.59
7963,4/21/2026 12:15,14.9766,73.234,14.2919,1.583
7964,4/21/2026 12:30,14.9731,73.234,14.2888,1.582
7965,4/21/2026 12:45,14.9685,73.407,14.2851,1.58
7966,4/21/2026 13:00,14.9677,73.753,14.2835,1.582
7967,4/21/2026 13:15,14.9647,73.926,14.2827,1.577
7968,4/21/2026 13:30,14.9635,74.098,14.282,1.576
7969,4/21/2026 13:45,14.9311,74.098,14.2785,1.509
7970,4/21/2026 14:00,14.8746,74.098,14.2806,1.374
7971,4/21/2026 14:15,14.8667,74.271,14.2794,1.358
7972,4/21/2026 14:30,14.8632,74.271,14.2752,1.36
7973,4/21/2026 14:45,14.8636,74.446,14.2743,1.363
7974,4/21/2026 15:00,14.8625,74.619,14.2695,1.371
7975,4/21/2026 15:15,14.8569,75.139,14.2723,1.352
7976,4/21/2026 15:30,14.8558,75.312,14.2706,1.354
7977,4/21/2026 15:45,14.8584,75.659,14.2674,1.367
7978,4/21/2026 16:00,14.8555,75.832,14.2703,1.354
7979,4/21/2026 16:15,14.8606,75.832,14.2707,1.364
7980,4/21/2026 16:30,14.8584,75.659,14.2729,1.354
7981,4/21/2026 16:45,14.858,75.484,14.2721,1.355
7982,4/21/2026 17:00,14.8591,75.312,14.269,1.365
7983,4/21/2026 17:15,14.8569,75.139,14.2707,1.356
7984,4/21/2026 17:30,14.86,74.964,14.2726,1.359
7985,4/21/2026 17:45,14.86,74.964,14.2745,1.354
7986,4/21/2026 18:00,14.8664,74.791,14.275,1.368
7987,4/21/2026 18:15,14.8658,74.619,14.2782,1.359
7988,4/21/2026 18:30,14.871,74.619,14.2807,1.365
7989,4/21/2026 18:45,14.8739,74.446,14.281,1.371
7990,4/21/2026 19:00,14.8757,74.446,14.2842,1.368
7991,4/21/2026 19:15,14.8768,74.271,14.2843,1.37
7992,4/21/2026 19:30,14.8803,74.271,14.2911,1.362
7993,4/21/2026 19:45,14.8871,74.271,14.2948,1.37
7994,4/21/2026 20:00,14.8884,74.098,14.2984,1.364
7995,4/21/2026 20:15,14.8917,74.098,14.3012,1.366
7996,4/21/2026 20:30,14.8913,73.926,14.3001,1.367
7997,4/21/2026 20:45,14.8948,73.926,14.3029,1.369
7998,4/21/2026 21:00,14.8942,73.753,14.3026,1.368
7999,4/21/2026 21:15,14.8977,73.753,14.3054,1.37
8000,4/21/2026 21:30,14.8955,73.58,14.3081,1.358
8001,4/21/2026 21:45,14.8973,73.58,14.3062,1.367
8002,4/21/2026 22:00,14.8984,73.407,14.3065,1.369
8003,4/21/2026 22:15,14.9002,73.407,14.3068,1.372
8004,4/21/2026 22:30,14.9002,73.407,14.3087,1.368
8005,4/21/2026 22:45,14.8997,73.234,14.3074,1.37
8006,4/21/2026 23:00,14.8962,73.234,14.3068,1.363
8007,4/21/2026 23:15,14.8962,73.234,14.3057,1.366
8008,4/21/2026 23:30,14.8925,73.062,14.3019,1.366
8009,4/21/2026 23:45,14.8942,73.062,14.3007,1.372
8010,4/22/2026 0:00,14.8925,73.062,14.2971,1.377
8011,4/22/2026 0:15,14.889,73.062,14.2996,1.363
8012,4/22/2026 0:30,14.8886,72.891,14.3004,1.36
8013,4/22/2026 0:45,14.8903,72.891,14.3059,1.351
8014,4/22/2026 1:00,14.892,72.891,14.3032,1.362
8015,4/22/2026 1:15,14.8881,72.718,14.2996,1.361
8016,4/22/2026 1:30,14.8899,72.718,14.2974,1.37
8017,4/22/2026 1:45,14.8813,72.718,14.2922,1.362
8018,4/22/2026 2:00,14.8796,72.718,14.2925,1.357
8019,4/22/2026 2:15,14.8774,72.545,14.2904,1.357
8020,4/22/2026 2:30,14.8757,72.545,14.2877,1.359
8021,4/22/2026 2:45,14.8791,72.545,14.2916,1.358
8022,4/22/2026 3:00,14.877,72.372,14.2904,1.356
8023,4/22/2026 3:15,14.8752,72.372,14.2877,1.358
8024,4/22/2026 3:30,14.8752,72.372,14.2896,1.354
8025,4/22/2026 3:45,14.8752,72.372,14.2868,1.36
8026,4/22/2026 4:00,14.8765,72.199,14.2887,1.359
8027,4/22/2026 4:15,14.8765,72.199,14.292,1.351
8028,4/22/2026 4:30,14.8799,72.199,14.2939,1.355
8029,4/22/2026 4:45,14.8777,72.028,14.2917,1.355
8030,4/22/2026 5:00,14.8794,72.028,14.2942,1.353
8031,4/22/2026 5:15,14.879,71.856,14.2952,1.35
8032,4/22/2026 5:30,14.8825,71.856,14.2977,1.352
8033,4/22/2026 5:45,14.8858,71.856,14.3001,1.354
8034,4/22/2026 6:00,14.8871,71.683,14.2996,1.358
8035,4/22/2026 6:15,14.8836,71.683,14.299,1.352
8036,4/22/2026 6:30,14.8849,71.512,14.3004,1.351
8037,4/22/2026 6:45,14.89,71.512,14.3035,1.356
8038,4/22/2026 7:00,14.8935,71.512,14.3072,1.355
8039,4/22/2026 7:15,14.8968,71.512,14.313,1.35
8040,4/22/2026 7:30,14.8968,71.512,14.3139,1.348
8041,4/22/2026 7:45,14.8986,71.512,14.3168,1.345
8042,4/22/2026 8:00,14.9003,71.512,14.3152,1.353
8043,4/22/2026 8:15,14.9054,71.512,14.3204,1.352
8044,4/22/2026 8:30,14.9054,71.512,14.3194,1.355
8045,4/22/2026 8:45,14.9025,71.683,14.32,1.347
8046,4/22/2026 9:00,14.9047,71.856,14.3213,1.349
8047,4/22/2026 9:15,14.9016,72.028,14.3183,1.349
8048,4/22/2026 9:30,14.902,72.199,14.3197,1.346
8049,4/22/2026 9:45,14.9026,72.372,14.3204,1.346
8050,4/22/2026 10:00,14.9035,72.718,14.3189,1.352
8051,4/22/2026 10:15,14.9039,72.891,14.3174,1.356
8052,4/22/2026 10:30,14.9048,73.234,14.319,1.355
8053,4/22/2026 10:45,14.9058,73.58,14.3207,1.353
8054,4/22/2026 11:00,14.9067,73.926,14.3226,1.351
8055,4/22/2026 11:15,14.9089,74.098,14.321,1.359
8056,4/22/2026 11:30,14.9047,74.446,14.322,1.347
8057,4/22/2026 11:45,14.9018,74.619,14.3173,1.352
8058,4/22/2026 12:00,14.9009,74.964,14.3175,1.349
8059,4/22/2026 12:15,14.8997,75.139,14.3149,1.353
8060,4/22/2026 12:30,14.8955,75.484,14.3107,1.353
8061,4/22/2026 12:45,14.8925,75.659,14.3101,1.347
8062,4/22/2026 13:00,14.8935,76.006,14.3078,1.355
8063,4/22/2026 13:15,14.8888,76.181,14.3029,1.355
8064,4/22/2026 13:30,14.8842,76.354,14.3051,1.34
8065,4/22/2026 13:45,14.8829,76.528,14.3016,1.345
8066,4/22/2026 14:00,14.8851,76.703,14.3004,1.353
8067,4/22/2026 14:15,14.8822,76.876,14.3004,1.346
8068,4/22/2026 14:30,14.8809,77.05,14.2983,1.348
8069,4/22/2026 14:45,14.8813,77.225,14.2968,1.352
8070,4/22/2026 15:00,14.8813,77.225,14.2987,1.348
8071,4/22/2026 15:15,14.8784,77.4,14.2969,1.345
8072,4/22/2026 15:30,14.878,77.225,14.2945,1.35
8073,4/22/2026 15:45,14.8762,77.225,14.2956,1.343
8074,4/22/2026 16:00,14.8698,77.4,14.2925,1.336
8075,4/22/2026 16:15,14.8712,77.225,14.2904,1.344
8076,4/22/2026 16:30,14.8701,76.876,14.2913,1.339
8077,4/22/2026 16:45,14.8714,76.703,14.2896,1.346
8078,4/22/2026 17:00,14.871,76.528,14.2887,1.347
8079,4/22/2026 17:15,14.8739,76.354,14.2914,1.347
8080,4/22/2026 17:30,14.8768,76.181,14.2906,1.356
8081,4/22/2026 17:45,14.8764,76.006,14.293,1.349
8082,4/22/2026 18:00,14.8777,75.832,14.294,1.35
8083,4/22/2026 18:15,14.8788,75.659,14.2964,1.347
8084,4/22/2026 18:30,14.8819,75.484,14.2988,1.349
8085,4/22/2026 18:45,14.8852,75.484,14.3009,1.352
8086,4/22/2026 19:00,14.8865,75.312,14.3057,1.344
8087,4/22/2026 19:15,14.8894,75.139,14.3064,1.349
8088,4/22/2026 19:30,14.8907,74.964,14.3088,1.346
8089,4/22/2026 19:45,14.8958,74.964,14.3112,1.352
8090,4/22/2026 20:00,14.8954,74.791,14.3122,1.349
8091,4/22/2026 20:15,14.8965,74.619,14.3122,1.351
8092,4/22/2026 20:30,14.8978,74.446,14.3167,1.344
8093,4/22/2026 20:45,14.9012,74.446,14.317,1.351
8094,4/22/2026 21:00,14.9025,74.271,14.318,1.352
8095,4/22/2026 21:15,14.9038,74.098,14.3228,1.344
8096,4/22/2026 21:30,14.9089,74.098,14.3231,1.355
8097,4/22/2026 21:45,14.9084,73.926,14.3249,1.349
8098,4/22/2026 22:00,14.908,73.753,14.3238,1.351
8099,4/22/2026 22:15,14.9045,73.753,14.3241,1.342
8100,4/22/2026 22:30,14.9058,73.58,14.3235,1.347
8101,4/22/2026 22:45,14.9058,73.58,14.3222,1.35
8102,4/22/2026 23:00,14.9054,73.407,14.3225,1.348
8103,4/22/2026 23:15,14.8984,73.407,14.3183,1.342
8104,4/22/2026 23:30,14.8997,73.234,14.3175,1.346
8105,4/22/2026 23:45,14.9015,73.234,14.3164,1.353
8106,4/23/2026 0:00,14.901,73.062,14.3189,1.346
8107,4/23/2026 0:15,14.8976,73.062,14.3145,1.348
8108,4/23/2026 0:30,14.8954,72.891,14.3125,1.348
8109,4/23/2026 0:45,14.892,72.891,14.3103,1.345
8110,4/23/2026 1:00,14.892,72.891,14.3112,1.343
8111,4/23/2026 1:15,14.8881,72.718,14.309,1.339
8112,4/23/2026 1:30,14.8915,72.718,14.3115,1.341
8113,4/23/2026 1:45,14.8915,72.718,14.3094,1.346
8114,4/23/2026 2:00,14.8842,72.545,14.3057,1.338
8115,4/23/2026 2:15,14.8859,72.545,14.3051,1.343
8116,4/23/2026 2:30,14.8809,72.545,14.302,1.338
8117,4/23/2026 2:45,14.882,72.372,14.3014,1.342
8118,4/23/2026 3:00,14.8804,72.372,14.3009,1.34
8119,4/23/2026 3:15,14.8787,72.372,14.2956,1.348
8120,4/23/2026 3:30,14.8765,72.199,14.2965,1.341
8121,4/23/2026 3:45,14.8765,72.199,14.2951,1.344
8122,4/23/2026 4:00,14.8765,72.199,14.2959,1.342
8123,4/23/2026 4:15,14.8765,72.199,14.2984,1.337
8124,4/23/2026 4:30,14.8761,72.028,14.2993,1.334
8125,4/23/2026 4:45,14.8777,72.028,14.3017,1.332
8126,4/23/2026 5:00,14.8794,72.028,14.2997,1.34
8127,4/23/2026 5:15,14.8812,72.028,14.3028,1.337
8128,4/23/2026 5:30,14.8841,71.856,14.3067,1.335
8129,4/23/2026 5:45,14.8893,71.856,14.3091,1.341
8130,4/23/2026 6:00,14.891,71.856,14.3077,1.349
8131,4/23/2026 6:15,14.8871,71.683,14.3086,1.338
8132,4/23/2026 6:30,14.8904,71.683,14.3116,1.338
8133,4/23/2026 6:45,14.8973,71.683,14.3162,1.343
8134,4/23/2026 7:00,14.8973,71.683,14.3148,1.347
8135,4/23/2026 7:15,14.899,71.683,14.3215,1.335
8136,4/23/2026 7:30,14.9007,71.683,14.319,1.345
8137,4/23/2026 7:45,14.8973,71.683,14.3218,1.33
8138,4/23/2026 8:00,14.899,71.683,14.3199,1.339
8139,4/23/2026 8:15,14.9025,71.683,14.3232,1.339
8140,4/23/2026 8:30,14.9025,71.683,14.3226,1.341
8141,4/23/2026 8:45,14.9063,71.856,14.3244,1.345
8142,4/23/2026 9:00,14.9084,72.028,14.3299,1.338
8143,4/23/2026 9:15,14.9073,72.199,14.3293,1.336
8144,4/23/2026 9:30,14.906,72.372,14.3286,1.335
8145,4/23/2026 9:45,14.9064,72.545,14.3302,1.332
8146,4/23/2026 10:00,14.9074,72.891,14.3307,1.333
8147,4/23/2026 10:15,14.9048,73.234,14.3309,1.327
8148,4/23/2026 10:30,14.9074,73.58,14.3293,1.337
8149,4/23/2026 10:45,14.9045,73.753,14.3278,1.334
8150,4/23/2026 11:00,14.9038,74.098,14.3316,1.323
8151,4/23/2026 11:15,14.9012,74.446,14.3286,1.324
8152,4/23/2026 11:30,14.8983,74.619,14.3271,1.321
8153,4/23/2026 11:45,14.9009,74.964,14.3273,1.327
8154,4/23/2026 12:00,14.8984,75.312,14.3228,1.331
8155,4/23/2026 12:15,14.8955,75.484,14.3184,1.335
8156,4/23/2026 12:30,14.8964,75.832,14.317,1.34
8157,4/23/2026 12:45,14.8917,76.006,14.3178,1.328
8158,4/23/2026 13:00,14.8862,75.832,14.3135,1.325
8159,4/23/2026 13:15,14.8862,75.832,14.3077,1.338
8160,4/23/2026 13:30,14.8836,76.181,14.3067,1.335
8161,4/23/2026 13:45,14.8803,76.181,14.3062,1.328
8162,4/23/2026 14:00,14.8799,76.006,14.3052,1.329
8163,4/23/2026 14:15,14.8786,76.181,14.3035,1.33
8164,4/23/2026 14:30,14.8768,76.181,14.3041,1.325
8165,4/23/2026 14:45,14.8781,76.006,14.3019,1.333
8166,4/23/2026 15:00,14.8768,76.181,14.3019,1.33
8167,4/23/2026 15:15,14.8768,76.181,14.3036,1.326
8168,4/23/2026 15:30,14.8768,76.181,14.2977,1.34
8169,4/23/2026 15:45,14.8751,76.181,14.2993,1.332
8170,4/23/2026 16:00,14.8722,76.354,14.2959,1.333
8171,4/23/2026 16:15,14.87,76.181,14.2987,1.322
8172,4/23/2026 16:30,14.8683,76.181,14.2951,1.326
8173,4/23/2026 16:45,14.873,76.006,14.2984,1.329
8174,4/23/2026 17:00,14.8725,75.832,14.2974,1.33
8175,4/23/2026 17:15,14.872,75.659,14.2996,1.324
8176,4/23/2026 17:30,14.8738,75.659,14.2988,1.33
8177,4/23/2026 17:45,14.8733,75.484,14.3028,1.32
8178,4/23/2026 18:00,14.8797,75.312,14.3067,1.325
8179,4/23/2026 18:15,14.8826,75.139,14.3091,1.326
8180,4/23/2026 18:30,14.8822,74.964,14.3075,1.329
8181,4/23/2026 18:45,14.8851,74.791,14.3097,1.331
8182,4/23/2026 19:00,14.8851,74.791,14.3106,1.329
8183,4/23/2026 19:15,14.888,74.619,14.3136,1.328
8184,4/23/2026 19:30,14.8897,74.619,14.3168,1.325
8185,4/23/2026 19:45,14.8928,74.446,14.3168,1.332
8186,4/23/2026 20:00,14.8957,74.271,14.3213,1.328
8187,4/23/2026 20:15,14.8957,74.271,14.319,1.334
8188,4/23/2026 20:30,14.8986,74.098,14.3219,1.334
8189,4/23/2026 20:45,14.8986,74.098,14.3241,1.329
8190,4/23/2026 21:00,14.8981,73.926,14.3245,1.327
8191,4/23/2026 21:15,14.9049,73.926,14.3242,1.343
8192,4/23/2026 21:30,14.9096,73.753,14.3223,1.358
8193,4/23/2026 21:45,14.908,73.753,14.3235,1.352
8194,4/23/2026 22:00,14.9041,73.58,14.3207,1.349
8195,4/23/2026 22:15,14.9006,73.58,14.3226,1.337
8196,4/23/2026 22:30,14.9006,73.58,14.3177,1.348
8197,4/23/2026 22:45,14.8984,73.407,14.318,1.342
8198,4/23/2026 23:00,14.9002,73.407,14.3197,1.342
8199,4/23/2026 23:15,14.8984,73.407,14.3164,1.346
8200,4/23/2026 23:30,14.898,73.234,14.3167,1.344
8201,4/23/2026 23:45,14.8962,73.234,14.3154,1.343
8202,4/24/2026 0:00,14.8947,73.234,14.3126,1.346
8203,4/24/2026 0:15,14.8958,73.062,14.3136,1.346
8204,4/24/2026 0:30,14.8942,73.062,14.3145,1.34
8205,4/24/2026 0:45,14.8993,73.062,14.3093,1.364
8206,4/24/2026 1:00,14.8993,73.062,14.3109,1.361
8207,4/24/2026 1:15,14.8936,72.891,14.3087,1.352
8208,4/24/2026 1:30,14.892,72.891,14.3071,1.352
8209,4/24/2026 1:45,14.8903,72.891,14.3051,1.353
8210,4/24/2026 2:00,14.8868,72.891,14.3013,1.354
8211,4/24/2026 2:15,14.8852,72.891,14.3013,1.35
8212,4/24/2026 2:30,14.8835,72.891,14.2991,1.351
8213,4/24/2026 2:45,14.8835,72.891,14.2961,1.358
8214,4/24/2026 3:00,14.8796,72.718,14.2955,1.35
8215,4/24/2026 3:15,14.8796,72.718,14.2971,1.347
8216,4/24/2026 3:30,14.8778,72.718,14.2964,1.344
8217,4/24/2026 3:45,14.8813,72.718,14.298,1.349
8218,4/24/2026 4:00,14.8796,72.718,14.2974,1.346
8219,4/24/2026 4:15,14.8762,72.718,14.2936,1.347
8220,4/24/2026 4:30,14.8762,72.718,14.2983,1.336
8221,4/24/2026 4:45,14.8762,72.718,14.2993,1.334
8222,4/24/2026 5:00,14.8757,72.545,14.3007,1.329
8223,4/24/2026 5:15,14.8791,72.545,14.3017,1.335
8224,4/24/2026 5:30,14.8809,72.545,14.3017,1.339
8225,4/24/2026 5:45,14.8842,72.545,14.3057,1.338
8226,4/24/2026 6:00,14.8877,72.545,14.3065,1.344
8227,4/24/2026 6:15,14.8928,72.545,14.3097,1.348
8228,4/24/2026 6:30,14.891,72.545,14.3106,1.342
8229,4/24/2026 6:45,14.8962,72.545,14.313,1.348
8230,4/24/2026 7:00,14.8974,72.372,14.3177,1.34
8231,4/24/2026 7:15,14.8991,72.372,14.3161,1.348
8232,4/24/2026 7:30,14.8991,72.372,14.3177,1.344
8233,4/24/2026 7:45,14.8991,72.372,14.3183,1.343
8234,4/24/2026 8:00,14.8991,72.372,14.3204,1.338
8235,4/24/2026 8:15,14.9009,72.372,14.321,1.341
8236,4/24/2026 8:30,14.9031,72.545,14.3222,1.343
8237,4/24/2026 8:45,14.9031,72.545,14.3235,1.34
8238,4/24/2026 9:00,14.9048,72.545,14.3231,1.345
8239,4/24/2026 9:15,14.9052,72.718,14.3244,1.343
8240,4/24/2026 9:30,14.9039,72.891,14.3247,1.339
8241,4/24/2026 9:45,14.9061,73.062,14.3235,1.347
8242,4/24/2026 10:00,14.9036,73.407,14.3244,1.34
8243,4/24/2026 10:15,14.9023,73.58,14.3238,1.338
8244,4/24/2026 10:30,14.9032,73.926,14.3238,1.34
8245,4/24/2026 10:45,14.9007,74.271,14.3207,1.341
8246,4/24/2026 11:00,14.8944,74.446,14.3177,1.334
8247,4/24/2026 11:15,14.8919,74.791,14.3162,1.331
8248,4/24/2026 11:30,14.8907,74.964,14.3132,1.336
8249,4/24/2026 11:45,14.8881,75.312,14.3094,1.339
8250,4/24/2026 12:00,14.8852,75.484,14.3096,1.331
8251,4/24/2026 12:15,14.8823,75.659,14.309,1.326
8252,4/24/2026 12:30,14.8806,75.659,14.3048,1.332
8253,4/24/2026 12:45,14.8759,75.832,14.3052,1.32
8254,4/24/2026 13:00,14.8746,76.006,14.301,1.327
8255,4/24/2026 13:15,14.8746,76.006,14.2999,1.33
8256,4/24/2026 13:30,14.8688,76.354,14.2965,1.324
8257,4/24/2026 13:45,14.8675,76.528,14.2954,1.324
8258,4/24/2026 14:00,14.8675,76.528,14.2927,1.33
8259,4/24/2026 14:15,14.8675,76.528,14.2904,1.335
8260,4/24/2026 14:30,14.8646,76.703,14.2864,1.338
8261,4/24/2026 14:45,14.8616,76.876,14.2833,1.338
8262,4/24/2026 15:00,14.8582,76.876,14.284,1.328
8263,4/24/2026 15:15,14.8565,76.876,14.284,1.324
8264,4/24/2026 15:30,14.8561,76.703,14.2824,1.327
8265,4/24/2026 15:45,14.8543,76.703,14.2785,1.332
8266,4/24/2026 16:00,14.853,76.876,14.2768,1.333
8267,4/24/2026 16:15,14.8543,76.703,14.2772,1.335
8268,4/24/2026 16:30,14.8551,76.354,14.2761,1.339
8269,4/24/2026 16:45,14.8535,76.354,14.2795,1.328
8270,4/24/2026 17:00,14.8546,76.181,14.2787,1.332
8271,4/24/2026 17:15,14.8575,76.006,14.2801,1.336
8272,4/24/2026 17:30,14.8623,75.832,14.2827,1.341
8273,4/24/2026 17:45,14.8738,75.659,14.2838,1.365
8274,4/24/2026 18:00,14.8835,75.484,14.2871,1.379
8275,4/24/2026 18:15,14.8899,75.312,14.2877,1.393
8276,4/24/2026 18:30,14.8967,75.312,14.2884,1.407
8277,4/24/2026 18:45,14.898,75.139,14.2938,1.398
8278,4/24/2026 19:00,14.8976,74.964,14.2945,1.395
8279,4/24/2026 19:15,14.8971,74.791,14.2936,1.396
8280,4/24/2026 19:30,14.8987,74.791,14.2951,1.396
8281,4/24/2026 19:45,14.9,74.619,14.2965,1.396
8282,4/24/2026 20:00,14.8978,74.446,14.2985,1.386
8283,4/24/2026 20:15,14.9012,74.446,14.3006,1.389
8284,4/24/2026 20:30,14.9007,74.271,14.3042,1.38
8285,4/24/2026 20:45,14.8991,74.271,14.307,1.37
8286,4/24/2026 21:00,14.8991,74.271,14.3067,1.37
8287,4/24/2026 21:15,14.8952,74.098,14.3078,1.358
8288,4/24/2026 21:30,14.8952,74.098,14.3059,1.363
8289,4/24/2026 21:45,14.8981,73.926,14.3078,1.365
8290,4/24/2026 22:00,14.8948,73.926,14.3081,1.357
8291,4/24/2026 22:15,14.896,73.753,14.313,1.348
8292,4/24/2026 22:30,14.896,73.753,14.3117,1.351
8293,4/24/2026 22:45,14.8909,73.753,14.309,1.346
8294,4/24/2026 23:00,14.8922,73.58,14.3109,1.344
8295,4/24/2026 23:15,14.8836,73.58,14.3065,1.335
8296,4/24/2026 23:30,14.883,73.407,14.3043,1.338
8297,4/24/2026 23:45,14.8797,73.407,14.3032,1.333
8298,4/25/2026 0:00,14.8797,73.407,14.3026,1.334
8299,4/25/2026 0:15,14.8762,73.407,14.3029,1.326
8300,4/25/2026 0:30,14.8741,73.234,14.3023,1.322
8301,4/25/2026 0:45,14.8707,73.234,14.2985,1.323
8302,4/25/2026 1:00,14.8707,73.234,14.298,1.324
8303,4/25/2026 1:15,14.8622,73.234,14.2927,1.317
8304,4/25/2026 1:30,14.86,73.062,14.2906,1.317
8305,4/25/2026 1:45,14.8567,73.062,14.29,1.31
8306,4/25/2026 2:00,14.8532,73.062,14.2878,1.307
8307,4/25/2026 2:15,14.8475,72.891,14.2851,1.301
8308,4/25/2026 2:30,14.8475,72.891,14.2836,1.304
8309,4/25/2026 2:45,14.8459,72.891,14.2814,1.305
8310,4/25/2026 3:00,14.8407,72.891,14.2824,1.291
8311,4/25/2026 3:15,14.8385,72.718,14.2772,1.298
8312,4/25/2026 3:30,14.8369,72.718,14.2781,1.292
8313,4/25/2026 3:45,14.8403,72.718,14.2775,1.301
8314,4/25/2026 4:00,14.8369,72.718,14.2809,1.286
8315,4/25/2026 4:15,14.8365,72.545,14.2809,1.285
8316,4/25/2026 4:30,14.8347,72.545,14.2819,1.278
8317,4/25/2026 4:45,14.8381,72.545,14.2827,1.284
8318,4/25/2026 5:00,14.8377,72.372,14.2822,1.284
8319,4/25/2026 5:15,14.8359,72.372,14.2846,1.275
8320,4/25/2026 5:30,14.8355,72.199,14.2824,1.279
8321,4/25/2026 5:45,14.8372,72.199,14.2865,1.273
8322,4/25/2026 6:00,14.8423,72.199,14.2904,1.276
8323,4/25/2026 6:15,14.8407,72.199,14.2884,1.277
8324,4/25/2026 6:30,14.8419,72.028,14.2914,1.273
8325,4/25/2026 6:45,14.8419,72.028,14.2945,1.265
8326,4/25/2026 7:00,14.8436,72.028,14.2975,1.262
8327,4/25/2026 7:15,14.8449,71.856,14.2975,1.265
8328,4/25/2026 7:30,15.1646,72.028,14.3012,1.996
8329,4/25/2026 7:45,15.1707,72.372,14.2993,2.015
8330,4/25/2026 8:00,15.1763,72.545,14.3012,2.023
8331,4/25/2026 8:15,15.1763,72.545,14.3026,2.02
8332,4/25/2026 8:30,15.1805,72.199,14.3075,2.018
8333,4/25/2026 8:45,15.1852,72.028,14.3103,2.023
8334,4/25/2026 9:00,15.1898,71.856,14.3109,2.032
8335,4/25/2026 9:15,15.1915,71.856,14.3123,2.033
8336,4/25/2026 9:30,15.1927,71.683,14.3123,2.035
8337,4/25/2026 9:45,15.1905,71.512,14.3112,2.033
8338,4/25/2026 10:00,15.1868,71.339,14.312,2.022
8339,4/25/2026 10:15,15.1833,71.339,14.3115,2.015
8340,4/25/2026 10:30,15.1747,71.339,14.3103,1.998
8341,4/25/2026 10:45,15.1714,71.339,14.309,1.994
8342,4/25/2026 11:00,15.1679,71.339,14.3078,1.988
8343,4/25/2026 11:15,15.1633,71.512,14.3036,1.987
8344,4/25/2026 11:30,15.154,71.856,14.3009,1.972
8345,4/25/2026 11:45,15.1505,71.856,14.3028,1.96
8346,4/25/2026 12:00,15.1454,71.856,14.3016,1.951
8347,4/25/2026 12:15,15.1424,72.028,14.2972,1.954
8348,4/25/2026 12:30,15.136,72.199,14.2952,1.944
8349,4/25/2026 12:45,15.1302,72.545,14.2932,1.935
8350,4/25/2026 13:00,15.1221,72.718,14.2917,1.92
8351,4/25/2026 13:15,15.1174,72.891,14.2865,1.921
8352,4/25/2026 13:30,15.111,73.062,14.2861,1.908
8353,4/25/2026 13:45,15.1029,73.234,14.2813,1.9
8354,4/25/2026 14:00,15.1,73.407,14.281,1.894
8355,4/25/2026 14:15,15.1005,73.58,14.2777,1.903
8356,4/25/2026 14:30,15.0976,73.753,14.2774,1.897
8357,4/25/2026 14:45,15.0923,73.753,14.2748,1.891
8358,4/25/2026 15:00,15.0907,73.753,14.2736,1.89
8359,4/25/2026 15:15,15.0861,73.926,14.2704,1.886
8360,4/25/2026 15:30,15.0844,73.926,14.2701,1.883
8361,4/25/2026 15:45,15.0826,73.926,14.2675,1.885
8362,4/25/2026 16:00,15.0758,73.926,14.2679,1.868
8363,4/25/2026 16:15,15.0736,73.753,14.264,1.872
8364,4/25/2026 16:30,15.0736,73.753,14.2653,1.869
8365,4/25/2026 16:45,15.0697,73.58,14.2658,1.859
8366,4/25/2026 17:00,15.0693,73.407,14.2669,1.855
8367,4/25/2026 17:15,15.0726,73.407,14.2692,1.858
8368,4/25/2026 17:30,15.0722,73.234,14.2695,1.856
8369,4/25/2026 17:45,15.0717,73.062,14.2733,1.846
8370,4/25/2026 18:00,15.0752,73.062,14.2769,1.846
8371,4/25/2026 18:15,15.0746,72.891,14.2811,1.835
8372,4/25/2026 18:30,15.0799,72.891,14.2814,1.846
8373,4/25/2026 18:45,15.0845,72.718,14.2842,1.85
8374,4/25/2026 19:00,15.0858,72.545,14.2865,1.848
8375,4/25/2026 19:15,15.0909,72.545,14.2872,1.858
8376,4/25/2026 19:30,15.092,72.372,14.288,1.859
8377,4/25/2026 19:45,15.0934,72.199,14.2903,1.857
8378,4/25/2026 20:00,15.0997,72.028,14.2903,1.871
8379,4/25/2026 20:15,15.1032,72.028,14.2932,1.873
8380,4/25/2026 20:30,15.1061,71.856,14.2946,1.876
8381,4/25/2026 20:45,15.1074,71.683,14.2968,1.874
8382,4/25/2026 21:00,15.1086,71.512,14.2958,1.879
8383,4/25/2026 21:15,15.1132,71.339,14.298,1.885
8384,4/25/2026 21:30,15.111,71.168,14.2991,1.877
8385,4/25/2026 21:45,15.1128,71.168,14.2958,1.889
8386,4/25/2026 22:00,15.1158,70.995,14.2991,1.888
8387,4/25/2026 22:15,15.1153,70.824,14.2974,1.891
8388,4/25/2026 22:30,15.1166,70.651,14.2961,1.897
8389,4/25/2026 22:45,15.1161,70.48,14.2994,1.888
8390,4/25/2026 23:00,15.1173,70.308,14.2974,1.895
8391,4/25/2026 23:15,15.1139,70.308,14.2946,1.894
8392,4/25/2026 23:30,15.1118,70.137,14.2933,1.892
8393,4/25/2026 23:45,15.1113,69.964,14.2952,1.886
8394,4/26/2026 0:00,15.1092,69.793,14.2946,1.883
8395,4/26/2026 0:15,15.1057,69.793,14.2933,1.878
8396,4/26/2026 0:30,15.1036,69.622,14.2897,1.881
8397,4/26/2026 0:45,15.1048,69.449,14.2875,1.889
8398,4/26/2026 1:00,15.1015,69.449,14.2864,1.884
8399,4/26/2026 1:15,15.1009,69.278,14.2858,1.884
8400,4/26/2026 1:30,15.0993,69.278,14.2836,1.885
8401,4/26/2026 1:45,15.0954,69.107,14.28,1.884
8402,4/26/2026 2:00,15.0919,69.107,14.2753,1.887
8403,4/26/2026 2:15,15.0899,68.934,14.2756,1.882
8404,4/26/2026 2:30,15.0864,68.934,14.2736,1.878
8405,4/26/2026 2:45,15.0893,68.763,14.272,1.889
8406,4/26/2026 3:00,15.086,68.763,14.2729,1.879
8407,4/26/2026 3:15,15.0842,68.763,14.2698,1.882
8408,4/26/2026 3:30,15.0825,68.763,14.2714,1.874
8409,4/26/2026 3:45,15.077,68.592,14.2692,1.867
8410,4/26/2026 4:00,15.0752,68.592,14.2662,1.87
8411,4/26/2026 4:15,15.073,68.421,14.2662,1.865
8412,4/26/2026 4:30,15.068,68.421,14.2687,1.847
8413,4/26/2026 4:45,15.0645,68.421,14.2671,1.843
8414,4/26/2026 5:00,15.0641,68.248,14.2703,1.834
8415,4/26/2026 5:15,15.0658,68.248,14.2742,1.829
8416,4/26/2026 5:30,15.0641,68.248,14.2752,1.823
8417,4/26/2026 5:45,15.0641,68.248,14.2766,1.82
8418,4/26/2026 6:00,15.0636,68.077,14.2761,1.82
8419,4/26/2026 6:15,15.0636,68.077,14.2777,1.816
8420,4/26/2026 6:30,15.0619,68.077,14.2807,1.805
8421,4/26/2026 6:45,15.0585,68.077,14.2838,1.79
8422,4/26/2026 7:00,15.0603,68.077,14.289,1.782
8423,4/26/2026 7:15,15.0568,68.077,14.2896,1.773
8424,4/26/2026 7:30,15.0585,68.077,14.2938,1.767
8425,4/26/2026 7:45,15.0619,68.077,14.3003,1.76
8426,4/26/2026 8:00,15.0585,68.077,14.3009,1.751
8427,4/26/2026 8:15,15.0551,68.077,14.2993,1.747
8428,4/26/2026 8:30,15.0572,68.248,14.2954,1.761
8429,4/26/2026 8:45,15.0607,68.248,14.3001,1.758
8430,4/26/2026 9:00,15.0645,68.421,14.299,1.769
8431,4/26/2026 9:15,15.068,68.421,14.2996,1.776
8432,4/26/2026 9:30,15.0651,68.592,14.2991,1.77
8433,4/26/2026 9:45,15.0671,68.763,14.2999,1.773
8434,4/26/2026 10:00,15.0659,68.934,14.3004,1.769
8435,4/26/2026 10:15,15.0681,69.107,14.2968,1.783
8436,4/26/2026 10:30,15.0725,69.449,14.299,1.788
8437,4/26/2026 10:45,15.0719,69.278,14.302,1.779
8438,4/26/2026 11:00,15.0686,69.278,14.3025,1.771
8439,4/26/2026 11:15,15.0672,69.449,14.3022,1.768
8440,4/26/2026 11:30,15.0648,69.793,14.2981,1.772
8441,4/26/2026 11:45,15.067,69.964,14.3013,1.77
8442,4/26/2026 12:00,15.0713,70.308,14.2936,1.798
8443,4/26/2026 12:15,15.0693,70.824,14.2951,1.79
8444,4/26/2026 12:30,15.0667,71.168,14.2898,1.796
8445,4/26/2026 12:45,15.0642,71.512,14.289,1.792
8446,4/26/2026 13:00,15.0686,71.856,14.2862,1.809
8447,4/26/2026 13:15,15.0672,72.028,14.281,1.818
8448,4/26/2026 13:30,15.0665,72.372,14.2797,1.819
8449,4/26/2026 13:45,15.0674,72.718,14.2753,1.831
8450,4/26/2026 14:00,15.061,72.891,14.272,1.824
8451,4/26/2026 14:15,15.0603,73.234,14.2703,1.827
8452,4/26/2026 14:30,15.0642,73.407,14.2669,1.844
8453,4/26/2026 14:45,15.0612,73.58,14.2679,1.834
8454,4/26/2026 15:00,15.06,73.753,14.2658,1.837
8455,4/26/2026 15:15,15.0548,73.753,14.2627,1.832
8456,4/26/2026 15:30,15.0514,73.753,14.2603,1.83
8457,4/26/2026 15:45,15.0497,73.753,14.2576,1.832
8458,4/26/2026 16:00,15.0446,73.753,14.2582,1.819
8459,4/26/2026 16:15,15.0462,73.753,14.2595,1.819
8460,4/26/2026 16:30,15.0442,73.58,14.259,1.816
8461,4/26/2026 16:45,15.0372,73.58,14.2571,1.804
8462,4/26/2026 17:00,15.0385,73.407,14.263,1.793
8463,4/26/2026 17:15,15.0381,73.234,14.2608,1.797
8464,4/26/2026 17:30,15.0364,73.234,14.2633,1.788
8465,4/26/2026 17:45,15.0359,73.062,14.2642,1.784
8466,4/26/2026 18:00,15.2118,73.062,14.2671,2.185
8467,4/26/2026 18:15,15.2712,72.891,14.2679,2.32
8468,4/26/2026 18:30,15.2844,72.718,14.2727,2.339
8469,4/26/2026 18:45,15.2919,72.372,14.271,2.36
8470,4/26/2026 19:00,15.3042,71.856,14.2737,2.382
8471,4/26/2026 19:15,15.3096,71.339,14.2755,2.391
8472,4/26/2026 19:30,15.3151,70.824,14.2777,2.398
8473,4/26/2026 19:45,15.3108,70.48,14.282,2.378
8474,4/26/2026 20:00,15.315,70.137,14.2887,2.372
8475,4/26/2026 20:15,15.3247,69.964,14.2856,2.402
8476,4/26/2026 20:30,15.3225,69.793,14.2927,2.38
8477,4/26/2026 20:45,15.3256,69.622,14.2936,2.385
8478,4/26/2026 21:00,15.337,69.449,14.2955,2.407
8479,4/26/2026 21:15,15.3417,69.278,14.2974,2.413
8480,4/26/2026 21:30,15.3446,69.107,14.2946,2.426
8481,4/26/2026 21:45,15.348,69.107,14.2985,2.425
8482,4/26/2026 22:00,15.3476,68.934,14.2974,2.427
8483,4/26/2026 22:15,15.3386,68.763,14.2946,2.413
8484,4/26/2026 22:30,15.3386,68.763,14.2971,2.407
8485,4/26/2026 22:45,15.3347,68.592,14.2958,2.401
8486,4/26/2026 23:00,15.333,68.592,14.2946,2.4
8487,4/26/2026 23:15,15.3257,68.421,14.2985,2.374
8488,4/26/2026 23:30,15.3189,68.421,14.2958,2.364
8489,4/26/2026 23:45,15.3116,68.248,14.2932,2.354
8490,4/27/2026 0:00,15.306,68.077,14.2935,2.34
8491,4/27/2026 0:15,15.2976,68.077,14.2922,2.323
8492,4/27/2026 0:30,15.2906,68.077,14.2901,2.312
8493,4/27/2026 0:45,15.2783,67.906,14.2843,2.297
8494,4/27/2026 1:00,15.2761,67.735,14.2852,2.29
8495,4/27/2026 1:15,15.2658,67.735,14.2816,2.274
8496,4/27/2026 1:30,15.2552,67.564,14.2778,2.258
8497,4/27/2026 1:45,15.2467,67.564,14.2758,2.243
8498,4/27/2026 2:00,15.2394,67.392,14.2752,2.228
8499,4/27/2026 2:15,15.2274,67.392,14.269,2.215
8500,4/27/2026 2:30,15.2184,67.221,14.2637,2.206
8501,4/27/2026 2:45,15.2082,67.221,14.2653,2.179
8502,4/27/2026 3:00,15.1997,67.221,14.2669,2.155
8503,4/27/2026 3:15,15.1946,67.221,14.2669,2.143
8504,4/27/2026 3:30,15.1878,67.221,14.2653,2.131
8505,4/27/2026 3:45,15.1826,67.221,14.2662,2.117
8506,4/27/2026 4:00,15.1788,67.05,14.2601,2.123
8507,4/27/2026 4:15,15.172,67.05,14.2587,2.11
8508,4/27/2026 4:30,15.1702,67.05,14.2587,2.106
8509,4/27/2026 4:45,15.1736,67.05,14.2601,2.111
8510,4/27/2026 5:00,15.1702,67.05,14.2632,2.096
8511,4/27/2026 5:15,15.1667,67.05,14.2648,2.084
8512,4/27/2026 5:30,15.1634,67.05,14.2684,2.068
8513,4/27/2026 5:45,15.1617,67.05,14.2714,2.057
8514,4/27/2026 6:00,15.1582,67.05,14.273,2.045
8515,4/27/2026 6:15,15.1548,67.05,14.2782,2.025
8516,4/27/2026 6:30,15.1531,67.05,14.2813,2.014
8517,4/27/2026 6:45,15.1514,67.05,14.2827,2.007
8518,4/27/2026 7:00,15.1463,67.05,14.2835,1.994
8519,4/27/2026 7:15,15.1498,67.05,14.2893,1.988
8520,4/27/2026 7:30,15.1467,67.221,14.2926,1.974
8521,4/27/2026 7:45,15.1416,67.221,14.2938,1.959
8522,4/27/2026 8:00,15.1399,67.221,14.294,1.954
8523,4/27/2026 8:15,15.1382,67.221,14.2965,1.945
8524,4/27/2026 8:30,15.1353,67.392,14.2996,1.931
8525,4/27/2026 8:45,15.1289,67.564,14.298,1.92
8526,4/27/2026 9:00,15.1306,67.564,14.298,1.924
8527,4/27/2026 9:15,15.1306,67.564,14.2991,1.921
8528,4/27/2026 9:30,15.1293,67.735,14.3007,1.915
8529,4/27/2026 9:45,15.128,67.906,14.3023,1.908
8530,4/27/2026 10:00,15.1269,68.077,14.2999,1.911
8531,4/27/2026 10:15,15.1269,68.077,14.301,1.908
8532,4/27/2026 10:30,15.1221,68.248,14.2996,1.901
8533,4/27/2026 10:45,15.1174,68.421,14.2996,1.89
8534,4/27/2026 11:00,15.1196,68.592,14.2993,1.896
8535,4/27/2026 11:15,15.1121,68.934,14.2978,1.882
8536,4/27/2026 11:30,15.1095,69.278,14.2975,1.876
8537,4/27/2026 11:45,15.1087,69.622,14.2945,1.882
8538,4/27/2026 12:00,15.1177,69.793,14.2942,1.903
8539,4/27/2026 12:15,15.1118,70.137,14.2898,1.9
8540,4/27/2026 12:30,15.1054,70.308,14.2901,1.884
8541,4/27/2026 12:45,15.1041,70.48,14.2855,1.892
8542,4/27/2026 13:00,15.1063,70.651,14.2862,1.896
8543,4/27/2026 13:15,15.1034,70.824,14.2868,1.888
8544,4/27/2026 13:30,15.1042,71.168,14.2881,1.887
8545,4/27/2026 13:45,15.1077,71.168,14.2859,1.9
8546,4/27/2026 14:00,15.1081,71.339,14.2849,1.903
8547,4/27/2026 14:15,15.1068,71.512,14.2806,1.91
8548,4/27/2026 14:30,15.109,71.683,14.281,1.914
8549,4/27/2026 14:45,15.1164,71.856,14.2753,1.944
8550,4/27/2026 15:00,15.1369,71.856,14.2756,1.991
8551,4/27/2026 15:15,15.1441,72.028,14.2762,2.007
8552,4/27/2026 15:30,15.1459,72.028,14.2682,2.029
8553,4/27/2026 15:45,15.1595,72.028,14.2716,2.053
8554,4/27/2026 16:00,15.1646,72.028,14.2704,2.067
8555,4/27/2026 16:15,15.168,72.028,14.2716,2.073
8556,4/27/2026 16:30,15.1709,71.856,14.2749,2.072
8557,4/27/2026 16:45,15.1723,71.683,14.2765,2.071
8558,4/27/2026 17:00,15.1773,71.683,14.279,2.077
8559,4/27/2026 17:15,15.182,71.512,14.2768,2.093
8560,4/27/2026 17:30,15.1914,71.168,14.2787,2.11
8561,4/27/2026 17:45,15.22,70.995,14.278,2.178
8562,4/27/2026 18:00,15.2382,70.824,14.2807,2.213
8563,4/27/2026 18:15,15.2475,70.48,14.2835,2.228
8564,4/27/2026 18:30,15.2539,70.308,14.2875,2.234
8565,4/27/2026 18:45,15.2517,70.137,14.2878,2.228
8566,4/27/2026 19:00,15.2548,69.964,14.2911,2.227
8567,4/27/2026 19:15,15.2612,69.793,14.2916,2.241
8568,4/27/2026 19:30,15.2948,69.622,14.2967,2.307
8569,4/27/2026 19:45,15.3182,69.449,14.2936,2.368
8570,4/27/2026 20:00,15.3263,69.278,14.2958,2.382
8571,4/27/2026 20:15,15.3314,69.278,14.2983,2.388
8572,4/27/2026 20:30,15.343,69.107,14.2999,2.411
8573,4/27/2026 20:45,15.3531,69.107,14.3013,2.431
8574,4/27/2026 21:00,15.3736,69.107,14.3038,2.472
8575,4/27/2026 21:15,15.3971,68.934,14.3048,2.524
8576,4/27/2026 21:30,15.4193,68.934,14.3062,2.572
8577,4/27/2026 21:45,15.4517,68.934,14.3041,2.652
8578,4/27/2026 22:00,15.4687,68.934,14.3071,2.685
8579,4/27/2026 22:15,15.4957,68.763,14.3081,2.744
8580,4/27/2026 22:30,15.5008,68.763,14.3081,2.756
8581,4/27/2026 22:45,15.5127,68.763,14.3059,2.789
8582,4/27/2026 23:00,15.5263,68.763,14.3045,2.824
8583,4/27/2026 23:15,15.5327,68.592,14.3007,2.847
8584,4/27/2026 23:30,15.5412,68.592,14.3032,2.861
8585,4/27/2026 23:45,15.5533,68.592,14.2996,2.897
8586,4/28/2026 0:00,15.5669,68.592,14.3026,2.922
8587,4/28/2026 0:15,15.5698,68.421,14.299,2.937
8588,4/28/2026 0:30,15.5625,68.248,14.2938,2.932
8589,4/28/2026 0:45,15.5608,68.248,14.2946,2.926
8590,4/28/2026 1:00,15.5586,68.077,14.2993,2.91
8591,4/28/2026 1:15,15.5637,68.077,14.294,2.934
8592,4/28/2026 1:30,15.5894,68.077,14.2935,2.995
8593,4/28/2026 1:45,15.5923,67.906,14.2867,3.017
8594,4/28/2026 2:00,15.6008,67.906,14.2867,3.037
8595,4/28/2026 2:15,15.6127,67.906,14.2846,3.069
8596,4/28/2026 2:30,15.5991,67.906,14.2824,3.042
8597,4/28/2026 2:45,15.6037,67.735,14.2794,3.06
8598,4/28/2026 3:00,15.5868,67.735,14.2756,3.03
8599,4/28/2026 3:15,15.5765,67.735,14.275,3.007
8600,4/28/2026 3:30,15.5697,67.735,14.2729,2.997
8601,4/28/2026 3:45,15.5641,67.564,14.2745,2.98
8602,4/28/2026 4:00,15.5589,67.564,14.2753,2.966
8603,4/28/2026 4:15,15.5504,67.564,14.2717,2.955
8604,4/28/2026 4:30,15.5334,67.564,14.2717,2.915
8605,4/28/2026 4:45,15.5227,67.392,14.2711,2.892
8606,4/28/2026 5:00,15.5192,67.392,14.2742,2.877
8607,4/28/2026 5:15,15.5055,67.392,14.2782,2.836
8608,4/28/2026 5:30,15.4937,67.392,14.2766,2.812
8609,4/28/2026 5:45,15.4851,67.392,14.2791,2.787
8610,4/28/2026 6:00,15.4744,67.221,14.2868,2.744
8611,4/28/2026 6:15,15.4728,67.221,14.2852,2.744
8612,4/28/2026 6:30,15.4574,67.221,14.2852,2.708
8613,4/28/2026 6:45,15.4488,67.221,14.2807,2.699
8614,4/28/2026 7:00,15.4403,67.221,14.2838,2.672
8615,4/28/2026 7:15,15.4284,67.221,14.2874,2.636
8616,4/28/2026 7:30,15.4249,67.221,14.291,2.62
8617,4/28/2026 7:45,15.4181,67.221,14.2913,2.604
8618,4/28/2026 8:00,15.413,67.221,14.2932,2.587
8619,4/28/2026 8:15,15.4032,67.392,14.2954,2.56
8620,4/28/2026 8:30,15.393,67.392,14.298,2.53
8621,4/28/2026 8:45,15.3866,67.564,14.298,2.516
8622,4/28/2026 9:00,15.3781,67.564,14.3032,2.484
8623,4/28/2026 9:15,15.3752,67.735,14.3041,2.475
8624,4/28/2026 9:30,15.3704,67.906,14.3065,2.458
8625,4/28/2026 9:45,15.3572,68.077,14.3035,2.435
8626,4/28/2026 10:00,15.3952,68.248,14.3062,2.516
8627,4/28/2026 10:15,15.4059,68.421,14.3051,2.544
8628,4/28/2026 10:30,15.403,68.592,14.3042,2.539
8629,4/28/2026 10:45,15.3953,68.934,14.3057,2.518
8630,4/28/2026 11:00,15.381,69.278,14.3017,2.494
8631,4/28/2026 11:15,15.3699,69.622,14.3019,2.469
8632,4/28/2026 11:30,15.3583,69.793,14.3007,2.444
8633,4/28/2026 11:45,15.3486,69.964,14.2996,2.425
8634,4/28/2026 12:00,15.3383,69.964,14.2999,2.4
8635,4/28/2026 12:15,15.3235,70.137,14.2981,2.37
8636,4/28/2026 12:30,15.3209,70.48,14.2948,2.372
8637,4/28/2026 12:45,15.3129,70.651,14.2952,2.353
8638,4/28/2026 13:00,15.3066,70.824,14.2965,2.335
8639,4/28/2026 13:15,15.298,70.824,14.2962,2.316
8640,4/28/2026 13:30,15.2934,70.995,14.2954,2.307
8641,4/28/2026 13:45,15.2852,71.168,14.2913,2.298
8642,4/28/2026 14:00,15.2802,71.168,14.2868,2.296
8643,4/28/2026 14:15,15.2635,71.339,14.2843,2.264
8644,4/28/2026 14:30,15.2226,71.339,14.2819,2.175
8645,4/28/2026 14:45,15.1986,71.339,14.2835,2.116
8646,4/28/2026 15:00,15.1855,71.512,14.2803,2.093
8647,4/28/2026 15:15,15.1786,71.512,14.2816,2.074
8648,4/28/2026 15:30,15.1701,71.512,14.281,2.055
8649,4/28/2026 15:45,15.1633,71.512,14.2794,2.043
8650,4/28/2026 16:00,15.156,71.339,14.2801,2.025
8651,4/28/2026 16:15,15.1475,71.339,14.2788,2.008
8652,4/28/2026 16:30,15.144,71.339,14.2781,2.002
8653,4/28/2026 16:45,15.1389,71.339,14.2791,1.988
8654,4/28/2026 17:00,15.1321,71.339,14.28,1.97
8655,4/28/2026 17:15,15.1269,71.339,14.2839,1.949
8656,4/28/2026 17:30,15.1264,71.168,14.2843,1.947
8657,4/28/2026 17:45,15.1231,71.168,14.2833,1.941
8658,4/28/2026 18:00,15.1179,71.168,14.2855,1.924
8659,4/28/2026 18:15,15.1179,71.168,14.29,1.914
8660,4/28/2026 18:30,15.1174,70.995,14.2901,1.912
8661,4/28/2026 18:45,15.1187,70.824,14.2952,1.904
8662,4/28/2026 19:00,15.1238,70.824,14.2946,1.917
8663,4/28/2026 19:15,15.1234,70.651,14.2949,1.915
8664,4/28/2026 19:30,15.1269,70.651,14.2971,1.918
8665,4/28/2026 19:45,15.128,70.48,14.3035,1.906
8666,4/28/2026 20:00,15.128,70.48,14.3078,1.896
8667,4/28/2026 20:15,15.1293,70.308,14.3099,1.894
8668,4/28/2026 20:30,15.1311,70.308,14.3139,1.889
8669,4/28/2026 20:45,15.134,70.137,14.3164,1.89
8670,4/28/2026 21:00,15.1318,69.964,14.3189,1.879
8671,4/28/2026 21:15,15.1335,69.964,14.3213,1.877
8672,4/28/2026 21:30,15.1364,69.793,14.3222,1.882
8673,4/28/2026 21:45,15.1343,69.622,14.3225,1.876
8674,4/28/2026 22:00,15.1343,69.622,14.3235,1.874
8675,4/28/2026 22:15,15.1321,69.449,14.3268,1.861
8676,4/28/2026 22:30,15.1305,69.449,14.3231,1.866
8677,4/28/2026 22:45,15.13,69.278,14.3235,1.864
8678,4/28/2026 23:00,15.13,69.278,14.3244,1.862
8679,4/28/2026 23:15,15.1295,69.107,14.3238,1.862
8680,4/28/2026 23:30,15.1329,69.107,14.3232,1.871
8681,4/28/2026 23:45,15.1343,68.934,14.3219,1.877
8682,4/29/2026 0:00,15.129,68.934,14.3189,1.872
8683,4/29/2026 0:15,15.1269,68.763,14.3167,1.872
8684,4/29/2026 0:30,15.1218,68.763,14.3146,1.865
8685,4/29/2026 0:45,15.1163,68.592,14.3125,1.858
8686,4/29/2026 1:00,15.1128,68.592,14.3119,1.851
8687,4/29/2026 1:15,15.1145,68.592,14.3081,1.864
8688,4/29/2026 1:30,15.1158,68.421,14.3091,1.864
8689,4/29/2026 1:45,15.1192,68.421,14.3086,1.873
8690,4/29/2026 2:00,15.1238,68.248,14.3033,1.896
8691,4/29/2026 2:15,15.1256,68.248,14.3033,1.9
8692,4/29/2026 2:30,15.1256,68.248,14.2996,1.909
8693,4/29/2026 2:45,15.12,68.077,14.299,1.897
8694,4/29/2026 3:00,15.1234,68.077,14.3014,1.899
8695,4/29/2026 3:15,15.1212,67.906,14.2993,1.899
8696,4/29/2026 3:30,15.128,67.906,14.2956,1.923
8697,4/29/2026 3:45,15.1379,67.735,14.2981,1.94
8698,4/29/2026 4:00,15.143,67.735,14.3022,1.943
8699,4/29/2026 4:15,15.1425,67.564,14.3,1.947
8700,4/29/2026 4:30,15.1443,67.564,14.2994,1.952
8701,4/29/2026 4:45,15.146,67.564,14.3003,1.954
8702,4/29/2026 5:00,15.1403,67.392,14.3028,1.935
8703,4/29/2026 5:15,15.1403,67.392,14.3022,1.937
8704,4/29/2026 5:30,15.1382,67.221,14.3052,1.925
8705,4/29/2026 5:45,15.1382,67.221,14.3062,1.922
8706,4/29/2026 6:00,15.1366,67.221,14.3123,1.905
8707,4/29/2026 6:15,15.1377,67.05,14.3123,1.907
8708,4/29/2026 6:30,15.136,67.05,14.3139,1.899
8709,4/29/2026 6:45,15.1377,67.05,14.3164,1.898
8710,4/29/2026 7:00,15.1395,67.05,14.3215,1.89
8711,4/29/2026 7:15,15.1412,67.05,14.319,1.9
8712,4/29/2026 7:30,15.1412,67.05,14.3197,1.898
8713,4/29/2026 7:45,15.1463,67.05,14.322,1.904
8714,4/29/2026 8:00,15.1498,67.05,14.326,1.903
8715,4/29/2026 8:15,15.1498,67.05,14.33,1.894
8716,4/29/2026 8:30,15.1531,67.05,14.3323,1.896
8717,4/29/2026 8:45,15.1518,67.221,14.3348,1.888
8718,4/29/2026 9:00,15.1518,67.221,14.3342,1.889
8719,4/29/2026 9:15,15.1524,67.392,14.3351,1.888
8720,4/29/2026 9:30,15.1511,67.564,14.3367,1.882
8721,4/29/2026 9:45,15.146,67.564,14.3351,1.874
8722,4/29/2026 10:00,15.1451,67.906,14.3354,1.871
8723,4/29/2026 10:15,15.1434,67.906,14.3409,1.854
8724,4/29/2026 10:30,15.1438,68.077,14.3397,1.858
8725,4/29/2026 10:45,15.1392,68.248,14.3392,1.849
8726,4/29/2026 11:00,15.1332,68.592,14.3342,1.846
8727,4/29/2026 11:15,15.1321,68.763,14.3336,1.845
8728,4/29/2026 11:30,15.1279,69.107,14.3316,1.84
8729,4/29/2026 11:45,15.1237,69.449,14.3299,1.835
8730,4/29/2026 12:00,15.125,69.964,14.3289,1.84
8731,4/29/2026 12:15,15.2335,70.308,14.3296,2.089
8732,4/29/2026 12:30,15.2365,70.824,14.3277,2.101
8733,4/29/2026 12:45,15.2327,71.339,14.3281,2.091
8734,4/29/2026 13:00,15.2291,71.856,14.3244,2.092
8735,4/29/2026 13:15,15.2181,72.199,14.3189,2.079
8736,4/29/2026 13:30,15.2104,72.545,14.3146,2.071
8737,4/29/2026 13:45,15.2091,72.718,14.3155,2.066
8738,4/29/2026 14:00,15.204,72.718,14.3173,2.05
8739,4/29/2026 14:15,15.204,72.718,14.3144,2.057
8740,4/29/2026 14:30,15.1939,72.718,14.3107,2.042
8741,4/29/2026 14:45,15.1904,72.718,14.3075,2.041
8742,4/29/2026 15:00,15.1904,72.718,14.3057,2.046
8743,4/29/2026 15:15,15.1899,72.545,14.3084,2.038
8744,4/29/2026 15:30,15.1831,72.545,14.3032,2.035
8745,4/29/2026 15:45,15.1775,72.372,14.3007,2.027
8746,4/29/2026 16:00,15.1741,72.372,14.302,2.016
8747,4/29/2026 16:15,15.1685,72.199,14.2999,2.008
8748,4/29/2026 16:30,15.1646,72.028,14.2964,2.007
8749,4/29/2026 16:45,15.1624,71.856,14.2988,1.996
8750,4/29/2026 17:00,15.162,71.683,14.2996,1.994
8751,4/29/2026 17:15,15.1598,71.512,14.2988,1.99
8752,4/29/2026 17:30,15.1576,71.339,14.2999,1.983
8753,4/29/2026 17:45,15.1572,71.168,14.3045,1.971
8754,4/29/2026 18:00,15.1567,70.995,14.3042,1.971
8755,4/29/2026 18:15,15.1495,70.824,14.3059,1.95
8756,4/29/2026 18:30,15.1541,70.651,14.3072,1.958
8757,4/29/2026 18:45,15.1537,70.48,14.312,1.945
8758,4/29/2026 19:00,15.1533,70.308,14.3117,1.945
8759,4/29/2026 19:15,15.1528,70.137,14.3126,1.942
8760,4/29/2026 19:30,15.154,69.964,14.3151,1.939
8761,4/29/2026 19:45,15.1553,69.793,14.3183,1.935
8762,4/29/2026 20:00,15.1553,69.793,14.3207,1.929
8763,4/29/2026 20:15,15.1564,69.622,14.32,1.933
8764,4/29/2026 20:30,15.1543,69.449,14.3219,1.924
8765,4/29/2026 20:45,15.1573,69.278,14.3228,1.929
8766,4/29/2026 21:00,15.1591,69.278,14.3247,1.928
8767,4/29/2026 21:15,15.2474,69.107,14.3271,2.127
8768,4/29/2026 21:30,15.3322,68.934,14.329,2.319
8769,4/29/2026 21:45,15.3472,68.763,14.3315,2.347
8770,4/29/2026 22:00,15.3415,68.592,14.3323,2.332
8771,4/29/2026 22:15,15.3428,68.421,14.3318,2.336
8772,4/29/2026 22:30,15.3393,68.421,14.3326,2.326
8773,4/29/2026 22:45,15.3321,68.248,14.329,2.318
8774,4/29/2026 23:00,15.3338,68.248,14.33,2.32
8775,4/29/2026 23:15,15.327,68.248,14.3345,2.294
8776,4/29/2026 23:30,15.3235,68.248,14.3309,2.294
8777,4/29/2026 23:45,15.3218,68.248,14.3273,2.298
8778,4/30/2026 0:00,15.3196,68.077,14.3273,2.293
8779,4/30/2026 0:15,15.3196,68.077,14.3281,2.291
8780,4/30/2026 0:30,15.3163,68.077,14.3251,2.29
8781,4/30/2026 0:45,15.3128,68.077,14.3229,2.287
8782,4/30/2026 1:00,15.3124,67.906,14.3223,2.288
8783,4/30/2026 1:15,15.3141,67.906,14.3141,2.311
8784,4/30/2026 1:30,15.3158,67.906,14.3157,2.311
8785,4/30/2026 1:45,15.3154,67.735,14.3119,2.319
8786,4/30/2026 2:00,15.3137,67.735,14.3088,2.322
8787,4/30/2026 2:15,15.3132,67.564,14.3067,2.326
8788,4/30/2026 2:30,15.3097,67.564,14.3052,2.321
8789,4/30/2026 2:45,15.3064,67.564,14.3046,2.315
8790,4/30/2026 3:00,15.3029,67.564,14.3061,2.303
8791,4/30/2026 3:15,15.3008,67.392,14.3009,2.31
8792,4/30/2026 3:30,15.2939,67.392,14.3025,2.291
8793,4/30/2026 3:45,15.2939,67.392,14.2994,2.298
8794,4/30/2026 4:00,15.2974,67.392,14.3041,2.295
8795,4/30/2026 4:15,15.2935,67.221,14.2988,2.298
8796,4/30/2026 4:30,15.2952,67.221,14.3033,2.292
8797,4/30/2026 4:45,15.2986,67.221,14.3019,2.303
8798,4/30/2026 5:00,15.2952,67.221,14.3049,2.288
8799,4/30/2026 5:15,15.3003,67.221,14.309,2.291
8800,4/30/2026 5:30,15.2964,67.05,14.3074,2.285
8801,4/30/2026 5:45,15.3102,67.05,14.3104,2.31
8802,4/30/2026 6:00,15.3153,67.05,14.3151,2.311
8803,4/30/2026 6:15,15.3118,67.05,14.3165,2.3
8804,4/30/2026 6:30,15.3084,67.05,14.3197,2.285
8805,4/30/2026 6:45,15.3067,67.05,14.3212,2.277
8806,4/30/2026 7:00,15.3084,67.05,14.3212,2.281
8807,4/30/2026 7:15,15.317,67.05,14.3242,2.294
8808,4/30/2026 7:30,15.3238,67.05,14.3248,2.308
8809,4/30/2026 7:45,15.3272,67.05,14.3255,2.314
8810,4/30/2026 8:00,15.3306,67.05,14.3281,2.316
8811,4/30/2026 8:15,15.3324,67.05,14.3264,2.324
8812,4/30/2026 8:30,15.343,67.221,14.3293,2.342
8813,4/30/2026 8:45,15.3447,67.221,14.3287,2.348
8814,4/30/2026 9:00,15.3464,67.221,14.3332,2.341
8815,4/30/2026 9:15,15.352,67.392,14.3312,2.359
8816,4/30/2026 9:30,15.3588,67.392,14.3326,2.371
8817,4/30/2026 9:45,15.3662,67.564,14.3332,2.387
8818,4/30/2026 10:00,15.3682,67.735,14.3335,2.391
8819,4/30/2026 10:15,15.3739,67.906,14.3338,2.403
8820,4/30/2026 10:30,15.3765,68.248,14.3332,2.411
8821,4/30/2026 10:45,15.3718,68.421,14.332,2.403
8822,4/30/2026 11:00,15.3676,68.763,14.3309,2.396
8823,4/30/2026 11:15,15.3646,68.934,14.3312,2.388
8824,4/30/2026 11:30,15.3604,69.278,14.3276,2.387
8825,4/30/2026 11:45,15.3562,69.622,14.3287,2.375
8826,4/30/2026 12:00,15.3537,69.964,14.326,2.375
8827,4/30/2026 12:15,15.3495,70.308,14.3248,2.369
8828,4/30/2026 12:30,15.3453,70.651,14.3236,2.362
8829,4/30/2026 12:45,15.3411,70.995,14.3187,2.363
8830,4/30/2026 13:00,15.3364,71.168,14.317,2.357
8831,4/30/2026 13:15,15.3335,71.339,14.3145,2.356
8832,4/30/2026 13:30,15.3328,71.683,14.3133,2.357
8833,4/30/2026 13:45,15.3311,71.683,14.3107,2.359
8834,4/30/2026 14:00,15.3315,71.856,14.3104,2.361
8835,4/30/2026 14:15,15.3258,71.683,14.3077,2.354
8836,4/30/2026 14:30,15.3225,71.683,14.3074,2.347
8837,4/30/2026 14:45,15.319,71.683,14.3019,2.351
8838,4/30/2026 15:00,15.3144,71.856,14.3032,2.338
8839,4/30/2026 15:15,15.3105,71.683,14.2977,2.341
8840,4/30/2026 15:30,15.3071,71.683,14.2993,2.33
8841,4/30/2026 15:45,15.3032,71.512,14.3009,2.317
8842,4/30/2026 16:00,15.3028,71.339,14.2993,2.32
8843,4/30/2026 16:15,15.2989,71.168,14.3019,2.305
8844,4/30/2026 16:30,15.2951,70.995,14.2978,2.305
8845,4/30/2026 16:45,15.2934,70.995,14.2981,2.301
8846,4/30/2026 17:00,15.2912,70.824,14.2994,2.293
8847,4/30/2026 17:15,15.2923,70.651,14.3016,2.29
8848,4/30/2026 17:30,15.2936,70.48,14.3007,2.295
8849,4/30/2026 17:45,15.2864,70.308,14.3022,2.275
8850,4/30/2026 18:00,15.291,70.137,14.3025,2.285
8851,4/30/2026 18:15,15.2906,69.964,14.3042,2.28
8852,4/30/2026 18:30,15.2871,69.964,14.3058,2.268
8853,4/30/2026 18:45,15.2816,69.793,14.307,2.253
8854,4/30/2026 19:00,15.2816,69.793,14.3116,2.242
8855,4/30/2026 19:15,15.2845,69.622,14.3125,2.247
8856,4/30/2026 19:30,15.2863,69.622,14.312,2.252
8857,4/30/2026 19:45,15.2876,69.449,14.3167,2.244
8858,4/30/2026 20:00,15.2892,69.449,14.3167,2.248
8859,4/30/2026 20:15,15.2905,69.278,14.3175,2.249
8860,4/30/2026 20:30,15.2922,69.278,14.321,2.245
8861,4/30/2026 20:45,15.2922,69.278,14.3228,2.241
8862,4/30/2026 21:00,15.2918,69.107,14.3216,2.242
8863,4/30/2026 21:15,15.2865,69.107,14.3225,2.228
8864,4/30/2026 21:30,15.29,69.107,14.3228,2.235
8865,4/30/2026 21:45,15.2861,68.934,14.3247,2.222
8866,4/30/2026 22:00,15.2844,68.934,14.3235,2.221
8867,4/30/2026 22:15,15.2844,68.934,14.3258,2.215
8868,4/30/2026 22:30,15.2828,68.934,14.3262,2.211
8869,4/30/2026 22:45,15.2789,68.763,14.3225,2.21
8870,4/30/2026 23:00,15.2822,68.763,14.3265,2.209
8871,4/30/2026 23:15,15.2771,68.763,14.3244,2.202
8872,4/30/2026 23:30,15.2789,68.763,14.3222,2.211
8873,4/30/2026 23:45,15.2771,68.763,14.3232,2.205
8874,5/1/2026 0:00,15.2749,68.592,14.3241,2.197
8875,5/1/2026 0:15,15.2699,68.592,14.3158,2.205
8876,5/1/2026 0:30,15.2664,68.592,14.313,2.203
8877,5/1/2026 0:45,15.2664,68.592,14.3155,2.197
8878,5/1/2026 1:00,15.2659,68.421,14.3133,2.201
8879,5/1/2026 1:15,15.2659,68.421,14.3072,2.215
8880,5/1/2026 1:30,15.2574,68.421,14.3036,2.204
8881,5/1/2026 1:45,15.2506,68.421,14.3051,2.185
8882,5/1/2026 2:00,15.2438,68.421,14.3029,2.174
8883,5/1/2026 2:15,15.2404,68.421,14.3014,2.17
8884,5/1/2026 2:30,15.2365,68.248,14.3023,2.159
8885,5/1/2026 2:45,15.2314,68.248,14.3009,2.15
8886,5/1/2026 3:00,15.2297,68.248,14.3017,2.144
8887,5/1/2026 3:15,15.2297,68.248,14.3017,2.144
8888,5/1/2026 3:30,15.2262,68.248,14.2981,2.145
8889,5/1/2026 3:45,15.2343,68.077,14.2965,2.167
8890,5/1/2026 4:00,15.2343,68.077,14.2965,2.167
8891,5/1/2026 4:15,15.2394,68.077,14.2975,2.177
8892,5/1/2026 4:30,15.2446,68.077,14.2968,2.19
8893,5/1/2026 4:45,15.2514,68.077,14.2938,2.213
8894,5/1/2026 5:00,15.2578,67.906,14.2978,2.218
8895,5/1/2026 5:15,15.2578,67.906,14.2948,2.225
8896,5/1/2026 5:30,15.2629,67.906,14.2942,2.238
8897,5/1/2026 5:45,15.2664,67.906,14.2942,2.247
8898,5/1/2026 6:00,15.2715,67.906,14.2956,2.255
8899,5/1/2026 6:15,15.28,67.906,14.2951,2.276
8900,5/1/2026 6:30,15.288,67.735,14.2967,2.291
8901,5/1/2026 6:45,15.3,67.735,14.3012,2.308
8902,5/1/2026 7:00,15.3119,67.735,14.3028,2.332
8903,5/1/2026 7:15,15.3187,67.735,14.3028,2.348
8904,5/1/2026 7:30,15.329,67.735,14.3052,2.366
8905,5/1/2026 7:45,15.3409,67.735,14.3083,2.386
8906,5/1/2026 8:00,15.358,67.735,14.3113,2.419
8907,5/1/2026 8:15,15.3768,67.735,14.3144,2.455
8908,5/1/2026 8:30,15.3904,67.735,14.3165,2.481
8909,5/1/2026 8:45,15.4075,67.735,14.3125,2.53
8910,5/1/2026 9:00,15.4195,67.735,14.3132,2.556
8911,5/1/2026 9:15,15.4301,67.906,14.3107,2.587
8912,5/1/2026 9:30,15.4472,67.906,14.3125,2.622
8913,5/1/2026 9:45,15.4728,67.906,14.3152,2.675
8914,5/1/2026 10:00,15.4916,67.906,14.3144,2.72
8915,5/1/2026 10:15,15.5172,67.906,14.3158,2.776
8916,5/1/2026 10:30,15.5393,67.906,14.3112,2.838
8917,5/1/2026 10:45,15.5433,68.077,14.309,2.852
8918,5/1/2026 11:00,15.5604,68.077,14.31,2.889
8919,5/1/2026 11:15,15.5779,68.248,14.3068,2.937
8920,5/1/2026 11:30,15.6069,68.248,14.3054,3.008
8921,5/1/2026 11:45,15.6274,68.248,14.3051,3.056
8922,5/1/2026 12:00,15.6478,68.248,14.3068,3.099
8923,5/1/2026 12:15,15.6177,68.421,14.3016,3.041
8924,5/1/2026 12:30,15.6232,68.592,14.2988,3.061
8925,5/1/2026 12:45,15.6146,68.592,14.2977,3.043
8926,5/1/2026 13:00,15.6061,68.592,14.2962,3.027
8927,5/1/2026 13:15,15.5891,68.592,14.2943,2.992
8928,5/1/2026 13:30,15.5771,68.592,14.2927,2.968
8929,5/1/2026 13:45,15.5515,68.592,14.2882,2.919
8930,5/1/2026 14:00,15.543,68.592,14.2833,2.911
8931,5/1/2026 14:15,15.5417,68.763,14.2843,2.906
8932,5/1/2026 14:30,15.5438,68.934,14.2829,2.914
8933,5/1/2026 14:45,15.5375,69.107,14.2801,2.906
8934,5/1/2026 15:00,15.5388,68.934,14.2798,2.909
8935,5/1/2026 15:15,15.5473,68.934,14.2811,2.926
8936,5/1/2026 15:30,15.557,68.763,14.2793,2.953
8937,5/1/2026 15:45,15.557,68.763,14.2772,2.958
8938,5/1/2026 16:00,15.5583,68.592,14.2761,2.963
8939,5/1/2026 16:15,15.5549,68.592,14.2761,2.955
8940,5/1/2026 16:30,15.5652,68.592,14.2777,2.975
8941,5/1/2026 16:45,15.5685,68.592,14.2807,2.976
8942,5/1/2026 17:00,15.5749,68.421,14.279,2.995
8943,5/1/2026 17:15,15.5698,68.421,14.2785,2.984
8944,5/1/2026 17:30,15.5813,68.248,14.2836,2.999
8945,5/1/2026 17:45,15.5881,68.248,14.2836,3.014
8946,5/1/2026 18:00,15.5723,68.077,14.2867,2.971
8947,5/1/2026 18:15,15.5621,68.077,14.2859,2.949
8948,5/1/2026 18:30,15.5672,68.077,14.2898,2.952
8949,5/1/2026 18:45,15.5463,67.906,14.2903,2.902
8950,5/1/2026 19:00,15.5446,67.906,14.29,2.899
8951,5/1/2026 19:15,15.5475,67.735,14.2939,2.897
8952,5/1/2026 19:30,15.5288,67.735,14.2961,2.848
8953,5/1/2026 19:45,15.5235,67.735,14.2974,2.833
8954,5/1/2026 20:00,15.527,67.735,14.3004,2.834
8955,5/1/2026 20:15,15.5214,67.564,14.3026,2.816
8956,5/1/2026 20:30,15.5129,67.564,14.3062,2.788
8957,5/1/2026 20:45,15.5129,67.564,14.3062,2.788
8958,5/1/2026 21:00,15.5061,67.564,14.3087,2.767
8959,5/1/2026 21:15,15.5026,67.564,14.312,2.751
8960,5/1/2026 21:30,15.4954,67.392,14.313,2.732
8961,5/1/2026 21:45,15.4919,67.392,14.3148,2.72
8962,5/1/2026 22:00,15.4902,67.392,14.3142,2.717
8963,5/1/2026 22:15,15.48,67.392,14.3136,2.695
8964,5/1/2026 22:30,15.471,67.221,14.313,2.676
8965,5/1/2026 22:45,15.4728,67.221,14.313,2.68
8966,5/1/2026 23:00,15.459,67.221,14.3125,2.649
8967,5/1/2026 23:15,15.459,67.221,14.3103,2.654
8968,5/1/2026 23:30,15.4557,67.221,14.3081,2.652
8969,5/1/2026 23:45,15.4454,67.221,14.3112,2.621
8970,5/2/2026 0:00,15.4471,67.221,14.3106,2.626
8971,5/2/2026 0:15,15.4416,67.05,14.3054,2.625
8972,5/2/2026 0:30,15.4348,67.05,14.3064,2.607
8973,5/2/2026 0:45,15.4381,67.05,14.3017,2.626
8974,5/2/2026 1:00,15.4381,67.05,14.298,2.634
8975,5/2/2026 1:15,15.4467,67.05,14.2959,2.659
8976,5/2/2026 1:30,15.4517,67.05,14.2929,2.678
8977,5/2/2026 1:45,15.4599,66.879,14.2907,2.701
8978,5/2/2026 2:00,15.4838,66.879,14.2891,2.76
8979,5/2/2026 2:15,15.5282,66.879,14.2839,2.875
8980,5/2/2026 2:30,15.552,66.879,14.2849,2.928
8981,5/2/2026 2:45,15.5759,66.879,14.2827,2.988
8982,5/2/2026 3:00,15.5895,66.879,14.2806,3.024
8983,5/2/2026 3:15,15.5858,66.708,14.283,3.01
8984,5/2/2026 3:30,15.5976,66.708,14.2824,3.039
8985,5/2/2026 3:45,15.5942,66.708,14.2803,3.036
8986,5/2/2026 4:00,15.5788,66.708,14.2797,3.002
8987,5/2/2026 4:15,15.5874,66.708,14.2782,3.025
8988,5/2/2026 4:30,15.5818,66.537,14.2777,3.013
8989,5/2/2026 4:45,15.5768,66.537,14.2791,2.998
8990,5/2/2026 5:00,15.5682,66.537,14.2816,2.973
8991,5/2/2026 5:15,15.5494,66.537,14.2816,2.929
8992,5/2/2026 5:30,15.5511,66.537,14.2794,2.938
8993,5/2/2026 5:45,15.5489,66.366,14.281,2.929
8994,5/2/2026 6:00,15.5353,66.366,14.281,2.898
8995,5/2/2026 6:15,15.5388,66.366,14.284,2.899
8996,5/2/2026 6:30,15.537,66.366,14.2856,2.891
8997,5/2/2026 6:45,15.5335,66.366,14.2887,2.876
8998,5/2/2026 7:00,15.537,66.366,14.2877,2.886
8999,5/2/2026 7:15,15.5375,66.537,14.2909,2.88
9000,5/2/2026 7:30,15.5579,66.537,14.2945,2.919
9001,5/2/2026 7:45,15.5768,66.537,14.2967,2.958
9002,5/2/2026 8:00,15.5904,66.537,14.2978,2.986
9003,5/2/2026 8:15,15.604,66.537,14.2968,3.02
9004,5/2/2026 8:30,15.6227,66.537,14.2978,3.061
9005,5/2/2026 8:45,15.6449,66.537,14.2935,3.122
9006,5/2/2026 9:00,15.6625,66.708,14.2952,3.159
9007,5/2/2026 9:15,15.6607,66.708,14.2958,3.154
9008,5/2/2026 9:30,15.6647,66.879,14.2971,3.16
9009,5/2/2026 9:45,15.6596,66.879,14.2983,3.145
9010,5/2/2026 10:00,15.6668,67.05,14.3016,3.154
9011,5/2/2026 10:15,15.6651,67.05,14.3007,3.152
9012,5/2/2026 10:30,15.6417,67.221,14.3001,3.1
9013,5/2/2026 10:45,15.6354,67.392,14.3004,3.085
9014,5/2/2026 11:00,15.6114,67.392,14.2999,3.031
9015,5/2/2026 11:15,15.5932,67.564,14.3016,2.984
9016,5/2/2026 11:30,15.5833,67.735,14.2952,2.976
9017,5/2/2026 11:45,15.5701,67.906,14.293,2.951
9018,5/2/2026 12:00,15.5723,68.077,14.291,2.961
9019,5/2/2026 12:15,15.5795,68.248,14.2919,2.976
9020,5/2/2026 12:30,15.5766,68.421,14.2877,2.979
9021,5/2/2026 12:45,15.5707,68.763,14.2865,2.968
9022,5/2/2026 13:00,15.5913,68.763,14.2862,3.016
9023,5/2/2026 13:15,15.5742,68.763,14.2822,2.986
9024,5/2/2026 13:30,15.5702,68.592,14.2788,2.984
9025,5/2/2026 13:45,15.5724,68.763,14.2752,2.998
9026,5/2/2026 14:00,15.552,68.763,14.2742,2.953
9027,5/2/2026 14:15,15.5485,68.763,14.2703,2.954
9028,5/2/2026 14:30,15.5447,68.592,14.269,2.948
9029,5/2/2026 14:45,15.5379,68.592,14.2645,2.943
9030,5/2/2026 15:00,15.5379,68.592,14.2624,2.948
9031,5/2/2026 15:15,15.5348,68.763,14.2582,2.95
9032,5/2/2026 15:30,15.528,68.763,14.2547,2.943
9033,5/2/2026 15:45,15.5537,68.763,14.2574,2.996
9034,5/2/2026 16:00,15.5553,68.763,14.261,2.991
9035,5/2/2026 16:15,15.5844,68.763,14.2624,3.055
9036,5/2/2026 16:30,15.5839,68.592,14.2588,3.062
9037,5/2/2026 16:45,15.601,68.592,14.2598,3.099
9038,5/2/2026 17:00,15.6177,68.421,14.2624,3.132
9039,5/2/2026 17:15,15.6091,68.421,14.2603,3.117
9040,5/2/2026 17:30,15.6261,68.421,14.2659,3.143
9041,5/2/2026 17:45,15.6245,68.421,14.2643,3.143
9042,5/2/2026 18:00,15.5988,68.421,14.2661,3.08
9043,5/2/2026 18:15,15.6278,68.421,14.2716,3.134
9044,5/2/2026 18:30,15.65,68.421,14.2729,3.182
9045,5/2/2026 18:45,15.641,68.248,14.2721,3.163
9046,5/2/2026 19:00,15.6615,68.248,14.2729,3.209
9047,5/2/2026 19:15,15.6786,68.248,14.2768,3.239
9048,5/2/2026 19:30,15.6953,68.077,14.2752,3.282
9049,5/2/2026 19:45,15.6918,68.077,14.2766,3.27
9050,5/2/2026 20:00,15.7021,68.077,14.2817,3.282
9051,5/2/2026 20:15,15.7105,68.077,14.2855,3.293
9052,5/2/2026 20:30,15.719,68.077,14.2861,3.311
9053,5/2/2026 20:45,15.7089,68.077,14.2888,3.282
9054,5/2/2026 21:00,15.7015,67.906,14.2906,3.26
9055,5/2/2026 21:15,15.6913,67.906,14.2887,3.241
9056,5/2/2026 21:30,15.7015,67.906,14.2922,3.257
9057,5/2/2026 21:45,15.6879,67.906,14.2985,3.21
9058,5/2/2026 22:00,15.6725,67.906,14.3019,3.167
9059,5/2/2026 22:15,15.6841,67.735,14.3043,3.188
9060,5/2/2026 22:30,15.6892,67.735,14.3078,3.192
9061,5/2/2026 22:45,15.6602,67.735,14.3071,3.127
9062,5/2/2026 23:00,15.6824,67.735,14.3126,3.165
9063,5/2/2026 23:15,15.6841,67.735,14.3136,3.167
9064,5/2/2026 23:30,15.6751,67.564,14.313,3.147
9065,5/2/2026 23:45,15.6835,67.564,14.3139,3.165
9066,5/3/2026 0:00,15.6853,67.564,14.3117,3.174
9067,5/3/2026 0:15,15.6989,67.564,14.3096,3.21
9068,5/3/2026 0:30,15.7024,67.564,14.3059,3.227
9069,5/3/2026 0:45,15.7173,67.392,14.3054,3.263
9070,5/3/2026 1:00,15.7035,67.392,14.3026,3.237
9071,5/3/2026 1:15,15.7206,67.392,14.302,3.278
9072,5/3/2026 1:30,15.7014,67.221,14.2993,3.24
9073,5/3/2026 1:45,15.7082,67.221,14.2987,3.257
9074,5/3/2026 2:00,15.7202,67.221,14.2965,3.29
9075,5/3/2026 2:15,15.6895,67.221,14.2929,3.227
9076,5/3/2026 2:30,15.6941,67.05,14.2913,3.241
9077,5/3/2026 2:45,15.6873,67.05,14.2891,3.231
9078,5/3/2026 3:00,15.6702,67.05,14.2901,3.189
9079,5/3/2026 3:15,15.6992,67.05,14.2885,3.259
9080,5/3/2026 3:30,15.6686,67.05,14.2901,3.185
9081,5/3/2026 3:45,15.6719,67.05,14.2901,3.193
9082,5/3/2026 4:00,15.6958,67.05,14.2901,3.248
9083,5/3/2026 4:15,15.6908,67.05,14.2901,3.236
9084,5/3/2026 4:30,15.6873,67.05,14.288,3.233
9085,5/3/2026 4:45,15.6958,67.05,14.288,3.253
9086,5/3/2026 5:00,15.7095,67.05,14.2896,3.281
9087,5/3/2026 5:15,15.6839,67.05,14.2896,3.222
9088,5/3/2026 5:30,15.6886,66.879,14.2888,3.234
9089,5/3/2026 5:45,15.7108,66.879,14.2888,3.285
9090,5/3/2026 6:00,15.704,66.879,14.2888,3.27
9091,5/3/2026 6:15,15.7005,66.879,14.2913,3.256
9092,5/3/2026 6:30,15.7108,66.879,14.2975,3.265
9093,5/3/2026 6:45,15.7073,66.879,14.2975,3.257
9094,5/3/2026 7:00,15.7005,66.879,14.2996,3.237
9095,5/3/2026 7:15,15.7005,66.879,14.3033,3.228
9096,5/3/2026 7:30,15.7124,66.879,14.3054,3.251
9097,5/3/2026 7:45,15.7056,66.879,14.3091,3.226
9098,5/3/2026 8:00,15.6941,67.05,14.3087,3.201
9099,5/3/2026 8:15,15.6924,67.05,14.309,3.196
9100,5/3/2026 8:30,15.6771,67.05,14.3109,3.157
9101,5/3/2026 8:45,15.6702,67.05,14.312,3.138
9102,5/3/2026 9:00,15.6792,67.221,14.3109,3.162
9103,5/3/2026 9:15,15.6723,67.221,14.3142,3.138
9104,5/3/2026 9:30,15.6609,67.392,14.3145,3.111
9105,5/3/2026 9:45,15.6545,67.564,14.3117,3.103
9106,5/3/2026 10:00,15.6481,67.735,14.3142,3.082
9107,5/3/2026 10:15,15.6384,67.906,14.3142,3.06
9108,5/3/2026 10:30,15.6509,68.077,14.3167,3.083
9109,5/3/2026 10:45,15.641,68.248,14.3152,3.064
9110,5/3/2026 11:00,15.6381,68.421,14.313,3.062
9111,5/3/2026 11:15,15.6403,68.592,14.3132,3.067
9112,5/3/2026 11:30,15.6236,68.763,14.3096,3.037
9113,5/3/2026 11:45,15.6019,68.934,14.3075,2.991
9114,5/3/2026 12:00,15.6036,68.934,14.3039,3.004
9115,5/3/2026 12:15,15.5772,69.278,14.2994,2.953
9116,5/3/2026 12:30,15.5829,69.449,14.301,2.963
9117,5/3/2026 12:45,15.5684,69.793,14.2983,2.936
9118,5/3/2026 13:00,15.5604,69.964,14.2967,2.921
9119,5/3/2026 13:15,15.5437,70.137,14.2965,2.883
9120,5/3/2026 13:30,15.5454,70.137,14.294,2.892
9121,5/3/2026 13:45,15.5391,70.308,14.2946,2.876
9122,5/3/2026 14:00,15.5305,70.308,14.2897,2.868
9123,5/3/2026 14:15,15.5362,70.48,14.2888,2.883
9124,5/3/2026 14:30,15.5237,70.308,14.2885,2.855
9125,5/3/2026 14:45,15.5118,70.308,14.2861,2.833
9126,5/3/2026 15:00,15.505,70.308,14.2858,2.818
9127,5/3/2026 15:15,15.5011,70.137,14.2874,2.805
9128,5/3/2026 15:30,15.4874,70.137,14.2898,2.768
9129,5/3/2026 15:45,15.4989,69.964,14.2927,2.788
9130,5/3/2026 16:00,15.5022,69.964,14.292,2.797
9131,5/3/2026 16:15,15.4916,69.793,14.2923,2.772
9132,5/3/2026 16:30,15.4932,69.793,14.2906,2.78
9133,5/3/2026 16:45,15.4945,69.622,14.2916,2.78
9134,5/3/2026 17:00,15.4945,69.622,14.2935,2.776
9135,5/3/2026 17:15,15.5042,69.449,14.2903,2.806
9136,5/3/2026 17:30,15.5042,69.449,14.2964,2.792
9137,5/3/2026 17:45,15.5214,69.449,14.2935,2.838
9138,5/3/2026 18:00,15.526,69.278,14.301,2.831
9139,5/3/2026 18:15,15.5414,69.278,14.3006,2.868
9140,5/3/2026 18:30,15.5431,69.278,14.3003,2.872
9141,5/3/2026 18:45,15.5528,69.107,14.3036,2.887
9142,5/3/2026 19:00,15.5546,69.107,14.307,2.883
9143,5/3/2026 19:15,15.5592,68.934,14.3106,2.886
9144,5/3/2026 19:30,15.5643,68.934,14.3097,2.899
9145,5/3/2026 19:45,15.5473,68.934,14.3122,2.854
9146,5/3/2026 20:00,15.5724,68.763,14.3207,2.893
9147,5/3/2026 20:15,15.586,68.763,14.32,2.926
9148,5/3/2026 20:30,15.5827,68.763,14.3219,2.914
9149,5/3/2026 20:45,15.5827,68.763,14.3222,2.913
9150,5/3/2026 21:00,15.5839,68.592,14.321,2.918
9151,5/3/2026 21:15,15.5856,68.592,14.3222,2.92
9152,5/3/2026 21:30,15.5907,68.592,14.3255,2.924
9153,5/3/2026 21:45,15.5988,68.421,14.329,2.934
9154,5/3/2026 22:00,15.6142,68.421,14.3293,2.969
9155,5/3/2026 22:15,15.6223,68.248,14.3318,2.982
9156,5/3/2026 22:30,15.6445,68.248,14.3274,3.044
9157,5/3/2026 22:45,15.6445,68.248,14.3283,3.042
9158,5/3/2026 23:00,15.6474,68.077,14.3247,3.057
9159,5/3/2026 23:15,15.6406,68.077,14.3271,3.035
9160,5/3/2026 23:30,15.6439,68.077,14.3235,3.051
9161,5/3/2026 23:45,15.6371,68.077,14.3228,3.037
9162,5/4/2026 0:00,15.6491,68.077,14.3232,3.064
9163,5/4/2026 0:15,15.6303,68.077,14.3241,3.018
9164,5/4/2026 0:30,15.6316,67.906,14.3164,3.039
9165,5/4/2026 0:45,15.6281,67.906,14.3174,3.029
9166,5/4/2026 1:00,15.6213,67.906,14.3152,3.018
9167,5/4/2026 1:15,15.6175,67.735,14.3146,3.011
9168,5/4/2026 1:30,15.6158,67.735,14.3115,3.014
9169,5/4/2026 1:45,15.6004,67.735,14.3084,2.985
9170,5/4/2026 2:00,15.5936,67.735,14.3048,2.978
9171,5/4/2026 2:15,15.5969,67.735,14.2996,2.998
9172,5/4/2026 2:30,15.6,67.564,14.3012,3.001
9173,5/4/2026 2:45,15.5914,67.564,14.3004,2.983
9174,5/4/2026 3:00,15.5863,67.564,14.3014,2.969
9175,5/4/2026 3:15,15.5811,67.564,14.2978,2.965
9176,5/4/2026 3:30,15.5824,67.392,14.2971,2.97
9177,5/4/2026 3:45,15.5705,67.392,14.2965,2.944
9178,5/4/2026 4:00,15.567,67.392,14.2981,2.932
9179,5/4/2026 4:15,15.5517,67.392,14.299,2.895
9180,5/4/2026 4:30,15.5567,67.392,14.2968,2.911
9181,5/4/2026 4:45,15.5512,67.221,14.3,2.891
9182,5/4/2026 5:00,15.5462,67.221,14.3025,2.874
9183,5/4/2026 5:15,15.5546,67.221,14.3039,2.89
9184,5/4/2026 5:30,15.5444,67.221,14.3033,2.868
9185,5/4/2026 5:45,15.5427,67.221,14.308,2.853
9186,5/4/2026 6:00,15.5409,67.221,14.3042,2.858
9187,5/4/2026 6:15,15.5478,67.221,14.3074,2.866
9188,5/4/2026 6:30,15.5405,67.05,14.3119,2.839
9189,5/4/2026 6:45,15.5341,67.221,14.3157,2.815
9190,5/4/2026 7:00,15.5341,67.221,14.3207,2.804
9191,5/4/2026 7:15,15.5427,67.221,14.3215,2.822
9192,5/4/2026 7:30,15.5427,67.221,14.3251,2.813
9193,5/4/2026 7:45,15.5393,67.221,14.3287,2.797
9194,5/4/2026 8:00,15.5444,67.221,14.3278,2.811
9195,5/4/2026 8:15,15.5462,67.221,14.329,2.812
9196,5/4/2026 8:30,15.5483,67.392,14.3262,2.824
9197,5/4/2026 8:45,15.5636,67.392,14.3274,2.856
9198,5/4/2026 9:00,15.5773,67.392,14.3302,2.882
9199,5/4/2026 9:15,15.6029,67.392,14.3274,2.947
9200,5/4/2026 9:30,15.6011,67.392,14.3265,2.945
9201,5/4/2026 9:45,15.6153,67.564,14.3255,2.98
9202,5/4/2026 10:00,15.5914,67.564,14.3299,2.915
9203,5/4/2026 10:15,15.6323,67.564,14.3296,3.01
9204,5/4/2026 10:30,15.6327,67.735,14.3286,3.014
9205,5/4/2026 10:45,15.6362,67.735,14.3274,3.024
9206,5/4/2026 11:00,15.6281,67.906,14.3262,3.008
9207,5/4/2026 11:15,15.6269,68.077,14.3255,3.007
9208,5/4/2026 11:30,15.6223,68.248,14.3283,2.99
9209,5/4/2026 11:45,15.6256,68.248,14.326,3.003
9210,5/4/2026 12:00,15.6069,68.248,14.3241,2.965
9211,5/4/2026 12:15,15.6069,68.248,14.3232,2.967
9212,5/4/2026 12:30,15.5955,68.421,14.3222,2.942
9213,5/4/2026 12:45,15.5903,68.421,14.3207,2.934
9214,5/4/2026 13:00,15.5856,68.592,14.32,2.925
9215,5/4/2026 13:15,15.5856,68.592,14.3167,2.932
9216,5/4/2026 13:30,15.5895,68.763,14.3167,2.942
9217,5/4/2026 13:45,15.5913,68.763,14.3167,2.946
9218,5/4/2026 14:00,15.5913,68.763,14.3155,2.948
9219,5/4/2026 14:15,15.5981,68.763,14.3142,2.967
9220,5/4/2026 14:30,15.6185,68.763,14.313,3.017
9221,5/4/2026 14:45,15.6066,68.763,14.3115,2.993
9222,5/4/2026 15:00,15.6207,68.934,14.309,3.031
9223,5/4/2026 15:15,15.6378,68.934,14.3087,3.072
9224,5/4/2026 15:30,15.6634,68.934,14.3057,3.138
9225,5/4/2026 15:45,15.66,68.934,14.3051,3.131
9226,5/4/2026 16:00,15.648,68.934,14.3013,3.112
9227,5/4/2026 16:15,15.6719,68.934,14.2977,3.176
9228,5/4/2026 16:30,15.6752,68.934,14.2983,3.182
9229,5/4/2026 16:45,15.7044,68.934,14.3007,3.244
9230,5/4/2026 17:00,15.7106,68.763,14.2974,3.266
9231,5/4/2026 17:15,15.7073,68.763,14.2971,3.259
9232,5/4/2026 17:30,15.7346,68.763,14.2999,3.316
9233,5/4/2026 17:45,15.7517,68.763,14.301,3.353
9234,5/4/2026 18:00,15.7517,68.763,14.2983,3.359
9235,5/4/2026 18:15,15.7431,68.763,14.3016,3.331
9236,5/4/2026 18:30,15.7704,68.763,14.3019,3.394
9237,5/4/2026 18:45,15.7717,68.592,14.3023,3.396
9238,5/4/2026 19:00,15.7785,68.592,14.3054,3.404
9239,5/4/2026 19:15,15.7972,68.592,14.3054,3.448
9240,5/4/2026 19:30,15.8104,68.421,14.3054,3.478
9241,5/4/2026 19:45,15.795,68.421,14.3062,3.441
9242,5/4/2026 20:00,15.8172,68.421,14.3057,3.493
9243,5/4/2026 20:15,15.8293,68.421,14.3057,3.521
9244,5/4/2026 20:30,15.8719,68.421,14.3065,3.617
9245,5/4/2026 20:45,15.8583,68.421,14.3106,3.577
9246,5/4/2026 21:00,15.8754,68.421,14.312,3.613
9247,5/4/2026 21:15,15.8754,68.421,14.313,3.61
9248,5/4/2026 21:30,15.8651,68.421,14.3145,3.583
9249,5/4/2026 21:45,15.8924,68.421,14.3177,3.639
9250,5/4/2026 22:00,15.9112,68.421,14.317,3.684
9251,5/4/2026 22:15,15.8766,68.248,14.3133,3.612
9252,5/4/2026 22:30,15.8425,68.248,14.3103,3.541
9253,5/4/2026 22:45,15.8475,68.248,14.3097,3.554
9254,5/4/2026 23:00,15.8664,68.248,14.3112,3.594
9255,5/4/2026 23:15,15.8664,68.248,14.3097,3.597
9256,5/4/2026 23:30,15.8726,68.077,14.3081,3.615
9257,5/4/2026 23:45,15.8847,68.077,14.309,3.641
9258,5/5/2026 0:00,15.8829,68.077,14.3045,3.648
9259,5/5/2026 0:15,15.8539,68.077,14.3007,3.589
9260,5/5/2026 0:30,15.842,68.077,14.2993,3.565
9261,5/5/2026 0:45,15.8795,68.077,14.2993,3.652
9262,5/5/2026 1:00,15.8522,68.077,14.2955,3.597
9263,5/5/2026 1:15,15.85,67.906,14.2904,3.604
9264,5/5/2026 1:30,15.8568,67.906,14.2888,3.623
9265,5/5/2026 1:45,15.8586,67.906,14.2858,3.634
9266,5/5/2026 2:00,15.8193,67.906,14.2822,3.552
9267,5/5/2026 2:15,15.8056,67.906,14.2806,3.524
9268,5/5/2026 2:30,15.8091,67.906,14.2784,3.537
9269,5/5/2026 2:45,15.7869,67.906,14.2739,3.496
9270,5/5/2026 3:00,15.7903,67.906,14.2784,3.494
9271,5/5/2026 3:15,15.7459,67.906,14.2732,3.403
9272,5/5/2026 3:30,15.7557,67.735,14.2701,3.433
9273,5/5/2026 3:45,15.7215,67.735,14.2711,3.351
9274,5/5/2026 4:00,15.7147,67.735,14.272,3.334
9275,5/5/2026 4:15,15.667,67.735,14.2714,3.225
9276,5/5/2026 4:30,15.6784,67.564,14.2739,3.245
9277,5/5/2026 4:45,15.6681,67.564,14.2739,3.222
9278,5/5/2026 5:00,15.6459,67.564,14.2717,3.175
9279,5/5/2026 5:15,15.6477,67.564,14.2711,3.181
9280,5/5/2026 5:30,15.6255,67.564,14.2727,3.126
9281,5/5/2026 5:45,15.6323,67.564,14.2782,3.129
9282,5/5/2026 6:00,15.6085,67.564,14.2791,3.072
9283,5/5/2026 6:15,15.6165,67.392,14.2807,3.087
9284,5/5/2026 6:30,15.5961,67.392,14.2801,3.041
9285,5/5/2026 6:45,15.5926,67.392,14.2832,3.026
9286,5/5/2026 7:00,15.5943,67.392,14.2852,3.025
9287,5/5/2026 7:15,15.582,67.221,14.2874,2.991
9288,5/5/2026 7:30,15.5649,67.221,14.2917,2.942
9289,5/5/2026 7:45,15.5785,67.221,14.2929,2.971
9290,5/5/2026 8:00,15.5684,67.221,14.2946,2.943
9291,5/5/2026 8:15,15.5534,67.392,14.2971,2.903
9292,5/5/2026 8:30,15.5534,67.392,14.2949,2.908
9293,5/5/2026 8:45,15.5483,67.392,14.2985,2.888
9294,5/5/2026 9:00,15.5453,67.564,14.2977,2.883
9295,5/5/2026 9:15,15.5457,67.735,14.2988,2.881
9296,5/5/2026 9:30,15.5309,67.906,14.301,2.842
9297,5/5/2026 9:45,15.5347,68.077,14.2996,2.854
9298,5/5/2026 10:00,15.5232,68.248,14.299,2.829
9299,5/5/2026 10:15,15.5203,68.421,14.3014,2.817
9300,5/5/2026 10:30,15.5109,68.763,14.3017,2.794
9301,5/5/2026 10:45,15.5109,68.763,14.2991,2.8
9302,5/5/2026 11:00,15.5025,68.763,14.3,2.779
9303,5/5/2026 11:15,15.4944,68.934,14.2958,2.77
9304,5/5/2026 11:30,15.4931,69.107,14.2977,2.763
9305,5/5/2026 11:45,15.4902,69.278,14.2951,2.762
9306,5/5/2026 12:00,15.4787,69.449,14.2948,2.736
9307,5/5/2026 12:15,15.4719,69.449,14.292,2.727
9308,5/5/2026 12:30,15.4752,69.449,14.2942,2.73
9309,5/5/2026 12:45,15.4723,69.622,14.288,2.737
9310,5/5/2026 13:00,15.4689,69.622,14.2858,2.734
9311,5/5/2026 13:15,15.462,69.622,14.2846,2.721
9312,5/5/2026 13:30,15.462,69.622,14.2829,2.725
9313,5/5/2026 13:45,15.4728,69.793,14.279,2.759
9314,5/5/2026 14:00,15.495,69.793,14.2787,2.811
9315,5/5/2026 14:15,15.5222,69.793,14.2732,2.887
9316,5/5/2026 14:30,15.5321,69.622,14.2737,2.908
9317,5/5/2026 14:45,15.5389,69.622,14.2735,2.925
9318,5/5/2026 15:00,15.5367,69.449,14.2694,2.929
9319,5/5/2026 15:15,15.5431,69.278,14.2668,2.95
9320,5/5/2026 15:30,15.538,69.278,14.2672,2.937
9321,5/5/2026 15:45,15.5465,69.278,14.2656,2.96
9322,5/5/2026 16:00,15.5401,69.449,14.2646,2.948
9323,5/5/2026 16:15,15.5295,69.278,14.262,2.929
9324,5/5/2026 16:30,15.5328,69.278,14.2645,2.931
9325,5/5/2026 16:45,15.5174,69.278,14.2623,2.901
9326,5/5/2026 17:00,15.5021,69.278,14.2624,2.865
9327,5/5/2026 17:15,15.5038,69.278,14.2643,2.865
9328,5/5/2026 17:30,15.4884,69.278,14.2634,2.831
9329,5/5/2026 17:45,15.4783,69.278,14.2643,2.806
9330,5/5/2026 18:00,15.4783,69.278,14.263,2.809
9331,5/5/2026 18:15,15.4645,69.278,14.2661,2.77
9332,5/5/2026 18:30,15.4645,69.278,14.2681,2.765
9333,5/5/2026 18:45,15.4629,69.278,14.2742,2.747
9334,5/5/2026 19:00,15.4573,69.107,14.274,2.735
9335,5/5/2026 19:15,15.4573,69.107,14.2756,2.731
9336,5/5/2026 19:30,15.4504,69.107,14.2768,2.712
9337,5/5/2026 19:45,15.4539,69.107,14.279,2.715
9338,5/5/2026 20:00,15.4449,68.934,14.2807,2.691
9339,5/5/2026 20:15,15.45,68.934,14.2872,2.687
9340,5/5/2026 20:30,15.4483,68.934,14.2853,2.688
9341,5/5/2026 20:45,15.4414,68.934,14.2887,2.664
9342,5/5/2026 21:00,15.4364,68.934,14.2914,2.646
9343,5/5/2026 21:15,15.4311,68.934,14.2949,2.626
9344,5/5/2026 21:30,15.4291,68.763,14.2977,2.615
9345,5/5/2026 21:45,15.4256,68.763,14.2955,2.612
9346,5/5/2026 22:00,15.4171,68.763,14.2958,2.591
9347,5/5/2026 22:15,15.4137,68.763,14.2993,2.576
9348,5/5/2026 22:30,15.4098,68.592,14.2971,2.571
9349,5/5/2026 22:45,15.4098,68.592,14.2958,2.574
9350,5/5/2026 23:00,15.4026,68.421,14.2955,2.558
9351,5/5/2026 23:15,15.4026,68.421,14.2974,2.554
9352,5/5/2026 23:30,15.3905,68.421,14.2946,2.533
9353,5/5/2026 23:45,15.385,68.248,14.2965,2.515
9354,5/6/2026 0:00,15.3815,68.248,14.2932,2.515
9355,5/6/2026 0:15,15.3778,68.077,14.2959,2.5
9356,5/6/2026 0:30,15.3725,68.077,14.2933,2.494
9357,5/6/2026 0:45,15.3725,68.077,14.292,2.497
9358,5/6/2026 1:00,15.3721,67.906,14.2909,2.499
9359,5/6/2026 1:15,15.362,67.906,14.2826,2.494
9360,5/6/2026 1:30,15.3517,67.906,14.2804,2.475
9361,5/6/2026 1:45,15.3444,67.735,14.2707,2.481
9362,5/6/2026 2:00,15.3409,67.735,14.2695,2.476
9363,5/6/2026 2:15,15.3337,67.564,14.2663,2.466
9364,5/6/2026 2:30,15.3302,67.564,14.2643,2.463
9365,5/6/2026 2:45,15.3247,67.392,14.2668,2.444
9366,5/6/2026 3:00,15.3212,67.392,14.2632,2.445
9367,5/6/2026 3:15,15.3192,67.221,14.261,2.445
9368,5/6/2026 3:30,15.314,67.221,14.2681,2.417
9369,5/6/2026 3:45,15.3106,67.221,14.2643,2.418
9370,5/6/2026 4:00,15.3118,67.05,14.2668,2.415
9371,5/6/2026 4:15,15.3084,67.05,14.2662,2.408
9372,5/6/2026 4:30,15.3045,66.879,14.2678,2.395
9373,5/6/2026 4:45,15.3028,66.879,14.2656,2.396
9374,5/6/2026 5:00,15.3012,66.879,14.2666,2.39
9375,5/6/2026 5:15,15.299,66.708,14.2691,2.38
9376,5/6/2026 5:30,15.3008,66.708,14.2716,2.378
9377,5/6/2026 5:45,15.3008,66.708,14.273,2.375
9378,5/6/2026 6:00,15.2968,66.537,14.274,2.363
9379,5/6/2026 6:15,15.3002,66.537,14.278,2.362
9380,5/6/2026 6:30,15.2986,66.537,14.2749,2.365
9381,5/6/2026 6:45,15.3019,66.537,14.2765,2.369
9382,5/6/2026 7:00,15.2997,66.366,14.2798,2.356
9383,5/6/2026 7:15,15.3015,66.366,14.2827,2.354
9384,5/6/2026 7:30,15.31,66.366,14.2875,2.362
9385,5/6/2026 7:45,15.31,66.366,14.2936,2.348
9386,5/6/2026 8:00,15.3066,66.366,14.2926,2.343
9387,5/6/2026 8:15,15.3054,66.537,14.2956,2.333
9388,5/6/2026 8:30,15.3087,66.537,14.2971,2.337
9389,5/6/2026 8:45,15.3058,66.708,14.3001,2.324
9390,5/6/2026 9:00,15.3041,66.708,14.3026,2.314
9391,5/6/2026 9:15,15.3096,66.879,14.3004,2.332
9392,5/6/2026 9:30,15.3067,67.05,14.3013,2.323
9393,5/6/2026 9:45,15.3042,67.392,14.3054,2.308
9394,5/6/2026 10:00,15.3029,67.564,14.3062,2.303
9395,5/6/2026 10:15,15.2966,67.735,14.3038,2.294
9396,5/6/2026 10:30,15.3044,68.077,14.3075,2.304
9397,5/6/2026 10:45,15.2984,68.421,14.3052,2.295
9398,5/6/2026 11:00,15.2976,68.763,14.3043,2.295
9399,5/6/2026 11:15,15.2964,68.934,14.3059,2.289
9400,5/6/2026 11:30,15.2905,69.278,14.303,2.282
9401,5/6/2026 11:45,15.2892,69.449,14.2985,2.289
9402,5/6/2026 12:00,15.288,69.622,14.2977,2.289
9403,5/6/2026 12:15,15.2849,69.793,14.2964,2.285
9404,5/6/2026 12:30,15.2834,69.793,14.2956,2.283
9405,5/6/2026 12:45,15.2791,70.137,14.2927,2.28
9406,5/6/2026 13:00,15.2728,70.308,14.29,2.272
9407,5/6/2026 13:15,15.2686,70.651,14.291,2.26
9408,5/6/2026 13:30,15.2712,70.995,14.2882,2.272
9409,5/6/2026 13:45,15.2665,71.168,14.2894,2.259
9410,5/6/2026 14:00,15.263,71.168,14.2884,2.253
9411,5/6/2026 14:15,15.2601,71.339,14.2843,2.256
9412,5/6/2026 14:30,15.2533,71.339,14.2836,2.242
9413,5/6/2026 14:45,15.2498,71.339,14.2811,2.239
9414,5/6/2026 15:00,15.2469,71.512,14.2833,2.228
9415,5/6/2026 15:15,15.2417,71.512,14.2785,2.227
9416,5/6/2026 15:30,15.2401,71.512,14.2768,2.227
9417,5/6/2026 15:45,15.2349,71.512,14.2791,2.21
9418,5/6/2026 16:00,15.2333,71.512,14.2791,2.206
9419,5/6/2026 16:15,15.2281,71.512,14.2784,2.196
9420,5/6/2026 16:30,15.2248,71.512,14.2762,2.193
9421,5/6/2026 16:45,15.2248,71.512,14.2756,2.194
9422,5/6/2026 17:00,15.2213,71.512,14.2782,2.18
9423,5/6/2026 17:15,15.223,71.512,14.2761,2.189
9424,5/6/2026 17:30,15.2226,71.339,14.2769,2.186
9425,5/6/2026 17:45,15.2242,71.339,14.281,2.18
9426,5/6/2026 18:00,15.229,71.168,14.2801,2.193
9427,5/6/2026 18:15,15.229,71.168,14.2833,2.186
9428,5/6/2026 18:30,15.2301,70.995,14.2835,2.188
9429,5/6/2026 18:45,15.2279,70.824,14.2852,2.179
9430,5/6/2026 19:00,15.2314,70.824,14.2891,2.178
9431,5/6/2026 19:15,15.2348,70.824,14.2913,2.181
9432,5/6/2026 19:30,15.2361,70.651,14.2933,2.179
9433,5/6/2026 19:45,15.2378,70.651,14.2961,2.177
9434,5/6/2026 20:00,15.239,70.48,14.3023,2.165
9435,5/6/2026 20:15,15.239,70.48,14.302,2.166
9436,5/6/2026 20:30,15.2407,70.48,14.3026,2.168
9437,5/6/2026 20:45,15.2442,70.48,14.3065,2.167
9438,5/6/2026 21:00,15.242,70.308,14.309,2.157
9439,5/6/2026 21:15,15.2471,70.308,14.3115,2.163
9440,5/6/2026 21:30,15.2522,70.308,14.3155,2.165
9441,5/6/2026 21:45,15.2522,70.308,14.3158,2.164
9442,5/6/2026 22:00,15.2506,70.308,14.3145,2.164
9443,5/6/2026 22:15,15.25,70.137,14.3186,2.153
9444,5/6/2026 22:30,15.25,70.137,14.3173,2.156
9445,5/6/2026 22:45,15.25,70.137,14.3183,2.154
9446,5/6/2026 23:00,15.2449,70.137,14.3191,2.14
9447,5/6/2026 23:15,15.2432,70.137,14.3154,2.145
9448,5/6/2026 23:30,15.2416,70.137,14.3148,2.142
9449,5/6/2026 23:45,15.2398,70.137,14.3126,2.143
9450,5/7/2026 0:00,15.2364,70.137,14.3136,2.133
9451,5/7/2026 0:15,15.233,70.137,14.312,2.129
9452,5/7/2026 0:30,15.2313,70.137,14.3099,2.13
9453,5/7/2026 0:45,15.2278,70.137,14.3084,2.125
9454,5/7/2026 1:00,15.2381,70.137,14.3078,2.15
9455,5/7/2026 1:15,15.2359,69.964,14.3032,2.156
9456,5/7/2026 1:30,15.2256,69.964,14.301,2.137
9457,5/7/2026 1:45,15.2291,69.964,14.301,2.145
9458,5/7/2026 2:00,15.2359,69.964,14.3004,2.162
9459,5/7/2026 2:15,15.2564,69.964,14.2983,2.215
9460,5/7/2026 2:30,15.2458,69.793,14.2967,2.194
9461,5/7/2026 2:45,15.2337,69.793,14.2977,2.164
9462,5/7/2026 3:00,15.2269,69.793,14.2955,2.153
9463,5/7/2026 3:15,15.2248,69.622,14.2939,2.151
9464,5/7/2026 3:30,15.2298,69.622,14.2933,2.165
9465,5/7/2026 3:45,15.2197,69.622,14.2933,2.141
9466,5/7/2026 4:00,15.2129,69.622,14.2927,2.127
9467,5/7/2026 4:15,15.2089,69.449,14.2936,2.116
9468,5/7/2026 4:30,15.2039,69.449,14.2946,2.101
9469,5/7/2026 4:45,15.2021,69.449,14.2955,2.095
9470,5/7/2026 5:00,15.1986,69.449,14.2965,2.085
9471,5/7/2026 5:15,15.1949,69.278,14.299,2.071
9472,5/7/2026 5:30,15.1931,69.278,14.2999,2.065
9473,5/7/2026 5:45,15.1931,69.278,14.3001,2.064
9474,5/7/2026 6:00,15.1927,69.107,14.3012,2.06
9475,5/7/2026 6:15,15.1927,69.107,14.3036,2.055
9476,5/7/2026 6:30,15.1944,69.107,14.3067,2.052
9477,5/7/2026 6:45,15.194,68.934,14.3091,2.045
9478,5/7/2026 7:00,15.194,68.934,14.3128,2.037
9479,5/7/2026 7:15,15.1923,68.934,14.3119,2.035
9480,5/7/2026 7:30,15.1973,68.934,14.3191,2.03
9481,5/7/2026 7:45,15.1923,68.934,14.3189,2.019
9482,5/7/2026 8:00,15.1973,68.934,14.3177,2.033
9483,5/7/2026 8:15,15.2008,68.934,14.3225,2.03
9484,5/7/2026 8:30,15.2098,69.107,14.3241,2.047
9485,5/7/2026 8:45,15.2149,69.107,14.3235,2.06
9486,5/7/2026 9:00,15.2171,69.278,14.3268,2.057
9487,5/7/2026 9:15,15.2239,69.278,14.3271,2.073
9488,5/7/2026 9:30,15.2243,69.449,14.329,2.069
9489,5/7/2026 9:45,15.2243,69.449,14.3271,2.074
9490,5/7/2026 10:00,15.2197,69.622,14.3281,2.061
9491,5/7/2026 10:15,15.2201,69.793,14.326,2.067
9492,5/7/2026 10:30,15.212,69.964,14.3291,2.041
9493,5/7/2026 10:45,15.2108,70.137,14.3255,2.046
9494,5/7/2026 11:00,15.2066,70.48,14.3249,2.038
9495,5/7/2026 11:15,15.2036,70.651,14.3244,2.032
9496,5/7/2026 11:30,15.2024,70.824,14.3241,2.03
9497,5/7/2026 11:45,15.1994,70.995,14.3232,2.025
9498,5/7/2026 12:00,15.2029,70.995,14.3232,2.033
9499,5/7/2026 12:15,15.2016,71.168,14.322,2.033
9500,5/7/2026 12:30,15.2037,71.339,14.3157,2.053
9501,5/7/2026 12:45,15.1991,71.512,14.317,2.039
9502,5/7/2026 13:00,15.1978,71.683,14.317,2.036
9503,5/7/2026 13:15,15.1962,71.683,14.3142,2.039
9504,5/7/2026 13:30,15.1915,71.856,14.3136,2.03
9505,5/7/2026 13:45,15.1915,71.856,14.3096,2.039
9506,5/7/2026 14:00,15.1881,71.856,14.3081,2.034
9507,5/7/2026 14:15,15.1863,71.856,14.3068,2.033
9508,5/7/2026 14:30,15.183,71.856,14.3055,2.029
9509,5/7/2026 14:45,15.183,71.856,14.3058,2.028
9510,5/7/2026 15:00,15.1795,71.856,14.3052,2.021
9511,5/7/2026 15:15,15.1766,72.028,14.3036,2.018
9512,5/7/2026 15:30,15.1727,71.856,14.3009,2.016
9513,5/7/2026 15:45,15.1709,71.856,14.2965,2.022
9514,5/7/2026 16:00,15.1676,71.856,14.2961,2.015
9515,5/7/2026 16:15,15.1676,71.856,14.2969,2.013
9516,5/7/2026 16:30,15.1637,71.683,14.2964,2.005
9517,5/7/2026 16:45,15.1637,71.683,14.2914,2.017
9518,5/7/2026 17:00,15.1637,71.683,14.292,2.015
9519,5/7/2026 17:15,15.1654,71.683,14.2978,2.006
9520,5/7/2026 17:30,15.1734,71.512,14.299,2.022
9521,5/7/2026 17:45,15.1752,71.512,14.3023,2.018
9522,5/7/2026 18:00,15.182,71.512,14.3017,2.035
9523,5/7/2026 18:15,15.185,71.339,14.3045,2.036
9524,5/7/2026 18:30,15.185,71.339,14.3041,2.037
9525,5/7/2026 18:45,15.1897,71.168,14.3068,2.041
9526,5/7/2026 19:00,15.1879,71.168,14.3071,2.036
9527,5/7/2026 19:15,15.1862,71.168,14.3099,2.026
9528,5/7/2026 19:30,15.1875,70.995,14.3126,2.022
9529,5/7/2026 19:45,15.1875,70.995,14.3126,2.022
9530,5/7/2026 20:00,15.187,70.824,14.317,2.011
9531,5/7/2026 20:15,15.1921,70.824,14.3222,2.011
9532,5/7/2026 20:30,15.195,70.651,14.3283,2.004
9533,5/7/2026 20:45,15.1985,70.651,14.3283,2.012
9534,5/7/2026 21:00,15.2031,70.48,14.3307,2.017
9535,5/7/2026 21:15,15.2078,70.308,14.3302,2.029
9536,5/7/2026 21:30,15.2232,70.308,14.3326,2.058
9537,5/7/2026 21:45,15.2416,70.137,14.3357,2.094
9538,5/7/2026 22:00,15.2586,70.137,14.3335,2.138
9539,5/7/2026 22:15,15.2735,69.964,14.3315,2.177
9540,5/7/2026 22:30,15.2992,69.964,14.3323,2.235
9541,5/7/2026 22:45,15.3315,69.964,14.3318,2.311
9542,5/7/2026 23:00,15.3789,69.793,14.3296,2.425
9543,5/7/2026 23:15,15.4673,69.622,14.3265,2.636
9544,5/7/2026 23:30,15.4928,69.622,14.3258,2.697
9545,5/7/2026 23:45,15.5042,69.449,14.3216,2.733
9546,5/8/2026 0:00,15.5055,69.278,14.3194,2.741
9547,5/8/2026 0:15,15.5055,69.278,14.3189,2.743
9548,5/8/2026 0:30,15.4966,69.107,14.3161,2.728
9549,5/8/2026 0:45,15.4931,69.107,14.3125,2.729
9550,5/8/2026 1:00,15.4773,68.934,14.3133,2.69
9551,5/8/2026 1:15,15.4654,68.934,14.3075,2.676
9552,5/8/2026 1:30,15.4546,68.763,14.3054,2.656
9553,5/8/2026 1:45,15.4461,68.763,14.3064,2.634
9554,5/8/2026 2:00,15.4291,68.763,14.3042,2.6
9555,5/8/2026 2:15,15.4201,68.592,14.302,2.584
9556,5/8/2026 2:30,15.4098,68.592,14.3023,2.559
9557,5/8/2026 2:45,15.3923,68.421,14.3017,2.52
9558,5/8/2026 3:00,15.3837,68.421,14.2996,2.505
9559,5/8/2026 3:15,15.3696,68.248,14.2959,2.481
9560,5/8/2026 3:30,15.3628,68.248,14.2984,2.46
9561,5/8/2026 3:45,15.3538,68.077,14.2962,2.444
9562,5/8/2026 4:00,15.3453,68.077,14.2972,2.422
9563,5/8/2026 4:15,15.3398,67.906,14.2997,2.403
9564,5/8/2026 4:30,15.3312,67.906,14.3006,2.382
9565,5/8/2026 4:45,15.324,67.735,14.3016,2.362
9566,5/8/2026 5:00,15.3205,67.735,14.3016,2.354
9567,5/8/2026 5:15,15.3154,67.735,14.3041,2.337
9568,5/8/2026 5:30,15.3115,67.564,14.3049,2.326
9569,5/8/2026 5:45,15.3115,67.564,14.3028,2.331
9570,5/8/2026 6:00,15.3029,67.564,14.3058,2.304
9571,5/8/2026 6:15,15.3047,67.564,14.309,2.301
9572,5/8/2026 6:30,15.3042,67.392,14.3104,2.296
9573,5/8/2026 6:45,15.3008,67.392,14.3157,2.276
9574,5/8/2026 7:00,15.2974,67.392,14.3162,2.267
9575,5/8/2026 7:15,15.2957,67.392,14.3199,2.255
9576,5/8/2026 7:30,15.2957,67.392,14.3212,2.252
9577,5/8/2026 7:45,15.2906,67.392,14.3254,2.23
9578,5/8/2026 8:00,15.2906,67.392,14.3265,2.228
9579,5/8/2026 8:15,15.2842,67.564,14.326,2.214
9580,5/8/2026 8:30,15.2807,67.564,14.3281,2.201
9581,5/8/2026 8:45,15.2761,67.735,14.3249,2.198
9582,5/8/2026 9:00,15.268,67.906,14.3249,2.179
9583,5/8/2026 9:15,15.2612,67.906,14.328,2.156
9584,5/8/2026 9:30,15.2548,68.077,14.3249,2.149
9585,5/8/2026 9:45,15.2484,68.248,14.3207,2.144
9586,5/8/2026 10:00,15.2455,68.421,14.3235,2.131
9587,5/8/2026 10:15,15.2464,68.763,14.3213,2.138
9588,5/8/2026 10:30,15.2485,68.934,14.3254,2.133
9589,5/8/2026 10:45,15.2456,69.107,14.3226,2.133
9590,5/8/2026 11:00,15.2426,69.278,14.3199,2.133
9591,5/8/2026 11:15,15.2346,69.449,14.3187,2.117
9592,5/8/2026 11:30,15.2316,69.622,14.3184,2.111
9593,5/8/2026 11:45,15.2337,69.793,14.319,2.114
9594,5/8/2026 12:00,15.2274,69.964,14.3151,2.109
9595,5/8/2026 12:15,15.2227,70.137,14.3129,2.103
9596,5/8/2026 12:30,15.2181,70.308,14.3096,2.1
9597,5/8/2026 12:45,15.2088,70.651,14.3032,2.093
9598,5/8/2026 13:00,15.2053,70.651,14.302,2.088
9599,5/8/2026 13:15,15.2024,70.824,14.3039,2.077
9600,5/8/2026 13:30,15.1972,70.824,14.3054,2.062
9601,5/8/2026 13:45,15.1921,70.824,14.2968,2.07
9602,5/8/2026 14:00,15.1836,70.824,14.2962,2.051
9603,5/8/2026 14:15,15.1824,70.995,14.2977,2.045
9604,5/8/2026 14:30,15.1789,70.995,14.2968,2.039
9605,5/8/2026 14:45,15.1743,71.168,14.2951,2.032
9606,5/8/2026 15:00,15.1692,71.168,14.2964,2.018
9607,5/8/2026 15:15,15.1624,71.168,14.2939,2.008
9608,5/8/2026 15:30,15.156,71.339,14.2939,1.993
9609,5/8/2026 15:45,15.1543,71.339,14.2932,1.991
9610,5/8/2026 16:00,15.1492,71.339,14.2891,1.988
9611,5/8/2026 16:15,15.1422,71.339,14.2894,1.971
9612,5/8/2026 16:30,15.1406,71.339,14.2875,1.972
9613,5/8/2026 16:45,15.1354,71.339,14.2869,1.961
9614,5/8/2026 17:00,15.1338,71.339,14.2881,1.955
9615,5/8/2026 17:15,15.1354,71.339,14.2932,1.947
9616,5/8/2026 17:30,15.1321,71.339,14.2954,1.934
9617,5/8/2026 17:45,15.1338,71.339,14.2956,1.938
9618,5/8/2026 18:00,15.1332,71.168,14.2965,1.934
9619,5/8/2026 18:15,15.1332,71.168,14.2993,1.928
9620,5/8/2026 18:30,15.1401,71.168,14.3042,1.932
9621,5/8/2026 18:45,15.1418,71.168,14.3038,1.937
9622,5/8/2026 19:00,15.1396,70.995,14.3041,1.932
9623,5/8/2026 19:15,15.1431,70.995,14.312,1.921
9624,5/8/2026 19:30,15.1409,70.824,14.3109,1.919
9625,5/8/2026 19:45,15.1427,70.824,14.3117,1.921
9626,5/8/2026 20:00,15.1427,70.824,14.3136,1.916
9627,5/8/2026 20:15,15.1438,70.651,14.3115,1.924
9628,5/8/2026 20:30,15.1438,70.651,14.3145,1.917
9629,5/8/2026 20:45,15.1438,70.651,14.317,1.911
9630,5/8/2026 21:00,15.1416,70.48,14.3164,1.908
9631,5/8/2026 21:15,15.1451,70.48,14.3213,1.904
9632,5/8/2026 21:30,15.1434,70.48,14.317,1.91
9633,5/8/2026 21:45,15.1464,70.308,14.3225,1.905
9634,5/8/2026 22:00,15.148,70.308,14.3197,1.915
9635,5/8/2026 22:15,15.1476,70.137,14.3238,1.904
9636,5/8/2026 22:30,15.1493,70.137,14.3247,1.906
9637,5/8/2026 22:45,15.1472,69.964,14.3225,1.906
9638,5/8/2026 23:00,15.1421,69.964,14.321,1.898
9639,5/8/2026 23:15,15.1438,69.964,14.3225,1.898
9640,5/8/2026 23:30,15.1348,69.793,14.3189,1.886
9641,5/8/2026 23:45,15.1331,69.793,14.3142,1.893
9642,5/9/2026 0:00,15.1263,69.793,14.3096,1.888
9643,5/9/2026 0:15,15.1245,69.793,14.3081,1.887
9644,5/9/2026 0:30,15.1245,69.793,14.3081,1.887
9645,5/9/2026 0:45,15.1206,69.622,14.3065,1.882
9646,5/9/2026 1:00,15.1206,69.622,14.302,1.892
9647,5/9/2026 1:15,15.148,69.622,14.302,1.955
9648,5/9/2026 1:30,15.1411,69.622,14.2983,1.948
9649,5/9/2026 1:45,15.1514,69.622,14.2968,1.975
9650,5/9/2026 2:00,15.1839,69.622,14.293,2.059
9651,5/9/2026 2:15,15.1907,69.622,14.2916,2.078
9652,5/9/2026 2:30,15.1514,69.622,14.2894,1.992
9653,5/9/2026 2:45,15.1395,69.622,14.291,1.961
9654,5/9/2026 3:00,15.1237,69.449,14.2858,1.937
9655,5/9/2026 3:15,15.1168,69.449,14.2842,1.924
9656,5/9/2026 3:30,15.1099,69.449,14.2842,1.908
9657,5/9/2026 3:45,15.1083,69.449,14.2842,1.905
9658,5/9/2026 4:00,15.1044,69.278,14.2872,1.889
9659,5/9/2026 4:15,15.0993,69.278,14.2851,1.882
9660,5/9/2026 4:30,15.0958,69.278,14.2836,1.877
9661,5/9/2026 4:45,15.0941,69.278,14.283,1.874
9662,5/9/2026 5:00,15.089,69.278,14.2817,1.866
9663,5/9/2026 5:15,15.0936,69.107,14.2872,1.864
9664,5/9/2026 5:30,15.0954,69.107,14.2897,1.862
9665,5/9/2026 5:45,15.0903,69.107,14.2922,1.845
9666,5/9/2026 6:00,15.0932,68.934,14.2916,1.853
9667,5/9/2026 6:15,15.0932,68.934,14.294,1.847
9668,5/9/2026 6:30,15.0915,68.934,14.2965,1.837
9669,5/9/2026 6:45,15.0949,68.934,14.3006,1.836
9670,5/9/2026 7:00,15.0932,68.934,14.3026,1.827
9671,5/9/2026 7:15,15.0963,68.763,14.3058,1.827
9672,5/9/2026 7:30,15.0928,68.763,14.3086,1.812
9673,5/9/2026 7:45,15.0945,68.763,14.3097,1.814
9674,5/9/2026 8:00,15.0928,68.763,14.3084,1.813
9675,5/9/2026 8:15,15.0915,68.934,14.3072,1.812
9676,5/9/2026 8:30,15.0915,68.934,14.3075,1.812
9677,5/9/2026 8:45,15.0881,68.934,14.3078,1.803
9678,5/9/2026 9:00,15.0868,69.107,14.3059,1.805
9679,5/9/2026 9:15,15.0817,69.107,14.3071,1.79
9680,5/9/2026 9:30,15.0817,69.107,14.3106,1.782
9681,5/9/2026 9:45,15.0787,69.278,14.3062,1.785
9682,5/9/2026 10:00,15.0787,69.278,14.3051,1.788
9683,5/9/2026 10:15,15.0758,69.449,14.3068,1.777
9684,5/9/2026 10:30,15.0762,69.622,14.3078,1.776
9685,5/9/2026 10:45,15.0762,69.622,14.3065,1.779
9686,5/9/2026 11:00,15.0716,69.793,14.3029,1.777
9687,5/9/2026 11:15,15.0681,69.793,14.3038,1.767
9688,5/9/2026 11:30,15.0665,69.793,14.3022,1.767
9689,5/9/2026 11:45,15.063,69.793,14.2985,1.767
9690,5/9/2026 12:00,15.063,69.793,14.2985,1.767
9691,5/9/2026 12:15,15.0619,69.964,14.2977,1.766
9692,5/9/2026 12:30,15.0635,69.964,14.2946,1.777
9693,5/9/2026 12:45,15.0619,69.964,14.2922,1.779
9694,5/9/2026 13:00,15.0674,70.137,14.2906,1.796
9695,5/9/2026 13:15,15.0793,70.137,14.2862,1.833
9696,5/9/2026 13:30,15.0849,70.308,14.2845,1.85
9697,5/9/2026 13:45,15.0905,70.48,14.2832,1.866
9698,5/9/2026 14:00,15.0862,70.824,14.2826,1.858
9699,5/9/2026 14:15,15.0884,70.995,14.2798,1.869
9700,5/9/2026 14:30,15.0851,70.995,14.2787,1.864
9701,5/9/2026 14:45,15.0803,71.168,14.2784,1.854
9702,5/9/2026 15:00,15.0787,71.168,14.2753,1.857
9703,5/9/2026 15:15,15.0752,71.168,14.2753,1.849
9704,5/9/2026 15:30,15.0774,71.339,14.2698,1.867
9705,5/9/2026 15:45,15.0741,71.339,14.2717,1.855
9706,5/9/2026 16:00,15.0741,71.339,14.272,1.854
9707,5/9/2026 16:15,15.0723,71.339,14.2742,1.845
9708,5/9/2026 16:30,15.071,71.512,14.2711,1.849
9709,5/9/2026 16:45,15.071,71.512,14.273,1.845
9710,5/9/2026 17:00,15.0659,71.512,14.2726,1.834
9711,5/9/2026 17:15,15.0677,71.512,14.2745,1.834
9712,5/9/2026 17:30,15.0642,71.512,14.274,1.827
9713,5/9/2026 17:45,15.0693,71.512,14.2798,1.825
9714,5/9/2026 18:00,15.0642,71.512,14.2765,1.821
9715,5/9/2026 18:15,15.0693,71.512,14.2829,1.818
9716,5/9/2026 18:30,15.0677,71.512,14.2842,1.811
9717,5/9/2026 18:45,15.0677,71.512,14.2839,1.812
9718,5/9/2026 19:00,15.0642,71.512,14.2881,1.794
9719,5/9/2026 19:15,15.0659,71.512,14.2914,1.79
9720,5/9/2026 19:30,15.0677,71.512,14.2927,1.791
9721,5/9/2026 19:45,15.0688,71.339,14.2946,1.79
9722,5/9/2026 20:00,15.0723,71.339,14.2971,1.792
9723,5/9/2026 20:15,15.0706,71.339,14.3004,1.78
9724,5/9/2026 20:30,15.0706,71.339,14.3007,1.78
9725,5/9/2026 20:45,15.0701,71.168,14.3041,1.771
9726,5/9/2026 21:00,15.0701,71.168,14.3096,1.758
9727,5/9/2026 21:15,15.0701,71.168,14.3068,1.765
9728,5/9/2026 21:30,15.0662,70.995,14.3062,1.757
9729,5/9/2026 21:45,15.068,70.995,14.3087,1.755
9730,5/9/2026 22:00,15.0641,70.824,14.3103,1.742
9731,5/9/2026 22:15,15.0658,70.824,14.3112,1.744
9732,5/9/2026 22:30,15.0641,70.824,14.3128,1.737
9733,5/9/2026 22:45,15.0585,70.651,14.3122,1.725
9734,5/9/2026 23:00,15.0568,70.651,14.31,1.726
9735,5/9/2026 23:15,15.0581,70.48,14.313,1.722
9736,5/9/2026 23:30,15.0529,70.48,14.3084,1.721
9737,5/9/2026 23:45,15.0496,70.48,14.3064,1.718
9738,5/10/2026 0:00,15.0474,70.308,14.3064,1.713
9739,5/10/2026 0:15,15.0456,70.308,14.3017,1.719
9740,5/10/2026 0:30,15.0423,70.308,14.298,1.72
9741,5/10/2026 0:45,15.0388,70.308,14.2996,1.709
9742,5/10/2026 1:00,15.0384,70.137,14.2949,1.718
9743,5/10/2026 1:15,15.0333,70.137,14.2965,1.703
9744,5/10/2026 1:30,15.0333,70.137,14.2959,1.704
9745,5/10/2026 1:45,15.0316,70.137,14.2907,1.712
9746,5/10/2026 2:00,15.0277,69.964,14.2922,1.7
9747,5/10/2026 2:15,15.0294,69.964,14.2901,1.709
9748,5/10/2026 2:30,15.0311,69.964,14.2901,1.713
9749,5/10/2026 2:45,15.0294,69.964,14.2839,1.723
9750,5/10/2026 3:00,15.0323,69.793,14.2849,1.727
9751,5/10/2026 3:15,15.034,69.793,14.2819,1.738
9752,5/10/2026 3:30,15.034,69.793,14.2874,1.726
9753,5/10/2026 3:45,15.0353,69.622,14.2858,1.732
9754,5/10/2026 4:00,15.0369,69.622,14.2836,1.741
9755,5/10/2026 4:15,15.0404,69.622,14.2852,1.745
9756,5/10/2026 4:30,15.0365,69.449,14.2861,1.734
9757,5/10/2026 4:45,15.0365,69.449,14.2861,1.734
9758,5/10/2026 5:00,15.04,69.449,14.2855,1.744
9759,5/10/2026 5:15,15.0429,69.278,14.2901,1.74
9760,5/10/2026 5:30,15.0413,69.278,14.2901,1.736
9761,5/10/2026 5:45,15.0429,69.278,14.291,1.738
9762,5/10/2026 6:00,15.0395,69.278,14.291,1.73
9763,5/10/2026 6:15,15.0391,69.107,14.2956,1.718
9764,5/10/2026 6:30,15.0391,69.107,14.2972,1.715
9765,5/10/2026 6:45,15.0407,69.107,14.2987,1.715
9766,5/10/2026 7:00,15.0374,69.107,14.2987,1.707
9767,5/10/2026 7:15,15.0374,69.107,14.3025,1.698
9768,5/10/2026 7:30,15.0356,69.107,14.3036,1.692
9769,5/10/2026 7:45,15.0356,69.107,14.3058,1.687
9770,5/10/2026 8:00,15.0407,69.107,14.3054,1.699
9771,5/10/2026 8:15,15.0339,69.107,14.3051,1.684
9772,5/10/2026 8:30,15.0343,69.278,14.307,1.681
9773,5/10/2026 8:45,15.0327,69.278,14.3068,1.678
9774,5/10/2026 9:00,15.0349,69.449,14.3099,1.676
9775,5/10/2026 9:15,15.0314,69.449,14.3103,1.667
9776,5/10/2026 9:30,15.0319,69.622,14.3112,1.666
9777,5/10/2026 9:45,15.0307,69.793,14.312,1.661
9778,5/10/2026 10:00,15.0294,69.964,14.3139,1.654
9779,5/10/2026 10:15,15.0247,70.137,14.3112,1.649
9780,5/10/2026 10:30,15.0234,70.308,14.313,1.642
9781,5/10/2026 10:45,15.0239,70.48,14.3125,1.644
9782,5/10/2026 11:00,15.0256,70.48,14.3113,1.651
9783,5/10/2026 11:15,15.0227,70.651,14.3107,1.646
9784,5/10/2026 11:30,15.0218,70.995,14.3101,1.645
9785,5/10/2026 11:45,15.0172,71.168,14.3058,1.645
9786,5/10/2026 12:00,15.0147,71.512,14.3041,1.643
9787,5/10/2026 12:15,15.0134,71.683,14.3046,1.639
9788,5/10/2026 12:30,15.0139,71.856,14.2999,1.651
9789,5/10/2026 12:45,15.0063,72.199,14.301,1.631
9790,5/10/2026 13:00,15.0105,72.545,14.2971,1.65
9791,5/10/2026 13:15,15.0059,72.718,14.294,1.646
9792,5/10/2026 13:30,15.0116,72.891,14.2916,1.665
9793,5/10/2026 13:45,15.012,73.062,14.2891,1.671
9794,5/10/2026 14:00,15.0159,73.234,14.2891,1.681
9795,5/10/2026 14:15,15.0124,73.234,14.2872,1.677
9796,5/10/2026 14:30,15.0163,73.407,14.2894,1.681
9797,5/10/2026 14:45,15.0163,73.407,14.2877,1.685
9798,5/10/2026 15:00,15.0203,73.58,14.2898,1.689
9799,5/10/2026 15:15,15.0168,73.58,14.2913,1.678
9800,5/10/2026 15:30,15.0189,73.753,14.291,1.683
9801,5/10/2026 15:45,15.0139,73.753,14.2865,1.682
9802,5/10/2026 16:00,15.0108,73.926,14.2896,1.668
9803,5/10/2026 16:15,15.0087,73.753,14.2861,1.671
9804,5/10/2026 16:30,15.0071,73.753,14.2877,1.664
9805,5/10/2026 16:45,15.0075,73.926,14.2885,1.663
9806,5/10/2026 17:00,15.004,73.926,14.2888,1.654
9807,5/10/2026 17:15,15.0018,73.753,14.289,1.648
9808,5/10/2026 17:30,15.0018,73.753,14.2869,1.653
9809,5/10/2026 17:45,14.9985,73.753,14.2862,1.647
9810,5/10/2026 18:00,15.0002,73.753,14.2933,1.635
9811,5/10/2026 18:15,14.9968,73.753,14.2936,1.626
9812,5/10/2026 18:30,14.9968,73.753,14.291,1.632
9813,5/10/2026 18:45,14.9911,73.58,14.2913,1.618
9814,5/10/2026 19:00,14.9928,73.58,14.2906,1.624
9815,5/10/2026 19:15,14.9946,73.58,14.2946,1.619
9816,5/10/2026 19:30,14.9911,73.58,14.2952,1.609
9817,5/10/2026 19:45,14.9907,73.407,14.2961,1.606
9818,5/10/2026 20:00,14.9924,73.407,14.3004,1.6
9819,5/10/2026 20:15,14.9924,73.407,14.3019,1.597
9820,5/10/2026 20:30,14.992,73.234,14.3065,1.585
9821,5/10/2026 20:45,14.9937,73.234,14.3074,1.587
9822,5/10/2026 21:00,14.9937,73.234,14.3099,1.581
9823,5/10/2026 21:15,14.9931,73.062,14.3103,1.579
9824,5/10/2026 21:30,14.9931,73.062,14.3126,1.574
9825,5/10/2026 21:45,14.9915,73.062,14.3167,1.56
9826,5/10/2026 22:00,14.9949,73.062,14.3139,1.575
9827,5/10/2026 22:15,14.9927,72.891,14.3148,1.567
9828,5/10/2026 22:30,14.9894,72.891,14.3142,1.561
9829,5/10/2026 22:45,14.9876,72.891,14.3136,1.558
9830,5/10/2026 23:00,14.9889,72.718,14.3145,1.559
9831,5/10/2026 23:15,14.9854,72.718,14.3139,1.553
9832,5/10/2026 23:30,14.9821,72.718,14.3133,1.546
9833,5/10/2026 23:45,14.9821,72.718,14.3117,1.55
9834,5/11/2026 0:00,14.9782,72.545,14.3128,1.539
9835,5/11/2026 0:15,14.9747,72.545,14.3106,1.536
9836,5/11/2026 0:30,14.9696,72.545,14.3054,1.536
9837,5/11/2026 0:45,14.9657,72.372,14.3032,1.532
9838,5/11/2026 1:00,14.9606,72.372,14.301,1.525
9839,5/11/2026 1:15,14.9606,72.372,14.298,1.532
9840,5/11/2026 1:30,14.9556,72.372,14.2943,1.529
9841,5/11/2026 1:45,14.9517,72.199,14.2974,1.513
9842,5/11/2026 2:00,14.9482,72.199,14.2922,1.517
9843,5/11/2026 2:15,14.9466,72.199,14.2922,1.513
9844,5/11/2026 2:30,14.9444,72.028,14.2875,1.519
9845,5/11/2026 2:45,14.9409,72.028,14.2885,1.508
9846,5/11/2026 3:00,14.9392,72.028,14.2855,1.511
9847,5/11/2026 3:15,14.937,71.856,14.2848,1.508
9848,5/11/2026 3:30,14.9354,71.856,14.2858,1.502
9849,5/11/2026 3:45,14.937,71.856,14.2867,1.504
9850,5/11/2026 4:00,14.9332,71.683,14.283,1.503
9851,5/11/2026 4:15,14.9315,71.683,14.2855,1.493
9852,5/11/2026 4:30,14.9332,71.683,14.2819,1.506
9853,5/11/2026 4:45,14.9293,71.512,14.2827,1.495
9854,5/11/2026 5:00,14.9293,71.512,14.2836,1.493
9855,5/11/2026 5:15,14.9344,71.512,14.2822,1.508
9856,5/11/2026 5:30,14.934,71.339,14.2861,1.498
9857,5/11/2026 5:45,14.9374,71.339,14.2893,1.498
9858,5/11/2026 6:00,14.9374,71.339,14.2938,1.488
9859,5/11/2026 6:15,14.937,71.168,14.2948,1.485
9860,5/11/2026 6:30,14.9403,71.168,14.2932,1.496
9861,5/11/2026 6:45,14.9421,71.168,14.2948,1.496
9862,5/11/2026 7:00,14.9416,70.995,14.2978,1.488
9863,5/11/2026 7:15,14.9434,70.995,14.299,1.49
9864,5/11/2026 7:30,14.9434,70.995,14.3012,1.485
9865,5/11/2026 7:45,14.945,70.995,14.3009,1.489
9866,5/11/2026 8:00,14.945,70.995,14.3017,1.487
9867,5/11/2026 8:15,14.9467,70.995,14.3035,1.487
9868,5/11/2026 8:30,14.9454,71.168,14.3029,1.485
9869,5/11/2026 8:45,14.9472,71.168,14.3048,1.485
9870,5/11/2026 9:00,14.946,71.339,14.3062,1.479
9871,5/11/2026 9:15,14.9443,71.339,14.3035,1.481
9872,5/11/2026 9:30,14.9429,71.512,14.3029,1.48
9873,5/11/2026 9:45,14.9451,71.683,14.3054,1.479
9874,5/11/2026 10:00,14.946,72.028,14.3051,1.482
9875,5/11/2026 10:15,14.9448,72.199,14.3054,1.478
9876,5/11/2026 10:30,14.9402,72.372,14.3042,1.47
9877,5/11/2026 10:45,14.9406,72.545,14.3029,1.474
9878,5/11/2026 11:00,14.9393,72.718,14.2987,1.481
9879,5/11/2026 11:15,14.9364,72.891,14.2975,1.477
9880,5/11/2026 11:30,14.9334,73.062,14.2956,1.475
9881,5/11/2026 11:45,14.9327,73.407,14.2945,1.476
9882,5/11/2026 12:00,14.9297,73.58,14.2951,1.468
9883,5/11/2026 12:15,14.9284,73.753,14.2925,1.471
9884,5/11/2026 12:30,14.9271,73.926,14.2936,1.465
9885,5/11/2026 12:45,14.9247,74.271,14.2919,1.463
9886,5/11/2026 13:00,14.9235,74.446,14.2894,1.466
9887,5/11/2026 13:15,14.9261,74.791,14.2907,1.47
9888,5/11/2026 13:30,14.9248,74.964,14.2898,1.469
9889,5/11/2026 13:45,14.9219,75.139,14.288,1.466
9890,5/11/2026 14:00,14.9224,75.312,14.2877,1.468
9891,5/11/2026 14:15,14.9181,75.659,14.2851,1.464
9892,5/11/2026 14:30,14.917,75.832,14.2845,1.463
9893,5/11/2026 14:45,14.9135,75.832,14.2822,1.46
9894,5/11/2026 15:00,14.9106,76.006,14.284,1.449
9895,5/11/2026 15:15,14.9067,75.832,14.2856,1.437
9896,5/11/2026 15:30,14.8981,75.832,14.2843,1.42
9897,5/11/2026 15:45,14.8968,76.006,14.2813,1.424
9898,5/11/2026 16:00,14.8913,75.832,14.2826,1.408
9899,5/11/2026 16:15,14.8862,75.832,14.2801,1.402
9900,5/11/2026 16:30,14.8845,75.832,14.2807,1.397
9901,5/11/2026 16:45,14.8835,75.484,14.2807,1.394
9902,5/11/2026 17:00,14.8797,75.312,14.2793,1.389
9903,5/11/2026 17:15,14.8791,75.139,14.2838,1.377
9904,5/11/2026 17:30,14.877,74.964,14.2845,1.37
9905,5/11/2026 17:45,14.8765,74.791,14.2842,1.37
9906,5/11/2026 18:00,14.8748,74.791,14.2856,1.363
9907,5/11/2026 18:15,14.8743,74.619,14.2868,1.359
9908,5/11/2026 18:30,14.8722,74.446,14.2858,1.356
9909,5/11/2026 18:45,14.87,74.271,14.29,1.341
9910,5/11/2026 19:00,14.8717,74.271,14.2904,1.344
9911,5/11/2026 19:15,14.8713,74.098,14.2922,1.339
9912,5/11/2026 19:30,14.8691,73.926,14.2916,1.336
9913,5/11/2026 19:45,14.8691,73.926,14.2946,1.329
9914,5/11/2026 20:00,14.8687,73.753,14.2946,1.327
9915,5/11/2026 20:15,14.8665,73.58,14.2967,1.318
9916,5/11/2026 20:30,14.8683,73.58,14.2952,1.325
9917,5/11/2026 20:45,14.8677,73.407,14.2985,1.316
9918,5/11/2026 21:00,14.8672,73.234,14.3041,1.302
9919,5/11/2026 21:15,14.869,73.234,14.3029,1.309
9920,5/11/2026 21:30,14.8668,73.062,14.3046,1.3
9921,5/11/2026 21:45,14.8685,73.062,14.3051,1.303
9922,5/11/2026 22:00,14.8714,72.891,14.3054,1.309
9923,5/11/2026 22:15,14.8714,72.891,14.3093,1.3
9924,5/11/2026 22:30,14.871,72.718,14.3081,1.301
9925,5/11/2026 22:45,14.8693,72.718,14.3043,1.306
9926,5/11/2026 23:00,14.8671,72.545,14.3038,1.302
9927,5/11/2026 23:15,14.8671,72.545,14.3026,1.305
9928,5/11/2026 23:30,14.8638,72.545,14.2988,1.306
9929,5/11/2026 23:45,14.8581,72.372,14.2952,1.301
9930,5/12/2026 0:00,14.8598,72.372,14.293,1.31
9931,5/12/2026 0:15,14.8565,72.372,14.2961,1.296
9932,5/12/2026 0:30,14.8543,72.199,14.294,1.295
9933,5/12/2026 0:45,14.8508,72.199,14.2903,1.296
9934,5/12/2026 1:00,14.8508,72.199,14.2913,1.294
9935,5/12/2026 1:15,14.8487,72.028,14.2891,1.294
9936,5/12/2026 1:30,14.8453,72.028,14.2855,1.294
9937,5/12/2026 1:45,14.8419,72.028,14.2817,1.295
9938,5/12/2026 2:00,14.8381,71.856,14.2765,1.298
9939,5/12/2026 2:15,14.8346,71.856,14.2759,1.292
9940,5/12/2026 2:30,14.8278,71.856,14.2723,1.284
9941,5/12/2026 2:45,14.8307,71.683,14.2732,1.289
9942,5/12/2026 3:00,14.8324,71.683,14.2742,1.291
9943,5/12/2026 3:15,14.8274,71.683,14.272,1.284
9944,5/12/2026 3:30,14.8285,71.512,14.2714,1.288
9945,5/12/2026 3:45,14.8252,71.512,14.2729,1.277
9946,5/12/2026 4:00,14.8285,71.512,14.2708,1.289
9947,5/12/2026 4:15,14.8265,71.339,14.2753,1.274
9948,5/12/2026 4:30,14.8247,71.339,14.2687,1.285
9949,5/12/2026 4:45,14.823,71.339,14.2733,1.271
9950,5/12/2026 5:00,14.8247,71.339,14.2748,1.271
9951,5/12/2026 5:15,14.8298,71.339,14.2816,1.267
9952,5/12/2026 5:30,14.8333,71.339,14.2816,1.275
9953,5/12/2026 5:45,14.8316,71.339,14.2816,1.271
9954,5/12/2026 6:00,14.8333,71.339,14.284,1.27
9955,5/12/2026 6:15,14.8345,71.168,14.2855,1.269
9956,5/12/2026 6:30,14.8362,71.168,14.2885,1.266
9957,5/12/2026 6:45,14.8362,71.168,14.2871,1.269
9958,5/12/2026 7:00,14.8379,71.168,14.2901,1.266
9959,5/12/2026 7:15,14.8397,71.168,14.2938,1.262
9960,5/12/2026 7:30,14.8417,71.339,14.2951,1.264
9961,5/12/2026 7:45,14.8417,71.339,14.2946,1.265
9962,5/12/2026 8:00,14.8401,71.339,14.2935,1.264
9963,5/12/2026 8:15,14.8417,71.339,14.2965,1.26
9964,5/12/2026 8:30,14.8452,71.339,14.2988,1.263
9965,5/12/2026 8:45,14.8474,71.512,14.3023,1.26
9966,5/12/2026 9:00,14.8491,71.512,14.3004,1.268
9967,5/12/2026 9:15,14.8495,71.683,14.3016,1.267
9968,5/12/2026 9:30,14.8465,71.856,14.3016,1.26
9969,5/12/2026 9:45,14.8432,71.856,14.2999,1.256
9970,5/12/2026 10:00,14.8487,72.028,14.3016,1.265
9971,5/12/2026 10:15,14.844,72.199,14.2999,1.258
9972,5/12/2026 10:30,14.8429,72.372,14.2964,1.264
9973,5/12/2026 10:45,14.8455,72.718,14.3004,1.26
9974,5/12/2026 11:00,14.8424,72.891,14.2974,1.26
9975,5/12/2026 11:15,14.8446,73.062,14.3009,1.257
9976,5/12/2026 11:30,14.8417,73.234,14.2997,1.253
9977,5/12/2026 11:45,14.8408,73.58,14.2987,1.254
9978,5/12/2026 12:00,14.8362,73.753,14.2954,1.251
9979,5/12/2026 12:15,14.8355,74.098,14.2911,1.259
9980,5/12/2026 12:30,14.8334,74.619,14.2909,1.255
9981,5/12/2026 12:45,14.8356,74.791,14.2914,1.259
9982,5/12/2026 13:00,14.8326,74.964,14.2875,1.261
9983,5/12/2026 13:15,14.8275,74.964,14.2856,1.253
9984,5/12/2026 13:30,14.825,75.312,14.283,1.254
9985,5/12/2026 13:45,14.825,75.312,14.2858,1.247
9986,5/12/2026 14:00,14.8255,75.484,14.2836,1.253
9987,5/12/2026 14:15,14.8226,75.659,14.2846,1.244
9988,5/12/2026 14:30,14.8247,75.832,14.2838,1.251
9989,5/12/2026 14:45,14.8252,76.006,14.2829,1.254
9990,5/12/2026 15:00,14.8205,76.181,14.2811,1.248
9991,5/12/2026 15:15,14.8171,76.181,14.2793,1.244
9992,5/12/2026 15:30,14.8192,76.354,14.28,1.247
9993,5/12/2026 15:45,14.8201,76.703,14.2809,1.247
9994,5/12/2026 16:00,14.8218,76.703,14.2791,1.256
9995,5/12/2026 16:15,14.8192,76.354,14.278,1.252
9996,5/12/2026 16:30,14.8142,76.354,14.2708,1.257
9997,5/12/2026 16:45,14.8131,76.006,14.2739,1.247
9998,5/12/2026 17:00,14.8162,75.832,14.2771,1.247
9999,5/12/2026 17:15,14.8191,75.659,14.278,1.252
10000,5/12/2026 17:30,14.8187,75.484,14.2803,1.245
10001,5/12/2026 17:45,14.8216,75.312,14.2858,1.239
10002,5/12/2026 18:00,14.8229,75.139,14.283,1.249
10003,5/12/2026 18:15,14.8224,74.964,14.2851,1.243
10004,5/12/2026 18:30,14.8271,74.791,14.2865,1.25
10005,5/12/2026 18:45,14.8253,74.791,14.2869,1.245
10006,5/12/2026 19:00,14.8266,74.619,14.2926,1.235
10007,5/12/2026 19:15,14.8313,74.446,14.2981,1.233
10008,5/12/2026 19:30,14.8363,74.446,14.2996,1.241
10009,5/12/2026 19:45,14.8377,74.271,14.3001,1.243
10010,5/12/2026 20:00,14.841,74.271,14.3068,1.235
10011,5/12/2026 20:15,14.8423,74.098,14.3081,1.235
10012,5/12/2026 20:30,14.8423,74.098,14.3046,1.243
10013,5/12/2026 20:45,14.8435,73.926,14.3081,1.238
10014,5/12/2026 21:00,14.8469,73.926,14.3068,1.249
10015,5/12/2026 21:15,14.8435,73.926,14.3071,1.24
10016,5/12/2026 21:30,14.8465,73.753,14.3115,1.237
10017,5/12/2026 21:45,14.8498,73.753,14.3117,1.244
10018,5/12/2026 22:00,14.8494,73.58,14.3142,1.238
10019,5/12/2026 22:15,14.8443,73.58,14.31,1.236
10020,5/12/2026 22:30,14.8461,73.58,14.3139,1.231
10021,5/12/2026 22:45,14.8472,73.407,14.3087,1.245
10022,5/12/2026 23:00,14.8439,73.407,14.3051,1.246
10023,5/12/2026 23:15,14.845,73.234,14.309,1.24
10024,5/12/2026 23:30,14.845,73.234,14.307,1.244
10025,5/12/2026 23:45,14.8468,73.234,14.3064,1.25
10026,5/13/2026 0:00,14.8395,73.062,14.3032,1.24
10027,5/13/2026 0:15,14.8378,73.062,14.3042,1.234
10028,5/13/2026 0:30,14.8374,72.891,14.2996,1.243
10029,5/13/2026 0:45,14.8374,72.891,14.299,1.245
10030,5/13/2026 1:00,14.8317,72.718,14.2938,1.244
10031,5/13/2026 1:15,14.8317,72.718,14.2922,1.247
10032,5/13/2026 1:30,14.8284,72.718,14.2891,1.247
10033,5/13/2026 1:45,14.8245,72.545,14.2891,1.238
10034,5/13/2026 2:00,14.8227,72.545,14.2871,1.238
10035,5/13/2026 2:15,14.8205,72.372,14.2871,1.233
10036,5/13/2026 2:30,14.8172,72.372,14.2839,1.233
10037,5/13/2026 2:45,14.8172,72.372,14.2839,1.233
10038,5/13/2026 3:00,14.815,72.199,14.2809,1.235
10039,5/13/2026 3:15,14.8133,72.199,14.2772,1.239
10040,5/13/2026 3:30,14.8133,72.199,14.2772,1.239
10041,5/13/2026 3:45,14.8111,72.028,14.2803,1.227
10042,5/13/2026 4:00,14.8128,72.028,14.2797,1.233
10043,5/13/2026 4:15,14.8146,72.028,14.2811,1.233
10044,5/13/2026 4:30,14.8157,71.856,14.2791,1.241
10045,5/13/2026 4:45,14.8142,71.856,14.28,1.235
10046,5/13/2026 5:00,14.8124,71.856,14.28,1.231
10047,5/13/2026 5:15,14.8171,71.683,14.284,1.232
10048,5/13/2026 5:30,14.8188,71.683,14.2855,1.233
10049,5/13/2026 5:45,14.8188,71.683,14.2865,1.231
10050,5/13/2026 6:00,14.8239,71.683,14.2896,1.235
10051,5/13/2026 6:15,14.8256,71.683,14.289,1.241
10052,5/13/2026 6:30,14.8252,71.512,14.2956,1.224
10053,5/13/2026 6:45,14.8269,71.512,14.2956,1.228
10054,5/13/2026 7:00,14.8307,71.683,14.2984,1.231
10055,5/13/2026 7:15,14.8307,71.683,14.2975,1.233
10056,5/13/2026 7:30,14.8324,71.683,14.2987,1.234
10057,5/13/2026 7:45,14.8307,71.683,14.2999,1.227
10058,5/13/2026 8:00,14.8342,71.683,14.3017,1.231
10059,5/13/2026 8:15,14.8375,71.683,14.3035,1.235
10060,5/13/2026 8:30,14.8392,71.683,14.3059,1.233
10061,5/13/2026 8:45,14.8432,71.856,14.3054,1.243
10062,5/13/2026 9:00,14.8414,71.856,14.3078,1.234
10063,5/13/2026 9:15,14.8419,72.028,14.3133,1.222
10064,5/13/2026 9:30,14.8458,72.199,14.3136,1.23
10065,5/13/2026 9:45,14.8462,72.372,14.3133,1.232
10066,5/13/2026 10:00,14.8466,72.545,14.3142,1.231
10067,5/13/2026 10:15,14.8471,72.718,14.3128,1.235
10068,5/13/2026 10:30,14.8429,73.062,14.3122,1.227
10069,5/13/2026 10:45,14.8439,73.407,14.3094,1.236
10070,5/13/2026 11:00,14.843,73.753,14.3088,1.235
10071,5/13/2026 11:15,14.8427,74.271,14.3099,1.232
10072,5/13/2026 11:30,14.8385,74.619,14.3077,1.228
10073,5/13/2026 11:45,14.8361,74.964,14.3075,1.222
10074,5/13/2026 12:00,14.8369,75.312,14.3026,1.236
10075,5/13/2026 12:15,14.8316,75.832,14.3012,1.227
10076,5/13/2026 12:30,14.8307,76.181,14.2972,1.234
10077,5/13/2026 12:45,14.8278,76.354,14.2991,1.223
10078,5/13/2026 13:00,14.826,76.354,14.2974,1.223
10079,5/13/2026 13:15,14.8265,76.528,14.2932,1.234
10080,5/13/2026 13:30,14.8218,76.703,14.2946,1.22
10081,5/13/2026 13:45,14.8236,76.703,14.29,1.234
10082,5/13/2026 14:00,14.8185,76.703,14.2885,1.226
10083,5/13/2026 14:15,14.8179,76.528,14.2891,1.223
10084,5/13/2026 14:30,14.8185,76.703,14.2878,1.228
10085,5/13/2026 14:45,14.8185,76.703,14.2856,1.233
10086,5/13/2026 15:00,14.8155,76.876,14.2826,1.233
10087,5/13/2026 15:15,14.8155,76.876,14.282,1.234
10088,5/13/2026 15:30,14.8155,76.876,14.2832,1.231
10089,5/13/2026 15:45,14.8163,76.528,14.2856,1.228
10090,5/13/2026 16:00,14.8157,76.354,14.2853,1.227
10091,5/13/2026 16:15,14.8157,76.354,14.2829,1.233
10092,5/13/2026 16:30,14.8136,76.181,14.2849,1.223
10093,5/13/2026 16:45,14.812,76.181,14.2824,1.225
10094,5/13/2026 17:00,14.8149,76.006,14.2827,1.231
10095,5/13/2026 17:15,14.8131,76.006,14.2843,1.223
10096,5/13/2026 17:30,14.8127,75.832,14.2849,1.221
10097,5/13/2026 17:45,14.8173,75.659,14.2888,1.222
10098,5/13/2026 18:00,14.8226,75.659,14.2904,1.231
10099,5/13/2026 18:15,14.822,75.484,14.2925,1.225
10100,5/13/2026 18:30,14.825,75.312,14.2927,1.231
10101,5/13/2026 18:45,14.8266,75.312,14.2925,1.236
10102,5/13/2026 19:00,14.8262,75.139,14.2961,1.226
10103,5/13/2026 19:15,14.8308,74.964,14.2977,1.233
10104,5/13/2026 19:30,14.8308,74.964,14.3004,1.227
10105,5/13/2026 19:45,14.8287,74.791,14.2999,1.223
10106,5/13/2026 20:00,14.83,74.619,14.2988,1.228
10107,5/13/2026 20:15,14.8317,74.619,14.3051,1.218
10108,5/13/2026 20:30,14.8329,74.446,14.3035,1.224
10109,5/13/2026 20:45,14.8363,74.446,14.3065,1.225
10110,5/13/2026 21:00,14.8359,74.271,14.309,1.219
10111,5/13/2026 21:15,14.8392,74.271,14.3099,1.224
10112,5/13/2026 21:30,14.841,74.271,14.3123,1.223
10113,5/13/2026 21:45,14.8388,74.098,14.3133,1.215
10114,5/13/2026 22:00,14.8423,74.098,14.3112,1.228
10115,5/13/2026 22:15,14.8469,73.926,14.3151,1.23
10116,5/13/2026 22:30,14.8419,73.926,14.312,1.225
10117,5/13/2026 22:45,14.8448,73.753,14.3139,1.228
10118,5/13/2026 23:00,14.8413,73.753,14.3103,1.228
10119,5/13/2026 23:15,14.8391,73.58,14.3065,1.232
10120,5/13/2026 23:30,14.8391,73.58,14.3068,1.231
10121,5/13/2026 23:45,14.8371,73.407,14.3048,1.231
10122,5/14/2026 0:00,14.8371,73.407,14.3026,1.236
10123,5/14/2026 0:15,14.8332,73.234,14.3035,1.225
10124,5/14/2026 0:30,14.8314,73.234,14.2999,1.229
10125,5/14/2026 0:45,14.8292,73.062,14.2968,1.231
10126,5/14/2026 1:00,14.8275,73.062,14.2932,1.235
10127,5/14/2026 1:15,14.822,72.891,14.291,1.228
10128,5/14/2026 1:30,14.8202,72.891,14.2858,1.236
10129,5/14/2026 1:45,14.8169,72.891,14.2858,1.228
10130,5/14/2026 2:00,14.813,72.718,14.2836,1.224
10131,5/14/2026 2:15,14.8113,72.718,14.2775,1.234
10132,5/14/2026 2:30,14.8095,72.718,14.2784,1.228
10133,5/14/2026 2:45,14.8142,72.545,14.2764,1.243
10134,5/14/2026 3:00,14.8159,72.545,14.2748,1.251
10135,5/14/2026 3:15,14.8121,72.372,14.2748,1.242
10136,5/14/2026 3:30,14.8104,72.372,14.2726,1.243
10137,5/14/2026 3:45,14.8115,72.199,14.2711,1.249
10138,5/14/2026 4:00,14.8082,72.199,14.2704,1.243
10139,5/14/2026 4:15,14.8047,72.199,14.2674,1.242
10140,5/14/2026 4:30,14.8031,72.199,14.2698,1.233
10141,5/14/2026 4:45,14.806,72.028,14.2714,1.236
10142,5/14/2026 5:00,14.8043,72.028,14.2729,1.229
10143,5/14/2026 5:15,14.8095,72.028,14.2745,1.237
10144,5/14/2026 5:30,14.8078,72.028,14.2761,1.229
10145,5/14/2026 5:45,14.8095,72.028,14.2775,1.23
10146,5/14/2026 6:00,14.8124,71.856,14.2775,1.237
10147,5/14/2026 6:15,14.8175,71.856,14.2822,1.238
10148,5/14/2026 6:30,14.821,71.856,14.2843,1.241
10149,5/14/2026 6:45,14.8243,71.856,14.2888,1.238
10150,5/14/2026 7:00,14.8278,71.856,14.2916,1.24
10151,5/14/2026 7:15,14.8329,71.856,14.2938,1.246
10152,5/14/2026 7:30,14.8329,71.856,14.2935,1.247
10153,5/14/2026 7:45,14.8397,71.856,14.2971,1.254
10154,5/14/2026 8:00,14.8401,72.028,14.2974,1.255
10155,5/14/2026 8:15,14.8401,72.028,14.301,1.246
10156,5/14/2026 8:30,14.8401,72.028,14.3026,1.243
10157,5/14/2026 8:45,14.8401,72.028,14.3007,1.247
10158,5/14/2026 9:00,14.8423,72.199,14.3004,1.253
10159,5/14/2026 9:15,14.8407,72.199,14.3035,1.242
10160,5/14/2026 9:30,14.844,72.199,14.3032,1.25
10161,5/14/2026 9:45,14.8445,72.372,14.3013,1.256
10162,5/14/2026 10:00,14.8535,72.545,14.3075,1.262
10163,5/14/2026 10:15,14.8506,72.718,14.3057,1.26
10164,5/14/2026 10:30,14.8471,72.718,14.3004,1.264
10165,5/14/2026 10:45,14.8475,72.891,14.3029,1.259
10166,5/14/2026 11:00,14.8514,73.062,14.3065,1.26
10167,5/14/2026 11:15,15.2481,73.234,14.3016,2.189
10168,5/14/2026 11:30,15.2674,73.407,14.3013,2.234
10169,5/14/2026 11:45,15.2683,73.753,14.2996,2.24
10170,5/14/2026 12:00,15.2641,74.098,14.2943,2.243
10171,5/14/2026 12:15,15.2594,74.271,14.2952,2.23
10172,5/14/2026 12:30,15.2651,74.446,14.2938,2.246
10173,5/14/2026 12:45,15.2662,74.271,14.2959,2.244
10174,5/14/2026 13:00,15.2739,73.926,14.2901,2.275
10175,5/14/2026 13:15,15.2781,73.58,14.288,2.29
10176,5/14/2026 13:30,15.2806,73.234,14.2855,2.301
10177,5/14/2026 13:45,15.2802,73.062,14.2814,2.309
10178,5/14/2026 14:00,15.2855,72.545,14.2778,2.33
10179,5/14/2026 14:15,15.2966,72.199,14.275,2.362
10180,5/14/2026 14:30,15.3064,72.028,14.2743,2.386
10181,5/14/2026 14:45,15.3179,71.856,14.2691,2.425
10182,5/14/2026 15:00,15.3328,71.683,14.2655,2.467
10183,5/14/2026 15:15,15.3472,71.339,14.2611,2.511
10184,5/14/2026 15:30,15.374,71.168,14.2614,2.572
10185,5/14/2026 15:45,15.4008,70.995,14.2572,2.644
10186,5/14/2026 16:00,15.4243,70.824,14.2581,2.696
10187,5/14/2026 16:15,15.4426,70.651,14.2559,2.743
10188,5/14/2026 16:30,15.4802,70.651,14.2562,2.829
10189,5/14/2026 16:45,15.5037,70.48,14.2595,2.876
10190,5/14/2026 17:00,15.5322,70.308,14.2592,2.942
10191,5/14/2026 17:15,15.571,70.137,14.2617,3.026
10192,5/14/2026 17:30,15.5949,70.137,14.2581,3.09
10193,5/14/2026 17:45,15.6098,69.964,14.2575,3.126
10194,5/14/2026 18:00,15.6184,69.964,14.2568,3.147
10195,5/14/2026 18:15,15.6417,69.793,14.2633,3.186
10196,5/14/2026 18:30,15.6554,69.793,14.2605,3.224
10197,5/14/2026 18:45,15.6793,69.793,14.2608,3.279
10198,5/14/2026 19:00,15.7061,69.622,14.2587,3.345
10199,5/14/2026 19:15,15.7061,69.622,14.2597,3.343
10200,5/14/2026 19:30,15.6908,69.622,14.2603,3.306
10201,5/14/2026 19:45,15.7057,69.449,14.2633,3.334
10202,5/14/2026 20:00,15.7279,69.449,14.2658,3.379
10203,5/14/2026 20:15,15.6848,69.278,14.2729,3.263
10204,5/14/2026 20:30,15.7035,69.278,14.2697,3.314
10205,5/14/2026 20:45,15.6967,69.278,14.2661,3.306
10206,5/14/2026 21:00,15.686,69.107,14.2671,3.279
10207,5/14/2026 21:15,15.669,69.107,14.2694,3.235
10208,5/14/2026 21:30,15.6655,69.107,14.2658,3.235
10209,5/14/2026 21:45,15.657,69.107,14.2688,3.208
10210,5/14/2026 22:00,15.6429,68.934,14.2743,3.163
10211,5/14/2026 22:15,15.624,68.934,14.2723,3.124
10212,5/14/2026 22:30,15.6104,68.934,14.2753,3.085
10213,5/14/2026 22:45,15.5934,68.934,14.2716,3.055
10214,5/14/2026 23:00,15.5913,68.763,14.2695,3.055
10215,5/14/2026 23:15,15.5775,68.763,14.269,3.024
10216,5/14/2026 23:30,15.5623,68.763,14.2698,2.987
10217,5/14/2026 23:45,15.552,68.763,14.2662,2.971
10218,5/15/2026 0:00,15.5293,68.592,14.2632,2.926
10219,5/15/2026 0:15,15.5173,68.592,14.2594,2.907
10220,5/15/2026 0:30,15.5054,68.592,14.2563,2.887
10221,5/15/2026 0:45,15.49,68.592,14.2604,2.842
10222,5/15/2026 1:00,15.4639,68.421,14.2634,2.774
10223,5/15/2026 1:15,15.4555,68.421,14.2604,2.762
10224,5/15/2026 1:30,15.4435,68.421,14.2558,2.745
10225,5/15/2026 1:45,15.4264,68.421,14.2481,2.723
10226,5/15/2026 2:00,15.4179,68.421,14.2497,2.7
10227,5/15/2026 2:15,15.4037,68.248,14.2459,2.676
10228,5/15/2026 2:30,15.3901,68.248,14.2398,2.658
10229,5/15/2026 2:45,15.3765,68.248,14.2384,2.63
10230,5/15/2026 3:00,15.3662,68.248,14.2398,2.603
10231,5/15/2026 3:15,15.3611,68.248,14.2376,2.596
10232,5/15/2026 3:30,15.347,68.077,14.2376,2.564
10233,5/15/2026 3:45,15.3402,68.077,14.2346,2.555
10234,5/15/2026 4:00,15.3334,68.077,14.2362,2.535
10235,5/15/2026 4:15,15.3248,68.077,14.2362,2.516
10236,5/15/2026 4:30,15.3163,68.077,14.237,2.494
10237,5/15/2026 4:45,15.3095,68.077,14.2401,2.471
10238,5/15/2026 5:00,15.3077,68.077,14.2386,2.47
10239,5/15/2026 5:15,15.2958,68.077,14.2401,2.44
10240,5/15/2026 5:30,15.2936,67.906,14.2417,2.431
10241,5/15/2026 5:45,15.2886,67.906,14.2426,2.417
10242,5/15/2026 6:00,15.2834,67.906,14.2458,2.398
10243,5/15/2026 6:15,15.2816,67.906,14.2488,2.387
10244,5/15/2026 6:30,15.28,67.906,14.2478,2.385
10245,5/15/2026 6:45,15.2748,67.906,14.2508,2.366
10246,5/15/2026 7:00,15.2765,67.906,14.2516,2.369
10247,5/15/2026 7:15,15.2715,67.906,14.2552,2.348
10248,5/15/2026 7:30,15.2736,68.077,14.2558,2.352
10249,5/15/2026 7:45,15.2702,68.077,14.2585,2.338
10250,5/15/2026 8:00,15.2719,68.077,14.255,2.35
10251,5/15/2026 8:15,15.269,68.248,14.2569,2.339
10252,5/15/2026 8:30,15.2655,68.248,14.2603,2.323
10253,5/15/2026 8:45,15.2673,68.248,14.2614,2.324
10254,5/15/2026 9:00,15.2677,68.421,14.2617,2.325
10255,5/15/2026 9:15,15.2767,68.592,14.2642,2.34
10256,5/15/2026 9:30,15.3569,68.592,14.2691,2.514
10257,5/15/2026 9:45,15.3625,68.763,14.27,2.525
10258,5/15/2026 10:00,15.3663,68.934,14.274,2.524
10259,5/15/2026 10:15,15.3634,69.107,14.2759,2.513
10260,5/15/2026 10:30,15.3634,69.107,14.2784,2.508
10261,5/15/2026 10:45,15.3502,69.278,14.2775,2.479
10262,5/15/2026 11:00,15.3489,69.449,14.2797,2.471
10263,5/15/2026 11:15,15.3404,69.449,14.2788,2.453
10264,5/15/2026 11:30,15.3404,69.449,14.278,2.455
10265,5/15/2026 11:45,15.3409,69.622,14.2772,2.458
10266,5/15/2026 12:00,15.3272,69.622,14.2743,2.433
10267,5/15/2026 12:15,15.3203,69.622,14.2732,2.42
10268,5/15/2026 12:30,15.3135,69.622,14.2675,2.418
10269,5/15/2026 12:45,15.3055,69.793,14.2684,2.397
10270,5/15/2026 13:00,15.3055,69.793,14.2658,2.403
10271,5/15/2026 13:15,15.2986,69.793,14.2601,2.4
10272,5/15/2026 13:30,15.2918,69.793,14.2585,2.388
10273,5/15/2026 13:45,15.2906,69.964,14.2575,2.388
10274,5/15/2026 14:00,15.2957,69.964,14.2581,2.398
10275,5/15/2026 14:15,15.306,69.964,14.2578,2.423
10276,5/15/2026 14:30,15.3093,69.964,14.2559,2.435
10277,5/15/2026 14:45,15.3179,69.964,14.2531,2.461
10278,5/15/2026 15:00,15.3332,69.964,14.2534,2.496
10279,5/15/2026 15:15,15.3504,69.964,14.251,2.541
10280,5/15/2026 15:30,15.3708,69.964,14.2553,2.578
10281,5/15/2026 15:45,15.3981,69.964,14.2523,2.648
10282,5/15/2026 16:00,15.4306,69.964,14.2531,2.721
10283,5/15/2026 16:15,15.4852,69.964,14.2562,2.841
10284,5/15/2026 16:30,15.5565,69.793,14.255,3.008
10285,5/15/2026 16:45,15.5855,69.793,14.2537,3.078
10286,5/15/2026 17:00,15.6162,69.793,14.2565,3.143
10287,5/15/2026 17:15,15.618,69.793,14.2568,3.146
10288,5/15/2026 17:30,15.6516,69.622,14.2592,3.218
10289,5/15/2026 17:45,15.7028,69.622,14.2611,3.332
10290,5/15/2026 18:00,15.7164,69.622,14.263,3.359
10291,5/15/2026 18:15,15.7301,69.622,14.2592,3.399
10292,5/15/2026 18:30,15.7262,69.449,14.2559,3.398
10293,5/15/2026 18:45,15.7483,69.449,14.255,3.451
10294,5/15/2026 19:00,15.7547,69.278,14.2569,3.462
10295,5/15/2026 19:15,15.7389,69.107,14.2587,3.421
10296,5/15/2026 19:30,15.7611,69.107,14.2591,3.471
10297,5/15/2026 19:45,15.7356,69.107,14.2616,3.407
10298,5/15/2026 20:00,15.7628,69.107,14.2661,3.459
10299,5/15/2026 20:15,15.756,69.107,14.2682,3.438
10300,5/15/2026 20:30,15.727,69.107,14.2674,3.373
10301,5/15/2026 20:45,15.7253,69.107,14.2674,3.369
10302,5/15/2026 21:00,15.7218,69.107,14.2674,3.361
10303,5/15/2026 21:15,15.6912,69.107,14.2704,3.284
10304,5/15/2026 21:30,15.669,69.107,14.2704,3.232
10305,5/15/2026 21:45,15.6502,69.107,14.2759,3.176
10306,5/15/2026 22:00,15.6211,69.107,14.279,3.102
10307,5/15/2026 22:15,15.6178,69.107,14.2759,3.101
10308,5/15/2026 22:30,15.5939,69.107,14.2743,3.05
10309,5/15/2026 22:45,15.5939,69.107,14.2729,3.053
10310,5/15/2026 23:00,15.5887,69.107,14.2707,3.046
10311,5/15/2026 23:15,15.5849,68.934,14.2677,3.044
10312,5/15/2026 23:30,15.5695,68.934,14.2692,3.005
10313,5/15/2026 23:45,15.5524,68.934,14.2671,2.97
10314,5/16/2026 0:00,15.5438,68.934,14.2701,2.944
10315,5/16/2026 0:15,15.5353,68.934,14.2671,2.931
10316,5/16/2026 0:30,15.5302,68.934,14.2671,2.919
10317,5/16/2026 0:45,15.508,68.934,14.2649,2.873
10318,5/16/2026 1:00,15.5012,68.934,14.2619,2.864
10319,5/16/2026 1:15,15.4858,68.934,14.2588,2.836
10320,5/16/2026 1:30,15.479,68.934,14.2603,2.817
10321,5/16/2026 1:45,15.4551,68.934,14.2588,2.765
10322,5/16/2026 2:00,15.45,68.934,14.2536,2.765
10323,5/16/2026 2:15,15.4364,68.934,14.2536,2.733
10324,5/16/2026 2:30,15.4278,68.934,14.253,2.715
10325,5/16/2026 2:45,15.4193,68.934,14.253,2.695
10326,5/16/2026 3:00,15.4074,68.934,14.2524,2.669
10327,5/16/2026 3:15,15.4021,68.934,14.2447,2.675
10328,5/16/2026 3:30,15.3868,68.934,14.2492,2.629
10329,5/16/2026 3:45,15.3817,68.934,14.2456,2.626
10330,5/16/2026 4:00,15.3766,68.934,14.2472,2.61
10331,5/16/2026 4:15,15.3715,68.934,14.2466,2.6
10332,5/16/2026 4:30,15.3595,68.934,14.2466,2.572
10333,5/16/2026 4:45,15.3509,68.934,14.2434,2.56
10334,5/16/2026 5:00,15.3472,68.763,14.245,2.547
10335,5/16/2026 5:15,15.3437,68.763,14.2475,2.533
10336,5/16/2026 5:30,15.3404,68.763,14.2521,2.515
10337,5/16/2026 5:45,15.3369,68.763,14.253,2.505
10338,5/16/2026 6:00,15.3351,68.763,14.2524,2.502
10339,5/16/2026 6:15,15.3283,68.763,14.2549,2.481
10340,5/16/2026 6:30,15.3322,68.934,14.2579,2.483
10341,5/16/2026 6:45,15.3287,68.934,14.261,2.468
10342,5/16/2026 7:00,15.3287,68.934,14.264,2.461
10343,5/16/2026 7:15,15.3254,68.934,14.2656,2.449
10344,5/16/2026 7:30,15.3272,68.934,14.2692,2.445
10345,5/16/2026 7:45,15.3241,69.107,14.2704,2.435
10346,5/16/2026 8:00,15.3173,69.107,14.2717,2.416
10347,5/16/2026 8:15,15.3212,69.278,14.274,2.42
10348,5/16/2026 8:30,15.3212,69.278,14.2775,2.412
10349,5/16/2026 8:45,15.3148,69.449,14.2823,2.386
10350,5/16/2026 9:00,15.3131,69.449,14.2823,2.382
10351,5/16/2026 9:15,15.3113,69.449,14.2839,2.375
10352,5/16/2026 9:30,15.3118,69.622,14.2862,2.37
10353,5/16/2026 9:45,15.3071,69.793,14.2856,2.361
10354,5/16/2026 10:00,15.3042,69.964,14.2851,2.356
10355,5/16/2026 10:15,15.3013,70.137,14.2867,2.345
10356,5/16/2026 10:30,15.2966,70.308,14.2867,2.334
10357,5/16/2026 10:45,15.2936,70.48,14.2882,2.324
10358,5/16/2026 11:00,15.2923,70.651,14.2884,2.321
10359,5/16/2026 11:15,15.2855,70.651,14.2862,2.31
10360,5/16/2026 11:30,15.2826,70.824,14.2851,2.306
10361,5/16/2026 11:45,15.278,70.995,14.2852,2.295
10362,5/16/2026 12:00,15.2749,71.168,14.2822,2.295
10363,5/16/2026 12:15,15.2716,71.168,14.2839,2.283
10364,5/16/2026 12:30,15.267,71.339,14.2803,2.281
10365,5/16/2026 12:45,15.2635,71.339,14.2807,2.272
10366,5/16/2026 13:00,15.2606,71.512,14.282,2.262
10367,5/16/2026 13:15,15.2559,71.683,14.2765,2.264
10368,5/16/2026 13:30,15.2597,71.856,14.2748,2.277
10369,5/16/2026 13:45,15.2619,72.028,14.2742,2.284
10370,5/16/2026 14:00,15.2641,72.199,14.271,2.296
10371,5/16/2026 14:15,15.2629,72.372,14.2662,2.304
10372,5/16/2026 14:30,15.2604,72.718,14.2645,2.303
10373,5/16/2026 14:45,15.2673,72.718,14.2611,2.326
10374,5/16/2026 15:00,15.2934,72.891,14.2624,2.384
10375,5/16/2026 15:15,15.3053,72.891,14.264,2.408
10376,5/16/2026 15:30,15.3395,72.891,14.2627,2.49
10377,5/16/2026 15:45,15.45,72.718,14.2642,2.742
10378,5/16/2026 16:00,15.4883,72.372,14.2684,2.82
10379,5/16/2026 16:15,15.4908,72.028,14.2697,2.823
10380,5/16/2026 16:30,15.4921,71.856,14.2711,2.823
10381,5/16/2026 16:45,15.4864,71.683,14.2736,2.804
10382,5/16/2026 17:00,15.4818,71.856,14.2745,2.791
10383,5/16/2026 17:15,15.4699,71.856,14.2745,2.764
10384,5/16/2026 17:30,15.4613,71.856,14.2737,2.746
10385,5/16/2026 17:45,15.4471,71.683,14.2798,2.699
10386,5/16/2026 18:00,15.4438,71.683,14.2742,2.704
10387,5/16/2026 18:15,15.4317,71.683,14.2794,2.664
10388,5/16/2026 18:30,15.4301,71.683,14.2806,2.658
10389,5/16/2026 18:45,15.4313,71.512,14.2864,2.647
10390,5/16/2026 19:00,15.4295,71.512,14.2875,2.64
10391,5/16/2026 19:15,15.4245,71.512,14.2878,2.628
10392,5/16/2026 19:30,15.4309,71.339,14.2936,2.629
10393,5/16/2026 19:45,15.4223,71.339,14.2977,2.6
10394,5/16/2026 20:00,15.424,71.339,14.299,2.601
10395,5/16/2026 20:15,15.4172,71.339,14.3032,2.575
10396,5/16/2026 20:30,15.4155,71.339,14.3032,2.571
10397,5/16/2026 20:45,15.4133,71.168,14.3017,2.57
10398,5/16/2026 21:00,15.4082,71.168,14.3057,2.549
10399,5/16/2026 21:15,15.4047,71.168,14.3075,2.536
10400,5/16/2026 21:30,15.4026,70.995,14.31,2.526
10401,5/16/2026 21:45,15.4026,70.995,14.3057,2.536
10402,5/16/2026 22:00,15.4043,70.995,14.309,2.532
10403,5/16/2026 22:15,15.3971,70.824,14.3093,2.515
10404,5/16/2026 22:30,15.3953,70.824,14.3133,2.501
10405,5/16/2026 22:45,15.3918,70.824,14.3151,2.489
10406,5/16/2026 23:00,15.3881,70.651,14.3115,2.489
10407,5/16/2026 23:15,15.3778,70.651,14.3117,2.464
10408,5/16/2026 23:30,15.3727,70.651,14.3096,2.457
10409,5/16/2026 23:45,15.3641,70.651,14.3074,2.443
10410,5/17/2026 0:00,15.362,70.48,14.3062,2.44
10411,5/17/2026 0:15,15.3517,70.48,14.3041,2.422
10412,5/17/2026 0:30,15.3466,70.48,14.3035,2.411
10413,5/17/2026 0:45,15.3448,70.48,14.2983,2.419
10414,5/17/2026 1:00,15.3479,70.308,14.2991,2.424
10415,5/17/2026 1:15,15.3427,70.308,14.2971,2.417
10416,5/17/2026 1:30,15.3409,70.308,14.2919,2.425
10417,5/17/2026 1:45,15.3376,70.308,14.2881,2.426
10418,5/17/2026 2:00,15.3372,70.137,14.2861,2.429
10419,5/17/2026 2:15,15.3319,70.137,14.2845,2.421
10420,5/17/2026 2:30,15.3235,70.137,14.2829,2.405
10421,5/17/2026 2:45,15.3167,70.137,14.2798,2.397
10422,5/17/2026 3:00,15.3132,70.137,14.2768,2.396
10423,5/17/2026 3:15,15.3082,70.137,14.2768,2.384
10424,5/17/2026 3:30,15.306,69.964,14.2778,2.376
10425,5/17/2026 3:45,15.306,69.964,14.2762,2.38
10426,5/17/2026 4:00,15.2992,69.964,14.2787,2.359
10427,5/17/2026 4:15,15.2957,69.964,14.2795,2.349
10428,5/17/2026 4:30,15.2939,69.964,14.2795,2.345
10429,5/17/2026 4:45,15.2889,69.964,14.282,2.327
10430,5/17/2026 5:00,15.2923,69.964,14.2806,2.339
10431,5/17/2026 5:15,15.2854,69.964,14.2836,2.315
10432,5/17/2026 5:30,15.2871,69.964,14.282,2.323
10433,5/17/2026 5:45,15.2849,69.793,14.2845,2.312
10434,5/17/2026 6:00,15.2867,69.793,14.2875,2.309
10435,5/17/2026 6:15,15.2867,69.793,14.2938,2.295
10436,5/17/2026 6:30,15.2918,69.793,14.2907,2.314
10437,5/17/2026 6:45,15.2935,69.793,14.2922,2.314
10438,5/17/2026 7:00,15.297,69.793,14.2927,2.321
10439,5/17/2026 7:15,15.2957,69.964,14.2925,2.319
10440,5/17/2026 7:30,15.2992,69.964,14.2936,2.324
10441,5/17/2026 7:45,15.2957,69.964,14.2943,2.314
10442,5/17/2026 8:00,15.2992,69.964,14.2955,2.32
10443,5/17/2026 8:15,15.2979,70.137,14.2958,2.316
10444,5/17/2026 8:30,15.3029,70.137,14.2988,2.321
10445,5/17/2026 8:45,15.2983,70.308,14.2967,2.315
10446,5/17/2026 9:00,15.2983,70.308,14.3013,2.304
10447,5/17/2026 9:15,15.2987,70.48,14.3038,2.3
10448,5/17/2026 9:30,15.3026,70.651,14.3084,2.298
10449,5/17/2026 9:45,15.2997,70.824,14.3064,2.296
10450,5/17/2026 10:00,15.3002,70.995,14.3049,2.301
10451,5/17/2026 10:15,15.2989,71.168,14.3071,2.293
10452,5/17/2026 10:30,15.2964,71.512,14.3051,2.292
10453,5/17/2026 10:45,15.2968,71.683,14.3028,2.298
10454,5/17/2026 11:00,15.3029,72.028,14.3068,2.303
10455,5/17/2026 11:15,15.3055,72.372,14.3072,2.308
10456,5/17/2026 11:30,15.3116,72.718,14.3091,2.318
10457,5/17/2026 11:45,15.3125,73.062,14.3074,2.324
10458,5/17/2026 12:00,15.325,73.234,14.3093,2.349
10459,5/17/2026 12:15,15.3289,73.407,14.3051,2.367
10460,5/17/2026 12:30,15.3293,73.58,14.3025,2.375
10461,5/17/2026 12:45,15.3258,73.58,14.3055,2.359
10462,5/17/2026 13:00,15.3243,73.58,14.2994,2.37
10463,5/17/2026 13:15,15.3208,73.58,14.2956,2.371
10464,5/17/2026 13:30,15.3122,73.58,14.2939,2.355
10465,5/17/2026 13:45,15.3054,73.58,14.2909,2.346
10466,5/17/2026 14:00,15.2968,73.58,14.2906,2.327
10467,5/17/2026 14:15,15.2986,73.58,14.2901,2.332
10468,5/17/2026 14:30,15.2968,73.58,14.2922,2.323
10469,5/17/2026 14:45,15.2939,73.753,14.2881,2.326
10470,5/17/2026 15:00,15.2889,73.753,14.2871,2.317
10471,5/17/2026 15:15,15.282,73.753,14.2864,2.302
10472,5/17/2026 15:30,15.2832,73.58,14.2868,2.304
10473,5/17/2026 15:45,15.2815,73.58,14.2827,2.309
10474,5/17/2026 16:00,15.2764,73.58,14.2851,2.292
10475,5/17/2026 16:15,15.2781,73.58,14.2858,2.295
10476,5/17/2026 16:30,15.2742,73.407,14.2865,2.284
10477,5/17/2026 16:45,15.2725,73.407,14.2864,2.28
10478,5/17/2026 17:00,15.2738,73.234,14.2853,2.286
10479,5/17/2026 17:15,15.2784,73.062,14.2833,2.301
10480,5/17/2026 17:30,15.2767,73.062,14.2852,2.293
10481,5/17/2026 17:45,15.2745,72.891,14.2907,2.275
10482,5/17/2026 18:00,15.2745,72.891,14.2881,2.281
10483,5/17/2026 18:15,15.2758,72.718,14.2903,2.279
10484,5/17/2026 18:30,15.2719,72.545,14.2893,2.272
10485,5/17/2026 18:45,15.2736,72.545,14.292,2.27
10486,5/17/2026 19:00,15.2715,72.372,14.2962,2.255
10487,5/17/2026 19:15,15.2748,72.372,14.2968,2.261
10488,5/17/2026 19:30,15.2726,72.199,14.301,2.246
10489,5/17/2026 19:45,15.271,72.199,14.3023,2.24
10490,5/17/2026 20:00,15.2704,72.028,14.3048,2.233
10491,5/17/2026 20:15,15.2757,72.028,14.3035,2.248
10492,5/17/2026 20:30,15.2704,72.028,14.3068,2.228
10493,5/17/2026 20:45,15.2688,72.028,14.3087,2.22
10494,5/17/2026 21:00,15.27,71.856,14.3103,2.219
10495,5/17/2026 21:15,15.2803,71.856,14.3112,2.241
10496,5/17/2026 21:30,15.2836,71.856,14.3133,2.243
10497,5/17/2026 21:45,15.2836,71.856,14.3093,2.253
10498,5/17/2026 22:00,15.2786,71.856,14.3109,2.237
10499,5/17/2026 22:15,15.2803,71.856,14.3155,2.23
10500,5/17/2026 22:30,15.3008,71.856,14.3155,2.278
10501,5/17/2026 22:45,15.3247,71.856,14.317,2.33
10502,5/17/2026 23:00,15.3464,71.683,14.3148,2.385
10503,5/17/2026 23:15,15.3704,71.683,14.3142,2.442
10504,5/17/2026 23:30,15.3908,71.683,14.3142,2.489
10505,5/17/2026 23:45,15.4045,71.683,14.3106,2.529
10506,5/18/2026 0:00,15.4194,71.512,14.309,2.567
10507,5/18/2026 0:15,15.4262,71.512,14.3068,2.588
10508,5/18/2026 0:30,15.433,71.512,14.3038,2.611
10509,5/18/2026 0:45,15.4501,71.512,14.3001,2.659
10510,5/18/2026 1:00,15.4739,71.512,14.3016,2.71
10511,5/18/2026 1:15,15.4838,71.339,14.298,2.741
10512,5/18/2026 1:30,15.4957,71.339,14.2964,2.773
10513,5/18/2026 1:45,15.4957,71.339,14.2949,2.776
10514,5/18/2026 2:00,15.5111,71.339,14.2927,2.816
10515,5/18/2026 2:15,15.5264,71.339,14.2881,2.863
10516,5/18/2026 2:30,15.5346,71.168,14.2851,2.888
10517,5/18/2026 2:45,15.5465,71.168,14.2851,2.916
10518,5/18/2026 3:00,15.567,71.168,14.2875,2.958
10519,5/18/2026 3:15,15.5961,71.168,14.2859,3.029
10520,5/18/2026 3:30,15.6108,70.995,14.2845,3.066
10521,5/18/2026 3:45,15.6416,70.995,14.2823,3.142
10522,5/18/2026 4:00,15.6519,70.995,14.2853,3.159
10523,5/18/2026 4:15,15.686,70.995,14.2823,3.245
10524,5/18/2026 4:30,15.7027,70.824,14.2832,3.281
10525,5/18/2026 4:45,15.7214,70.824,14.2878,3.314
10526,5/18/2026 5:00,15.718,70.824,14.2872,3.307
10527,5/18/2026 5:15,15.718,70.824,14.2919,3.297
10528,5/18/2026 5:30,15.7295,70.651,14.2927,3.321
10529,5/18/2026 5:45,15.7141,70.651,14.2927,3.286
10530,5/18/2026 6:00,15.7209,70.651,14.2922,3.303
10531,5/18/2026 6:15,15.7073,70.651,14.2936,3.268
10532,5/18/2026 6:30,15.7176,70.651,14.2961,3.286
10533,5/18/2026 6:45,15.6868,70.651,14.2991,3.208
10534,5/18/2026 7:00,15.6884,70.651,14.3001,3.209
10535,5/18/2026 7:15,15.6612,70.651,14.3007,3.145
10536,5/18/2026 7:30,15.6544,70.651,14.3023,3.125
10537,5/18/2026 7:45,15.6493,70.651,14.3059,3.105
10538,5/18/2026 8:00,15.6475,70.651,14.3059,3.101
10539,5/18/2026 8:15,15.6254,70.651,14.3081,3.045
10540,5/18/2026 8:30,15.6287,70.651,14.3123,3.043
10541,5/18/2026 8:45,15.6271,70.651,14.3133,3.037
10542,5/18/2026 9:00,15.6168,70.651,14.317,3.005
10543,5/18/2026 9:15,15.6236,70.651,14.3186,3.017
10544,5/18/2026 9:30,15.6168,70.651,14.3191,3
10545,5/18/2026 9:45,15.6135,70.651,14.3175,2.996
10546,5/18/2026 10:00,15.6032,70.651,14.3244,2.956
10547,5/18/2026 10:15,15.6014,70.651,14.3244,2.952
10548,5/18/2026 10:30,15.6003,70.824,14.321,2.957
10549,5/18/2026 10:45,15.6104,70.824,14.3222,2.978
10550,5/18/2026 11:00,15.6053,70.824,14.3219,2.967
10551,5/18/2026 11:15,15.6075,70.995,14.3235,2.968
10552,5/18/2026 11:30,15.6024,70.995,14.3202,2.964
10553,5/18/2026 11:45,15.599,70.995,14.3202,2.956
10554,5/18/2026 12:00,15.6075,70.995,14.3232,2.969
10555,5/18/2026 12:15,15.6262,70.995,14.3186,3.023
10556,5/18/2026 12:30,15.6058,70.995,14.3177,2.978
10557,5/18/2026 12:45,15.6093,70.995,14.3168,2.988
10558,5/18/2026 13:00,15.6165,71.168,14.3149,3.009
10559,5/18/2026 13:15,15.6284,71.168,14.3101,3.047
10560,5/18/2026 13:30,15.637,71.168,14.3083,3.072
10561,5/18/2026 13:45,15.649,71.168,14.3058,3.105
10562,5/18/2026 14:00,15.6444,71.339,14.3035,3.1
10563,5/18/2026 14:15,15.6631,71.339,14.3019,3.147
10564,5/18/2026 14:30,15.6613,71.339,14.2985,3.15
10565,5/18/2026 14:45,15.6716,71.339,14.3004,3.17
10566,5/18/2026 15:00,15.6853,71.339,14.3001,3.202
10567,5/18/2026 15:15,15.6802,71.339,14.2977,3.196
10568,5/18/2026 15:30,15.687,71.339,14.2984,3.21
10569,5/18/2026 15:45,15.6835,71.339,14.2959,3.208
10570,5/18/2026 16:00,15.666,71.168,14.2943,3.171
10571,5/18/2026 16:15,15.6728,71.168,14.2965,3.181
10572,5/18/2026 16:30,15.6677,71.168,14.2946,3.174
10573,5/18/2026 16:45,15.6536,70.995,14.2932,3.145
10574,5/18/2026 17:00,15.6655,70.995,14.2897,3.18
10575,5/18/2026 17:15,15.6365,70.995,14.2884,3.116
10576,5/18/2026 17:30,15.6604,70.995,14.292,3.163
10577,5/18/2026 17:45,15.6433,70.995,14.2901,3.128
10578,5/18/2026 18:00,15.6412,70.824,14.294,3.114
10579,5/18/2026 18:15,15.6361,70.824,14.2945,3.101
10580,5/18/2026 18:30,15.6412,70.824,14.2955,3.111
10581,5/18/2026 18:45,15.6207,70.824,14.2987,3.056
10582,5/18/2026 19:00,15.6304,70.651,14.2978,3.08
10583,5/18/2026 19:15,15.6185,70.651,14.2965,3.056
10584,5/18/2026 19:30,15.6135,70.651,14.3042,3.026
10585,5/18/2026 19:45,15.6214,70.48,14.3029,3.048
10586,5/18/2026 20:00,15.6027,70.48,14.3041,3.002
10587,5/18/2026 20:15,15.5821,70.48,14.3059,2.95
10588,5/18/2026 20:30,15.6005,70.308,14.3062,2.992
10589,5/18/2026 20:45,15.5903,70.308,14.3071,2.966
10590,5/18/2026 21:00,15.5715,70.308,14.3106,2.915
10591,5/18/2026 21:15,15.5813,70.137,14.3109,2.936
10592,5/18/2026 21:30,15.5694,70.137,14.3103,2.91
10593,5/18/2026 21:45,15.5676,70.137,14.3158,2.893
10594,5/18/2026 22:00,15.5676,70.137,14.3175,2.889
10595,5/18/2026 22:15,15.5518,69.964,14.3186,2.85
10596,5/18/2026 22:30,15.5518,69.964,14.321,2.845
10597,5/18/2026 22:45,15.5415,69.964,14.3203,2.823
10598,5/18/2026 23:00,15.5308,69.793,14.3183,2.802
10599,5/18/2026 23:15,15.5308,69.793,14.3197,2.799
10600,5/18/2026 23:30,15.5275,69.793,14.3175,2.796
10601,5/18/2026 23:45,15.5172,69.793,14.3139,2.781
10602,5/19/2026 0:00,15.5013,69.622,14.3109,2.751
10603,5/19/2026 0:15,15.491,69.622,14.3087,2.733
10604,5/19/2026 0:30,15.4979,69.622,14.3103,2.745
10605,5/19/2026 0:45,15.4928,69.622,14.3081,2.738
10606,5/19/2026 1:00,15.486,69.622,14.3051,2.729
10607,5/19/2026 1:15,15.4825,69.622,14.302,2.728
10608,5/19/2026 1:30,15.4735,69.449,14.2999,2.713
10609,5/19/2026 1:45,15.4684,69.449,14.2961,2.71
10610,5/19/2026 2:00,15.4667,69.449,14.2977,2.702
10611,5/19/2026 2:15,15.4651,69.449,14.2971,2.699
10612,5/19/2026 2:30,15.4565,69.449,14.294,2.687
10613,5/19/2026 2:45,15.4509,69.278,14.2933,2.675
10614,5/19/2026 3:00,15.4509,69.278,14.2919,2.679
10615,5/19/2026 3:15,15.4441,69.278,14.2927,2.661
10616,5/19/2026 3:30,15.4458,69.278,14.2943,2.661
10617,5/19/2026 3:45,15.4441,69.278,14.2913,2.664
10618,5/19/2026 4:00,15.4436,69.107,14.2922,2.661
10619,5/19/2026 4:15,15.4401,69.107,14.2922,2.653
10620,5/19/2026 4:30,15.4385,69.107,14.2916,2.651
10621,5/19/2026 4:45,15.4385,69.107,14.2932,2.647
10622,5/19/2026 5:00,15.4317,69.107,14.2932,2.631
10623,5/19/2026 5:15,15.4317,69.107,14.2962,2.624
10624,5/19/2026 5:30,15.4333,69.107,14.2962,2.628
10625,5/19/2026 5:45,15.4351,69.107,14.3014,2.62
10626,5/19/2026 6:00,15.4385,69.107,14.3014,2.628
10627,5/19/2026 6:15,15.4333,69.107,14.3029,2.613
10628,5/19/2026 6:30,15.4317,69.107,14.3014,2.612
10629,5/19/2026 6:45,15.4317,69.107,14.3081,2.597
10630,5/19/2026 7:00,15.4282,69.107,14.3093,2.586
10631,5/19/2026 7:15,15.4333,69.107,14.3084,2.6
10632,5/19/2026 7:30,15.4317,69.107,14.312,2.588
10633,5/19/2026 7:45,15.43,69.107,14.3142,2.579
10634,5/19/2026 8:00,15.4304,69.278,14.3081,2.594
10635,5/19/2026 8:15,15.4339,69.278,14.3117,2.593
10636,5/19/2026 8:30,15.4339,69.278,14.3115,2.594
10637,5/19/2026 8:45,15.4343,69.449,14.3151,2.587
10638,5/19/2026 9:00,15.4326,69.449,14.3148,2.583
10639,5/19/2026 9:15,15.4348,69.622,14.3115,2.596
10640,5/19/2026 9:30,15.4335,69.793,14.3112,2.594
10641,5/19/2026 9:45,15.4271,69.964,14.3139,2.573
10642,5/19/2026 10:00,15.443,70.137,14.312,2.614
10643,5/19/2026 10:15,15.4349,70.308,14.3145,2.59
10644,5/19/2026 10:30,15.4303,70.48,14.3117,2.585
10645,5/19/2026 10:45,15.4329,70.824,14.3112,2.593
10646,5/19/2026 11:00,15.43,70.995,14.3136,2.581
10647,5/19/2026 11:15,15.4287,71.168,14.3078,2.591
10648,5/19/2026 11:30,15.4245,71.512,14.3052,2.587
10649,5/19/2026 11:45,15.4216,71.683,14.3086,2.573
10650,5/19/2026 12:00,15.4185,71.856,14.309,2.565
10651,5/19/2026 12:15,15.4178,72.199,14.3071,2.568
10652,5/19/2026 12:30,15.42,72.372,14.3075,2.572
10653,5/19/2026 12:45,15.4103,72.545,14.3048,2.556
10654,5/19/2026 13:00,15.414,72.718,14.3014,2.572
10655,5/19/2026 13:15,15.4039,72.718,14.2964,2.561
10656,5/19/2026 13:30,15.4004,72.718,14.2975,2.55
10657,5/19/2026 13:45,15.3987,72.718,14.2949,2.552
10658,5/19/2026 14:00,15.3918,72.718,14.2962,2.533
10659,5/19/2026 14:15,15.3949,72.545,14.2968,2.539
10660,5/19/2026 14:30,15.3881,72.545,14.2967,2.523
10661,5/19/2026 14:45,15.3859,72.372,14.2942,2.524
10662,5/19/2026 15:00,15.3807,72.372,14.2917,2.518
10663,5/19/2026 15:15,15.3768,72.199,14.2897,2.513
10664,5/19/2026 15:30,15.3699,72.199,14.2862,2.506
10665,5/19/2026 15:45,15.3695,72.028,14.2875,2.501
10666,5/19/2026 16:00,15.3695,72.028,14.2845,2.509
10667,5/19/2026 16:15,15.3708,71.856,14.2851,2.51
10668,5/19/2026 16:30,15.3708,71.856,14.2858,2.508
10669,5/19/2026 16:45,15.3673,71.856,14.2919,2.486
10670,5/19/2026 17:00,15.364,71.856,14.2897,2.484
10671,5/19/2026 17:15,15.3601,71.683,14.2881,2.478
10672,5/19/2026 17:30,15.3652,71.683,14.2901,2.485
10673,5/19/2026 17:45,15.3647,71.512,14.2956,2.471
10674,5/19/2026 18:00,15.366,71.339,14.2983,2.468
10675,5/19/2026 18:15,15.3707,71.168,14.2993,2.477
10676,5/19/2026 18:30,15.3689,71.168,14.302,2.466
10677,5/19/2026 18:45,15.3702,70.995,14.3013,2.471
10678,5/19/2026 19:00,15.3681,70.824,14.3042,2.459
10679,5/19/2026 19:15,15.3696,70.824,14.3067,2.457
10680,5/19/2026 19:30,15.371,70.651,14.3078,2.457
10681,5/19/2026 19:45,15.3692,70.651,14.31,2.448
10682,5/19/2026 20:00,15.3675,70.651,14.3145,2.434
10683,5/19/2026 20:15,15.3723,70.48,14.3161,2.441
10684,5/19/2026 20:30,15.3705,70.48,14.3177,2.434
10685,5/19/2026 20:45,15.3723,70.48,14.3186,2.436
10686,5/19/2026 21:00,15.3705,70.48,14.3241,2.419
10687,5/19/2026 21:15,15.3734,70.308,14.3249,2.423
10688,5/19/2026 21:30,15.3769,70.308,14.3228,2.437
10689,5/19/2026 21:45,15.3785,70.308,14.3268,2.431
10690,5/19/2026 22:00,15.3802,70.308,14.3247,2.44
10691,5/19/2026 22:15,15.3769,70.308,14.3287,2.423
10692,5/19/2026 22:30,15.3802,70.308,14.3296,2.429
10693,5/19/2026 22:45,15.3785,70.308,14.3265,2.432
10694,5/19/2026 23:00,15.3752,70.308,14.3274,2.422
10695,5/19/2026 23:15,15.3752,70.308,14.3262,2.424
10696,5/19/2026 23:30,15.3734,70.308,14.3255,2.422
10697,5/19/2026 23:45,15.3752,70.308,14.3265,2.424
10698,5/20/2026 0:00,15.3695,70.137,14.3244,2.416
10699,5/20/2026 0:15,15.3679,70.137,14.3222,2.417
10700,5/20/2026 0:30,15.3644,70.137,14.3186,2.417
10701,5/20/2026 0:45,15.3594,70.137,14.3148,2.414
10702,5/20/2026 1:00,15.3525,70.137,14.3148,2.399
10703,5/20/2026 1:15,15.3504,69.964,14.3158,2.391
10704,5/20/2026 1:30,15.3486,69.964,14.312,2.396
10705,5/20/2026 1:45,15.3486,69.964,14.313,2.394
10706,5/20/2026 2:00,15.3469,69.964,14.3115,2.393
10707,5/20/2026 2:15,15.3401,69.964,14.3093,2.382
10708,5/20/2026 2:30,15.3401,69.964,14.3078,2.386
10709,5/20/2026 2:45,15.3315,69.964,14.3071,2.368
10710,5/20/2026 3:00,15.3315,69.964,14.3041,2.375
10711,5/20/2026 3:15,15.3332,69.964,14.3057,2.375
10712,5/20/2026 3:30,15.3328,69.793,14.3026,2.381
10713,5/20/2026 3:45,15.3277,69.793,14.3041,2.366
10714,5/20/2026 4:00,15.3311,69.793,14.302,2.378
10715,5/20/2026 4:15,15.3311,69.793,14.3051,2.371
10716,5/20/2026 4:30,15.3328,69.793,14.3051,2.375
10717,5/20/2026 4:45,15.3328,69.793,14.3081,2.368
10718,5/20/2026 5:00,15.3311,69.793,14.3065,2.368
10719,5/20/2026 5:15,15.3328,69.793,14.3081,2.368
10720,5/20/2026 5:30,15.3328,69.793,14.3106,2.363
10721,5/20/2026 5:45,15.3414,69.793,14.3136,2.375
10722,5/20/2026 6:00,15.3345,69.793,14.3115,2.365
10723,5/20/2026 6:15,15.3447,69.793,14.3161,2.377
10724,5/20/2026 6:30,15.3431,69.793,14.3183,2.369
10725,5/20/2026 6:45,15.3396,69.793,14.3213,2.354
10726,5/20/2026 7:00,15.3396,69.793,14.3244,2.347
10727,5/20/2026 7:15,15.3409,69.622,14.3244,2.35
10728,5/20/2026 7:30,15.3477,69.622,14.3274,2.358
10729,5/20/2026 7:45,15.3562,69.622,14.3312,2.369
10730,5/20/2026 8:00,15.3647,69.622,14.3357,2.378
10731,5/20/2026 8:15,15.3562,69.622,14.3312,2.369
10732,5/20/2026 8:30,15.3631,69.622,14.3348,2.377
10733,5/20/2026 8:45,15.3665,69.622,14.3329,2.389
10734,5/20/2026 9:00,15.3768,69.622,14.332,2.415
10735,5/20/2026 9:15,15.3805,69.793,14.3302,2.428
10736,5/20/2026 9:30,15.3926,69.793,14.3299,2.456
10737,5/20/2026 9:45,15.3976,69.793,14.3342,2.458
10738,5/20/2026 10:00,15.3981,69.964,14.3329,2.462
10739,5/20/2026 10:15,15.4055,70.137,14.3302,2.485
10740,5/20/2026 10:30,15.4092,70.308,14.3283,2.499
10741,5/20/2026 10:45,15.4081,70.48,14.3287,2.495
10742,5/20/2026 11:00,15.4136,70.651,14.3296,2.506
10743,5/20/2026 11:15,15.4226,70.824,14.3297,2.526
10744,5/20/2026 11:30,15.4261,70.824,14.3291,2.536
10745,5/20/2026 11:45,15.4294,70.824,14.3264,2.55
10746,5/20/2026 12:00,15.4351,70.995,14.3233,2.57
10747,5/20/2026 12:15,15.4538,70.995,14.3235,2.613
10748,5/20/2026 12:30,15.4645,71.168,14.322,2.641
10749,5/20/2026 12:45,15.4731,71.168,14.3209,2.663
10750,5/20/2026 13:00,15.4731,71.168,14.3213,2.662
10751,5/20/2026 13:15,15.4777,70.995,14.3194,2.678
10752,5/20/2026 13:30,15.4777,70.995,14.3193,2.678
10753,5/20/2026 13:45,15.4781,71.168,14.3212,2.675
10754,5/20/2026 14:00,15.4799,71.168,14.32,2.681
10755,5/20/2026 14:15,15.4735,71.339,14.3204,2.666
10756,5/20/2026 14:30,15.4757,71.512,14.3178,2.677
10757,5/20/2026 14:45,15.4706,71.512,14.3175,2.666
10758,5/20/2026 15:00,15.4809,71.512,14.3145,2.696
10759,5/20/2026 15:15,15.4792,71.512,14.3145,2.692
10760,5/20/2026 15:30,15.4871,71.339,14.3122,2.716
10761,5/20/2026 15:45,15.4855,71.339,14.3125,2.712
10762,5/20/2026 16:00,15.5003,71.168,14.3106,2.75
10763,5/20/2026 16:15,15.4982,70.995,14.3096,2.748
10764,5/20/2026 16:30,15.4977,70.824,14.307,2.753
10765,5/20/2026 16:45,15.4977,70.824,14.3099,2.746
10766,5/20/2026 17:00,15.4926,70.824,14.3096,2.735
10767,5/20/2026 17:15,15.4909,70.824,14.3096,2.731
10768,5/20/2026 17:30,15.4909,70.824,14.308,2.734
10769,5/20/2026 17:45,15.4944,70.824,14.3101,2.737
10770,5/20/2026 18:00,15.4905,70.651,14.3126,2.723
10771,5/20/2026 18:15,15.4955,70.651,14.3141,2.731
10772,5/20/2026 18:30,15.4968,70.48,14.3141,2.734
10773,5/20/2026 18:45,15.4912,70.308,14.313,2.723
10774,5/20/2026 19:00,15.4896,70.308,14.3141,2.717
10775,5/20/2026 19:15,15.4958,70.137,14.3174,2.724
10776,5/20/2026 19:30,15.4976,70.137,14.3174,2.728
10777,5/20/2026 19:45,15.5074,69.964,14.3189,2.747
10778,5/20/2026 20:00,15.5057,69.964,14.3204,2.74
10779,5/20/2026 20:15,15.5125,69.964,14.3219,2.752
10780,5/20/2026 20:30,15.5206,69.793,14.3244,2.765
10781,5/20/2026 20:45,15.5308,69.793,14.3268,2.783
10782,5/20/2026 21:00,15.536,69.793,14.3262,2.796
10783,5/20/2026 21:15,15.5406,69.622,14.3296,2.799
10784,5/20/2026 21:30,15.544,69.622,14.3305,2.805
10785,5/20/2026 21:45,15.5644,69.622,14.3315,2.85
10786,5/20/2026 22:00,15.5525,69.622,14.3323,2.82
10787,5/20/2026 22:15,15.5554,69.449,14.3318,2.828
10788,5/20/2026 22:30,15.5607,69.449,14.3326,2.838
10789,5/20/2026 22:45,15.5726,69.449,14.3397,2.849
10790,5/20/2026 23:00,15.5811,69.449,14.339,2.871
10791,5/20/2026 23:15,15.5858,69.278,14.3354,2.89
10792,5/20/2026 23:30,15.5961,69.278,14.3338,2.917
10793,5/20/2026 23:45,15.6062,69.278,14.3332,2.942
10794,5/21/2026 0:00,15.6268,69.278,14.331,2.995
10795,5/21/2026 0:15,15.64,69.107,14.3296,3.029
10796,5/21/2026 0:30,15.657,69.107,14.329,3.069
10797,5/21/2026 0:45,15.6587,69.107,14.3283,3.075
10798,5/21/2026 1:00,15.6462,68.934,14.3238,3.056
10799,5/21/2026 1:15,15.6565,68.934,14.3247,3.078
10800,5/21/2026 1:30,15.6616,68.934,14.3231,3.093
10801,5/21/2026 1:45,15.648,68.934,14.321,3.067
10802,5/21/2026 2:00,15.6515,68.934,14.3225,3.071
10803,5/21/2026 2:15,15.6612,68.763,14.3194,3.101
10804,5/21/2026 2:30,15.6304,68.763,14.3173,3.035
10805,5/21/2026 2:45,15.6594,68.763,14.3197,3.096
10806,5/21/2026 3:00,15.6351,68.592,14.3197,3.04
10807,5/21/2026 3:15,15.6522,68.592,14.3191,3.081
10808,5/21/2026 3:30,15.6761,68.592,14.3207,3.132
10809,5/21/2026 3:45,15.6911,68.421,14.32,3.168
10810,5/21/2026 4:00,15.7098,68.421,14.318,3.216
10811,5/21/2026 4:15,15.7234,68.421,14.318,3.248
10812,5/21/2026 4:30,15.7729,68.421,14.3204,3.356
10813,5/21/2026 4:45,15.793,68.248,14.3189,3.407
10814,5/21/2026 5:00,15.81,68.248,14.3213,3.44
10815,5/21/2026 5:15,15.8122,68.421,14.3229,3.442
10816,5/21/2026 5:30,15.8242,68.421,14.326,3.462
10817,5/21/2026 5:45,15.8446,68.421,14.3244,3.513
10818,5/21/2026 6:00,15.8493,68.248,14.326,3.52
10819,5/21/2026 6:15,15.8471,68.077,14.3299,3.506
10820,5/21/2026 6:30,15.8368,68.077,14.3318,3.478
10821,5/21/2026 6:45,15.8573,68.077,14.3364,3.514
10822,5/21/2026 7:00,15.8761,68.077,14.3379,3.555
10823,5/21/2026 7:15,15.8932,68.077,14.341,3.587
10824,5/21/2026 7:30,15.9256,68.077,14.34,3.664
10825,5/21/2026 7:45,15.9051,68.077,14.3437,3.608
10826,5/21/2026 8:00,15.9256,68.077,14.3444,3.654
10827,5/21/2026 8:15,15.9154,68.077,14.3447,3.63
10828,5/21/2026 8:30,15.9291,68.077,14.3444,3.662
10829,5/21/2026 8:45,15.9154,68.077,14.3447,3.63
10830,5/21/2026 9:00,15.9086,68.077,14.3474,3.608
10831,5/21/2026 9:15,15.9016,68.077,14.347,3.593
10832,5/21/2026 9:30,15.9205,68.077,14.3434,3.645
10833,5/21/2026 9:45,15.8983,68.077,14.3434,3.593
10834,5/21/2026 10:00,15.9056,68.248,14.348,3.599
10835,5/21/2026 10:15,15.8873,68.421,14.3468,3.56
10836,5/21/2026 10:30,15.869,68.592,14.3441,3.524
10837,5/21/2026 10:45,15.8655,68.592,14.3413,3.522
10838,5/21/2026 11:00,15.8587,68.592,14.3389,3.512
10839,5/21/2026 11:15,15.8148,68.763,14.3426,3.402
10840,5/21/2026 11:30,15.8183,68.763,14.3374,3.422
10841,5/21/2026 11:45,15.8033,68.934,14.3358,3.391
10842,5/21/2026 12:00,15.7778,68.934,14.3339,3.337
10843,5/21/2026 12:15,15.7782,69.107,14.3322,3.342
10844,5/21/2026 12:30,15.7701,69.278,14.3335,3.32
10845,5/21/2026 12:45,15.7514,69.278,14.3329,3.278
10846,5/21/2026 13:00,15.7309,69.278,14.3313,3.235
10847,5/21/2026 13:15,15.7314,69.449,14.3283,3.243
10848,5/21/2026 13:30,15.7114,69.622,14.3258,3.202
10849,5/21/2026 13:45,15.6947,69.793,14.3247,3.167
10850,5/21/2026 14:00,15.6797,69.964,14.3216,3.139
10851,5/21/2026 14:15,15.685,69.964,14.3203,3.154
10852,5/21/2026 14:30,15.661,69.964,14.3241,3.09
10853,5/21/2026 14:45,15.647,69.793,14.3213,3.064
10854,5/21/2026 15:00,15.6486,69.793,14.3204,3.07
10855,5/21/2026 15:15,15.6401,69.793,14.3186,3.055
10856,5/21/2026 15:30,15.6298,69.793,14.3183,3.031
10857,5/21/2026 15:45,15.623,69.793,14.3164,3.02
10858,5/21/2026 16:00,15.6042,69.793,14.3204,2.967
10859,5/21/2026 16:15,15.5958,69.793,14.3145,2.961
10860,5/21/2026 16:30,15.5905,69.793,14.3126,2.954
10861,5/21/2026 16:45,15.585,69.622,14.3129,2.94
10862,5/21/2026 17:00,15.5866,69.622,14.311,2.948
10863,5/21/2026 17:15,15.5782,69.622,14.3155,2.918
10864,5/21/2026 17:30,15.573,69.622,14.3161,2.905
10865,5/21/2026 17:45,15.5833,69.622,14.3152,2.931
10866,5/21/2026 18:00,15.5776,69.449,14.3151,2.918
10867,5/21/2026 18:15,15.576,69.449,14.3183,2.907
10868,5/21/2026 18:30,15.5739,69.278,14.3183,2.902
10869,5/21/2026 18:45,15.5755,69.278,14.32,2.902
10870,5/21/2026 19:00,15.5772,69.278,14.3191,2.908
10871,5/21/2026 19:15,15.5631,69.107,14.3203,2.872
10872,5/21/2026 19:30,15.5699,69.107,14.3207,2.887
10873,5/21/2026 19:45,15.575,69.107,14.321,2.898
10874,5/21/2026 20:00,15.5763,68.934,14.3249,2.892
10875,5/21/2026 20:15,15.5814,68.934,14.3268,2.899
10876,5/21/2026 20:30,15.5814,68.934,14.3268,2.899
10877,5/21/2026 20:45,15.581,68.763,14.3278,2.896
10878,5/21/2026 21:00,15.5844,68.763,14.3287,2.902
10879,5/21/2026 21:15,15.5946,68.763,14.3287,2.925
10880,5/21/2026 21:30,15.586,68.763,14.3318,2.899
10881,5/21/2026 21:45,15.6027,68.592,14.3318,2.937
10882,5/21/2026 22:00,15.6095,68.592,14.3323,2.952
10883,5/21/2026 22:15,15.6113,68.592,14.3329,2.954
10884,5/21/2026 22:30,15.6177,68.421,14.3315,2.972
10885,5/21/2026 22:45,15.6329,68.421,14.3299,3.011
10886,5/21/2026 23:00,15.6346,68.421,14.3345,3.004
10887,5/21/2026 23:15,15.6399,68.421,14.3315,3.024
10888,5/21/2026 23:30,15.6599,68.248,14.3315,3.07
10889,5/21/2026 23:45,15.6683,68.248,14.3293,3.094
10890,5/22/2026 0:00,15.6628,68.077,14.3278,3.085
10891,5/22/2026 0:15,15.6731,68.077,14.3271,3.11
10892,5/22/2026 0:30,15.6879,67.906,14.3257,3.148
10893,5/22/2026 0:45,15.6793,67.906,14.3241,3.132
10894,5/22/2026 1:00,15.6771,67.735,14.3219,3.132
10895,5/22/2026 1:15,15.6652,67.735,14.3183,3.112
10896,5/22/2026 1:30,15.6681,67.564,14.3146,3.128
10897,5/22/2026 1:45,15.6459,67.564,14.3141,3.078
10898,5/22/2026 2:00,15.6541,67.392,14.3103,3.105
10899,5/22/2026 2:15,15.6404,67.392,14.3097,3.075
10900,5/22/2026 2:30,15.6455,67.392,14.3097,3.087
10901,5/22/2026 2:45,15.6264,67.221,14.3067,3.049
10902,5/22/2026 3:00,15.6093,67.221,14.303,3.018
10903,5/22/2026 3:15,15.6161,67.221,14.3045,3.031
10904,5/22/2026 3:30,15.6024,67.221,14.3055,2.997
10905,5/22/2026 3:45,15.5968,67.05,14.3039,2.987
10906,5/22/2026 4:00,15.5985,67.05,14.3033,2.993
10907,5/22/2026 4:15,15.5884,67.05,14.3033,2.969
10908,5/22/2026 4:30,15.5759,66.879,14.3028,2.942
10909,5/22/2026 4:45,15.5827,66.879,14.3028,2.957
10910,5/22/2026 5:00,15.5726,66.879,14.3036,2.932
10911,5/22/2026 5:15,15.5652,66.708,14.303,2.916
10912,5/22/2026 5:30,15.5669,66.708,14.3055,2.914
10913,5/22/2026 5:45,15.5669,66.708,14.3086,2.907
10914,5/22/2026 6:00,15.5698,66.537,14.308,2.915
10915,5/22/2026 6:15,15.5614,66.537,14.311,2.889
10916,5/22/2026 6:30,15.5579,66.537,14.309,2.886
10917,5/22/2026 6:45,15.5579,66.537,14.312,2.879
10918,5/22/2026 7:00,15.5546,66.537,14.3135,2.867
10919,5/22/2026 7:15,15.5494,66.537,14.3203,2.84
10920,5/22/2026 7:30,15.5494,66.537,14.3199,2.841
10921,5/22/2026 7:45,15.5425,66.537,14.3226,2.819
10922,5/22/2026 8:00,15.5478,66.537,14.322,2.832
10923,5/22/2026 8:15,15.5443,66.537,14.3235,2.821
10924,5/22/2026 8:30,15.5379,66.708,14.3222,2.809
10925,5/22/2026 8:45,15.5379,66.708,14.3232,2.807
10926,5/22/2026 9:00,15.543,66.708,14.3255,2.813
10927,5/22/2026 9:15,15.535,66.879,14.3283,2.788
10928,5/22/2026 9:30,15.5405,67.05,14.3277,2.802
10929,5/22/2026 9:45,15.5256,67.221,14.3271,2.769
10930,5/22/2026 10:00,15.529,67.221,14.3271,2.777
10931,5/22/2026 10:15,15.5244,67.392,14.3274,2.766
10932,5/22/2026 10:30,15.5231,67.564,14.3254,2.768
10933,5/22/2026 10:45,15.5214,67.564,14.3271,2.76
10934,5/22/2026 11:00,15.5185,67.735,14.329,2.749
10935,5/22/2026 11:15,15.5206,67.906,14.3303,2.751
10936,5/22/2026 11:30,15.5074,68.077,14.3322,2.716
10937,5/22/2026 11:45,15.5182,68.248,14.3264,2.754
10938,5/22/2026 12:00,15.5089,68.592,14.3245,2.737
10939,5/22/2026 12:15,15.5063,68.934,14.3249,2.73
10940,5/22/2026 12:30,15.497,69.278,14.3222,2.715
10941,5/22/2026 12:45,15.4945,69.622,14.3213,2.712
10942,5/22/2026 13:00,15.4835,69.964,14.318,2.694
10943,5/22/2026 13:15,15.4806,70.137,14.3196,2.684
10944,5/22/2026 13:30,15.4822,70.137,14.3128,2.703
10945,5/22/2026 13:45,15.469,70.308,14.3141,2.67
10946,5/22/2026 14:00,15.4725,70.308,14.3113,2.684
10947,5/22/2026 14:15,15.4657,70.308,14.3119,2.667
10948,5/22/2026 14:30,15.4644,70.48,14.3113,2.665
10949,5/22/2026 14:45,15.4554,70.308,14.3113,2.644
10950,5/22/2026 15:00,15.4554,70.308,14.3116,2.644
10951,5/22/2026 15:15,15.4532,70.137,14.3084,2.646
10952,5/22/2026 15:30,15.4515,70.137,14.3077,2.644
10953,5/22/2026 15:45,15.4459,69.964,14.3061,2.635
10954,5/22/2026 16:00,15.4455,69.793,14.3014,2.644
10955,5/22/2026 16:15,15.4301,69.793,14.3038,2.603
10956,5/22/2026 16:30,15.4416,69.622,14.3016,2.635
10957,5/22/2026 16:45,15.4381,69.622,14.2991,2.632
10958,5/22/2026 17:00,15.4348,69.622,14.3001,2.622
10959,5/22/2026 17:15,15.4343,69.449,14.3004,2.621
10960,5/22/2026 17:30,15.4343,69.449,14.2999,2.622
10961,5/22/2026 17:45,15.4394,69.449,14.3035,2.625
10962,5/22/2026 18:00,15.4394,69.449,14.3054,2.621
10963,5/22/2026 18:15,15.4462,69.449,14.3072,2.632
10964,5/22/2026 18:30,15.448,69.449,14.3075,2.636
10965,5/22/2026 18:45,15.4526,69.278,14.3119,2.636
10966,5/22/2026 19:00,15.4645,69.278,14.3116,2.665
10967,5/22/2026 19:15,15.4726,69.107,14.3113,2.684
10968,5/22/2026 19:30,15.4709,69.107,14.3119,2.679
10969,5/22/2026 19:45,15.4858,68.934,14.313,2.71
10970,5/22/2026 20:00,15.4841,68.934,14.3168,2.698
10971,5/22/2026 20:15,15.499,68.763,14.3189,2.727
10972,5/22/2026 20:30,15.5076,68.763,14.318,2.749
10973,5/22/2026 20:45,15.5247,68.763,14.321,2.782
10974,5/22/2026 21:00,15.5298,68.763,14.3287,2.776
10975,5/22/2026 21:15,15.5331,68.763,14.3251,2.792
10976,5/22/2026 21:30,15.5498,68.592,14.3235,2.834
10977,5/22/2026 21:45,15.5685,68.592,14.326,2.871
10978,5/22/2026 22:00,15.5702,68.592,14.326,2.875
10979,5/22/2026 22:15,15.5852,68.421,14.3284,2.904
10980,5/22/2026 22:30,15.5801,68.421,14.3268,2.896
10981,5/22/2026 22:45,15.5988,68.421,14.3223,2.95
10982,5/22/2026 23:00,15.6177,68.421,14.3218,2.995
10983,5/22/2026 23:15,15.6414,68.421,14.3202,3.053
10984,5/22/2026 23:30,15.6649,68.248,14.3171,3.115
10985,5/22/2026 23:45,15.6973,68.248,14.3171,3.189
10986,5/23/2026 0:00,15.7225,68.077,14.3149,3.253
10987,5/23/2026 0:15,15.7375,67.906,14.3119,3.294
10988,5/23/2026 0:30,15.7562,67.906,14.3088,3.344
10989,5/23/2026 0:45,15.7608,67.735,14.3051,3.364
10990,5/23/2026 1:00,15.754,67.735,14.3045,3.349
10991,5/23/2026 1:15,15.7404,67.735,14.3,3.328
10992,5/23/2026 1:30,15.7467,67.564,14.2948,3.355
10993,5/23/2026 1:45,15.7501,67.564,14.2896,3.375
10994,5/23/2026 2:00,15.7547,67.392,14.2926,3.378
10995,5/23/2026 2:15,15.751,67.221,14.2896,3.377
10996,5/23/2026 2:30,15.7675,67.05,14.289,3.416
10997,5/23/2026 2:45,15.7789,66.879,14.2843,3.453
10998,5/23/2026 3:00,15.7466,66.879,14.2813,3.386
10999,5/23/2026 3:15,15.7704,66.879,14.2843,3.434
11000,5/23/2026 3:30,15.7671,66.879,14.2843,3.426
11001,5/23/2026 3:45,15.7376,66.708,14.2838,3.359
11002,5/23/2026 4:00,15.7512,66.708,14.2884,3.38
11003,5/23/2026 4:15,15.7563,66.708,14.2884,3.392
11004,5/23/2026 4:30,15.7394,66.708,14.2884,3.352
11005,5/23/2026 4:45,15.7304,66.537,14.2877,3.333
11006,5/23/2026 5:00,15.7251,66.537,14.2862,3.325
11007,5/23/2026 5:15,15.7128,66.366,14.2877,3.293
11008,5/23/2026 5:30,15.6922,66.366,14.2877,3.245
11009,5/23/2026 5:45,15.7003,66.193,14.2909,3.256
11010,5/23/2026 6:00,15.6781,66.193,14.2909,3.205
11011,5/23/2026 6:15,15.6816,66.193,14.2893,3.217
11012,5/23/2026 6:30,15.6713,66.193,14.2909,3.189
11013,5/23/2026 6:45,15.6594,66.193,14.2969,3.148
11014,5/23/2026 7:00,15.656,66.193,14.3006,3.131
11015,5/23/2026 7:15,15.6573,66.022,14.2975,3.141
11016,5/23/2026 7:30,15.6316,66.022,14.2975,3.082
11017,5/23/2026 7:45,15.6304,66.193,14.2981,3.078
11018,5/23/2026 8:00,15.6168,66.193,14.3017,3.038
11019,5/23/2026 8:15,15.6236,66.193,14.3025,3.052
11020,5/23/2026 8:30,15.6082,66.193,14.302,3.018
11021,5/23/2026 8:45,15.6116,66.193,14.3058,3.017
11022,5/23/2026 9:00,15.6168,66.193,14.3083,3.023
11023,5/23/2026 9:15,15.6048,66.193,14.3128,2.985
11024,5/23/2026 9:30,15.6048,66.193,14.3144,2.981
11025,5/23/2026 9:45,15.6014,66.193,14.3128,2.977
11026,5/23/2026 10:00,15.5878,66.193,14.3119,2.948
11027,5/23/2026 10:15,15.583,66.366,14.3133,2.933
11028,5/23/2026 10:30,15.595,66.366,14.3125,2.963
11029,5/23/2026 10:45,15.5933,66.366,14.3152,2.953
11030,5/23/2026 11:00,15.5814,66.366,14.3125,2.932
11031,5/23/2026 11:15,15.5682,66.537,14.3125,2.901
11032,5/23/2026 11:30,15.5698,66.537,14.3099,2.911
11033,5/23/2026 11:45,15.5737,66.708,14.3117,2.916
11034,5/23/2026 12:00,15.5669,66.708,14.309,2.906
11035,5/23/2026 12:15,15.5656,66.879,14.3112,2.898
11036,5/23/2026 12:30,15.5708,66.879,14.3051,2.925
11037,5/23/2026 12:45,15.561,67.05,14.3054,2.901
11038,5/23/2026 13:00,15.5695,67.05,14.3022,2.928
11039,5/23/2026 13:15,15.5662,67.05,14.3001,2.925
11040,5/23/2026 13:30,15.5666,67.221,14.3023,2.921
11041,5/23/2026 13:45,15.5752,67.221,14.3001,2.946
11042,5/23/2026 14:00,15.5858,67.392,14.2958,2.981
11043,5/23/2026 14:15,15.5858,67.392,14.2987,2.974
11044,5/23/2026 14:30,15.6011,67.392,14.2999,3.007
11045,5/23/2026 14:45,15.6,67.564,14.2968,3.011
11046,5/23/2026 15:00,15.6068,67.564,14.2956,3.03
11047,5/23/2026 15:15,15.6169,67.564,14.2948,3.055
11048,5/23/2026 15:30,15.6101,67.564,14.2907,3.049
11049,5/23/2026 15:45,15.6204,67.564,14.2911,3.072
11050,5/23/2026 16:00,15.6375,67.564,14.2906,3.112
11051,5/23/2026 16:15,15.6473,67.392,14.2897,3.137
11052,5/23/2026 16:30,15.6455,67.392,14.2856,3.142
11053,5/23/2026 16:45,15.6558,67.392,14.2907,3.154
11054,5/23/2026 17:00,15.6502,67.221,14.2901,3.142
11055,5/23/2026 17:15,15.6707,67.221,14.2922,3.185
11056,5/23/2026 17:30,15.6844,67.221,14.293,3.215
11057,5/23/2026 17:45,15.6758,67.221,14.2935,3.194
11058,5/23/2026 18:00,15.6895,67.221,14.2954,3.221
11059,5/23/2026 18:15,15.6844,67.221,14.2962,3.207
11060,5/23/2026 18:30,15.6809,67.221,14.2974,3.197
11061,5/23/2026 18:45,15.689,67.05,14.3004,3.208
11062,5/23/2026 19:00,15.6754,67.05,14.3035,3.17
11063,5/23/2026 19:15,15.6855,67.05,14.3043,3.191
11064,5/23/2026 19:30,15.6736,67.05,14.3078,3.156
11065,5/23/2026 19:45,15.6697,66.879,14.3099,3.142
11066,5/23/2026 20:00,15.6596,66.879,14.3145,3.108
11067,5/23/2026 20:15,15.6528,66.879,14.3136,3.094
11068,5/23/2026 20:30,15.6561,66.879,14.318,3.092
11069,5/23/2026 20:45,15.6697,66.879,14.3202,3.118
11070,5/23/2026 21:00,15.6612,66.879,14.3197,3.099
11071,5/23/2026 21:15,15.6612,66.879,14.3183,3.103
11072,5/23/2026 21:30,15.6642,66.708,14.3183,3.11
11073,5/23/2026 21:45,15.6676,66.708,14.3197,3.114
11074,5/23/2026 22:00,15.6744,66.708,14.3274,3.112
11075,5/23/2026 22:15,15.6761,66.708,14.3222,3.128
11076,5/23/2026 22:30,15.6774,66.537,14.3222,3.131
11077,5/23/2026 22:45,15.6484,66.537,14.3216,3.065
11078,5/23/2026 23:00,15.6484,66.537,14.3194,3.071
11079,5/23/2026 23:15,15.65,66.537,14.3158,3.083
11080,5/23/2026 23:30,15.6548,66.366,14.3168,3.091
11081,5/23/2026 23:45,15.648,66.366,14.3146,3.081
11082,5/24/2026 0:00,15.6377,66.366,14.3155,3.055
11083,5/24/2026 0:15,15.648,66.366,14.3119,3.087
11084,5/24/2026 0:30,15.6377,66.366,14.3103,3.067
11085,5/24/2026 0:45,15.6513,66.366,14.3072,3.105
11086,5/24/2026 1:00,15.6458,66.193,14.3083,3.09
11087,5/24/2026 1:15,15.6509,66.193,14.3075,3.104
11088,5/24/2026 1:30,15.6441,66.193,14.3025,3.1
11089,5/24/2026 1:45,15.6214,66.022,14.3017,3.049
11090,5/24/2026 2:00,15.6283,66.022,14.2981,3.073
11091,5/24/2026 2:15,15.6265,66.022,14.2975,3.07
11092,5/24/2026 2:30,15.6193,65.851,14.2954,3.059
11093,5/24/2026 2:45,15.6158,65.851,14.2964,3.048
11094,5/24/2026 3:00,15.621,65.851,14.2978,3.057
11095,5/24/2026 3:15,15.5988,65.851,14.2994,3.002
11096,5/24/2026 3:30,15.6017,65.68,14.2964,3.016
11097,5/24/2026 3:45,15.5881,65.68,14.2972,2.982
11098,5/24/2026 4:00,15.5898,65.68,14.2958,2.989
11099,5/24/2026 4:15,15.5778,65.68,14.3019,2.948
11100,5/24/2026 4:30,15.5813,65.68,14.3028,2.954
11101,5/24/2026 4:45,15.5773,65.509,14.2997,2.952
11102,5/24/2026 5:00,15.5655,65.509,14.3013,2.92
11103,5/24/2026 5:15,15.5586,65.509,14.3013,2.905
11104,5/24/2026 5:30,15.5637,65.509,14.3028,2.913
11105,5/24/2026 5:45,15.5672,65.509,14.3038,2.919
11106,5/24/2026 6:00,15.5586,65.509,14.3068,2.892
11107,5/24/2026 6:15,15.5534,65.509,14.3046,2.885
11108,5/24/2026 6:30,15.5569,65.509,14.3077,2.886
11109,5/24/2026 6:45,15.5552,65.509,14.3099,2.877
11110,5/24/2026 7:00,15.5534,65.509,14.312,2.868
11111,5/24/2026 7:15,15.5534,65.509,14.3141,2.863
11112,5/24/2026 7:30,15.562,65.509,14.3148,2.881
11113,5/24/2026 7:45,15.5488,65.68,14.3159,2.848
11114,5/24/2026 8:00,15.5523,65.68,14.3187,2.85
11115,5/24/2026 8:15,15.5437,65.68,14.322,2.822
11116,5/24/2026 8:30,15.5459,65.851,14.3168,2.839
11117,5/24/2026 8:45,15.5356,65.851,14.3207,2.807
11118,5/24/2026 9:00,15.5395,66.022,14.318,2.822
11119,5/24/2026 9:15,15.5208,66.022,14.3189,2.777
11120,5/24/2026 9:30,15.5366,66.193,14.3216,2.807
11121,5/24/2026 9:45,15.5353,66.366,14.3203,2.807
11122,5/24/2026 10:00,15.5375,66.537,14.3206,2.811
11123,5/24/2026 10:15,15.5256,66.537,14.3164,2.794
11124,5/24/2026 10:30,15.5298,66.879,14.3167,2.803
11125,5/24/2026 10:45,15.5337,67.05,14.3145,2.817
11126,5/24/2026 11:00,15.5222,67.221,14.3142,2.791
11127,5/24/2026 11:15,15.5261,67.392,14.3152,2.798
11128,5/24/2026 11:30,15.5346,67.392,14.3158,2.816
11129,5/24/2026 11:45,15.527,67.735,14.3149,2.801
11130,5/24/2026 12:00,15.5241,67.906,14.3177,2.788
11131,5/24/2026 12:15,15.5283,68.248,14.3113,2.812
11132,5/24/2026 12:30,15.5164,68.248,14.3125,2.782
11133,5/24/2026 12:45,15.5208,68.592,14.3086,2.801
11134,5/24/2026 13:00,15.5122,68.592,14.3064,2.787
11135,5/24/2026 13:15,15.5144,68.763,14.3058,2.793
11136,5/24/2026 13:30,15.5127,68.763,14.3075,2.785
11137,5/24/2026 13:45,15.5041,68.763,14.3026,2.777
11138,5/24/2026 14:00,15.4961,68.934,14.3009,2.762
11139,5/24/2026 14:15,15.5016,69.107,14.3028,2.771
11140,5/24/2026 14:30,15.4999,69.107,14.3009,2.771
11141,5/24/2026 14:45,15.4983,69.107,14.2991,2.771
11142,5/24/2026 15:00,15.488,69.107,14.2975,2.751
11143,5/24/2026 15:15,15.488,69.107,14.2991,2.748
11144,5/24/2026 15:30,15.4777,69.107,14.2975,2.728
11145,5/24/2026 15:45,15.4829,69.107,14.2952,2.745
11146,5/24/2026 16:00,15.4845,69.107,14.2964,2.746
11147,5/24/2026 16:15,15.4812,69.107,14.2959,2.739
11148,5/24/2026 16:30,15.4812,69.107,14.2974,2.736
11149,5/24/2026 16:45,15.4807,68.934,14.2985,2.732
11150,5/24/2026 17:00,15.479,68.934,14.2967,2.732
11151,5/24/2026 17:15,15.4768,68.763,14.3012,2.717
11152,5/24/2026 17:30,15.4751,68.763,14.303,2.709
11153,5/24/2026 17:45,15.4768,68.763,14.3064,2.705
11154,5/24/2026 18:00,15.4747,68.592,14.3043,2.705
11155,5/24/2026 18:15,15.4797,68.592,14.3119,2.699
11156,5/24/2026 18:30,15.4832,68.592,14.3158,2.698
11157,5/24/2026 18:45,15.481,68.421,14.3139,2.697
11158,5/24/2026 19:00,15.4828,68.421,14.3142,2.7
11159,5/24/2026 19:15,15.481,68.421,14.3173,2.689
11160,5/24/2026 19:30,15.4703,68.248,14.3155,2.669
11161,5/24/2026 19:45,15.4839,68.248,14.3203,2.689
11162,5/24/2026 20:00,15.4806,68.248,14.317,2.689
11163,5/24/2026 20:15,15.4823,68.248,14.3204,2.685
11164,5/24/2026 20:30,15.4818,68.077,14.3238,2.676
11165,5/24/2026 20:45,15.4852,68.077,14.3219,2.688
11166,5/24/2026 21:00,15.4989,68.077,14.3244,2.714
11167,5/24/2026 21:15,15.5143,68.077,14.3268,2.744
11168,5/24/2026 21:30,15.565,67.906,14.3262,2.863
11169,5/24/2026 21:45,15.6213,67.906,14.3297,2.985
11170,5/24/2026 22:00,15.6503,67.906,14.3328,3.045
11171,5/24/2026 22:15,15.6725,67.906,14.3342,3.092
11172,5/24/2026 22:30,15.6841,67.735,14.3331,3.122
11173,5/24/2026 22:45,15.6993,67.735,14.3309,3.162
11174,5/24/2026 23:00,15.7125,67.564,14.3303,3.194
11175,5/24/2026 23:15,15.707,67.392,14.3273,3.188
11176,5/24/2026 23:30,15.7275,67.392,14.3289,3.232
11177,5/24/2026 23:45,15.7304,67.221,14.3236,3.25
11178,5/25/2026 0:00,15.751,67.221,14.322,3.302
11179,5/25/2026 0:15,15.756,67.221,14.3231,3.311
11180,5/25/2026 0:30,15.7816,67.221,14.3168,3.384
11181,5/25/2026 0:45,15.7816,67.221,14.3154,3.388
11182,5/25/2026 1:00,15.7679,67.221,14.3154,3.356
11183,5/25/2026 1:15,15.7578,67.221,14.3101,3.345
11184,5/25/2026 1:30,15.771,67.05,14.3071,3.382
11185,5/25/2026 1:45,15.7556,67.05,14.3086,3.343
11186,5/25/2026 2:00,15.7568,66.879,14.3071,3.349
11187,5/25/2026 2:15,15.7398,66.879,14.3041,3.317
11188,5/25/2026 2:30,15.7552,66.879,14.2978,3.367
11189,5/25/2026 2:45,15.7602,66.879,14.2978,3.379
11190,5/25/2026 3:00,15.7602,66.879,14.2972,3.38
11191,5/25/2026 3:15,15.7631,66.708,14.292,3.399
11192,5/25/2026 3:30,15.7717,66.708,14.2914,3.42
11193,5/25/2026 3:45,15.8053,66.537,14.2914,3.498
11194,5/25/2026 4:00,15.8207,66.537,14.293,3.53
11195,5/25/2026 4:15,15.851,66.366,14.2909,3.605
11196,5/25/2026 4:30,15.8254,66.366,14.2933,3.54
11197,5/25/2026 4:45,15.8322,66.366,14.2958,3.55
11198,5/25/2026 5:00,15.8306,66.366,14.2967,3.544
11199,5/25/2026 5:15,15.8254,66.366,14.3013,3.521
11200,5/25/2026 5:30,15.8642,66.193,14.3007,3.612
11201,5/25/2026 5:45,15.8522,66.193,14.3038,3.577
11202,5/25/2026 6:00,15.8249,66.193,14.3062,3.509
11203,5/25/2026 6:15,15.8607,66.193,14.3093,3.584
11204,5/25/2026 6:30,15.8364,66.022,14.3078,3.531
11205,5/25/2026 6:45,15.8467,66.022,14.3099,3.551
11206,5/25/2026 7:00,15.8568,66.022,14.3112,3.571
11207,5/25/2026 7:15,15.8586,66.022,14.3139,3.569
11208,5/25/2026 7:30,15.8467,66.022,14.3181,3.531
11209,5/25/2026 7:45,15.8381,66.022,14.3199,3.508
11210,5/25/2026 8:00,15.8586,66.022,14.3202,3.554
11211,5/25/2026 8:15,15.8313,66.022,14.3226,3.486
11212,5/25/2026 8:30,15.8432,66.022,14.3235,3.511
11213,5/25/2026 8:45,15.8113,66.193,14.326,3.432
11214,5/25/2026 9:00,15.8284,66.193,14.3284,3.465
11215,5/25/2026 9:15,15.8203,66.366,14.3277,3.448
11216,5/25/2026 9:30,15.8088,66.537,14.3332,3.409
11217,5/25/2026 9:45,15.8093,66.708,14.3342,3.408
11218,5/25/2026 10:00,15.8143,66.708,14.3351,3.418
11219,5/25/2026 10:15,15.7978,66.879,14.3345,3.381
11220,5/25/2026 10:30,15.7948,67.05,14.3339,3.375
11221,5/25/2026 10:45,15.78,67.221,14.3326,3.344
11222,5/25/2026 11:00,15.7663,67.221,14.3352,3.307
11223,5/25/2026 11:15,15.7531,67.392,14.3342,3.279
11224,5/25/2026 11:30,15.7399,67.564,14.3355,3.245
11225,5/25/2026 11:45,15.7357,67.906,14.3335,3.24
11226,5/25/2026 12:00,15.7243,68.077,14.3338,3.213
11227,5/25/2026 12:15,15.7349,68.248,14.3351,3.235
11228,5/25/2026 12:30,15.7166,68.421,14.3323,3.199
11229,5/25/2026 12:45,15.7137,68.592,14.3336,3.189
11230,5/25/2026 13:00,15.6897,68.592,14.3306,3.141
11231,5/25/2026 13:15,15.6765,68.763,14.329,3.114
11232,5/25/2026 13:30,15.677,68.934,14.3265,3.121
11233,5/25/2026 13:45,15.6741,69.107,14.3254,3.117
11234,5/25/2026 14:00,15.6404,69.278,14.3238,3.043
11235,5/25/2026 14:15,15.6374,69.449,14.3229,3.038
11236,5/25/2026 14:30,15.6464,69.622,14.3215,3.062
11237,5/25/2026 14:45,15.6362,69.622,14.3212,3.039
11238,5/25/2026 15:00,15.6209,69.622,14.3157,3.017
11239,5/25/2026 15:15,15.6213,69.793,14.3178,3.013
11240,5/25/2026 15:30,15.611,69.793,14.3148,2.996
11241,5/25/2026 15:45,15.602,69.622,14.3141,2.977
11242,5/25/2026 16:00,15.6123,69.622,14.3151,2.998
11243,5/25/2026 16:15,15.5897,69.449,14.3132,2.95
11244,5/25/2026 16:30,15.5947,69.449,14.3173,2.953
11245,5/25/2026 16:45,15.5943,69.278,14.3168,2.952
11246,5/25/2026 17:00,15.5943,69.278,14.3183,2.949
11247,5/25/2026 17:15,15.5818,69.107,14.3186,2.92
11248,5/25/2026 17:30,15.5836,69.107,14.3174,2.926
11249,5/25/2026 17:45,15.5802,69.107,14.3197,2.913
11250,5/25/2026 18:00,15.5814,68.934,14.3222,2.91
11251,5/25/2026 18:15,15.5746,68.934,14.3204,2.898
11252,5/25/2026 18:30,15.5695,68.934,14.3232,2.88
11253,5/25/2026 18:45,15.5742,68.763,14.3268,2.883
11254,5/25/2026 19:00,15.5759,68.763,14.3277,2.885
11255,5/25/2026 19:15,15.5691,68.763,14.3299,2.864
11256,5/25/2026 19:30,15.5652,68.592,14.3342,2.845
11257,5/25/2026 19:45,15.5702,68.592,14.3348,2.855
11258,5/25/2026 20:00,15.5669,68.592,14.34,2.835
11259,5/25/2026 20:15,15.5733,68.421,14.337,2.857
11260,5/25/2026 20:30,15.5733,68.421,14.3394,2.851
11261,5/25/2026 20:45,15.5766,68.421,14.3387,2.861
11262,5/25/2026 21:00,15.5663,68.421,14.3422,2.829
11263,5/25/2026 21:15,15.5681,68.421,14.3439,2.829
11264,5/25/2026 21:30,15.5715,68.421,14.345,2.835
11265,5/25/2026 21:45,15.5727,68.248,14.3458,2.835
11266,5/25/2026 22:00,15.5643,68.248,14.3461,2.815
11267,5/25/2026 22:15,15.5625,68.248,14.347,2.809
11268,5/25/2026 22:30,15.5694,68.248,14.3495,2.819
11269,5/25/2026 22:45,15.5676,68.248,14.3474,2.82
11270,5/25/2026 23:00,15.5672,68.077,14.3437,2.827
11271,5/25/2026 23:15,15.5637,68.077,14.3477,2.81
11272,5/25/2026 23:30,15.5672,68.077,14.3439,2.827
11273,5/25/2026 23:45,15.5586,68.077,14.3434,2.808
11274,5/26/2026 0:00,15.5705,68.077,14.3397,2.844
11275,5/26/2026 0:15,15.565,67.906,14.3381,2.835
11276,5/26/2026 0:30,15.5633,67.906,14.3329,2.843
11277,5/26/2026 0:45,15.565,67.906,14.3309,2.852
11278,5/26/2026 1:00,15.5701,67.906,14.3257,2.876
11279,5/26/2026 1:15,15.5679,67.735,14.3249,2.872
11280,5/26/2026 1:30,15.5697,67.735,14.3235,2.88
11281,5/26/2026 1:45,15.5663,67.735,14.3197,2.881
11282,5/26/2026 2:00,15.5578,67.735,14.3161,2.869
11283,5/26/2026 2:15,15.5628,67.735,14.3161,2.881
11284,5/26/2026 2:30,15.5657,67.564,14.3171,2.885
11285,5/26/2026 2:45,15.5556,67.564,14.3171,2.862
11286,5/26/2026 3:00,15.5743,67.564,14.3149,2.91
11287,5/26/2026 3:15,15.5743,67.564,14.3158,2.908
11288,5/26/2026 3:30,15.5773,67.392,14.3144,2.918
11289,5/26/2026 3:45,15.5773,67.392,14.3152,2.916
11290,5/26/2026 4:00,15.5739,67.392,14.313,2.913
11291,5/26/2026 4:15,15.5875,67.392,14.3155,2.939
11292,5/26/2026 4:30,15.5802,67.221,14.3171,2.919
11293,5/26/2026 4:45,15.5785,67.221,14.3149,2.92
11294,5/26/2026 5:00,15.5699,67.221,14.3165,2.896
11295,5/26/2026 5:15,15.5836,67.221,14.3158,2.929
11296,5/26/2026 5:30,15.5785,67.221,14.3204,2.907
11297,5/26/2026 5:45,15.5666,67.221,14.3204,2.879
11298,5/26/2026 6:00,15.5717,67.221,14.322,2.887
11299,5/26/2026 6:15,15.5678,67.05,14.3251,2.871
11300,5/26/2026 6:30,15.5713,67.05,14.3235,2.883
11301,5/26/2026 6:45,15.5662,67.05,14.3297,2.857
11302,5/26/2026 7:00,15.573,67.05,14.3312,2.869
11303,5/26/2026 7:15,15.573,67.05,14.3309,2.87
11304,5/26/2026 7:30,15.5763,67.05,14.3306,2.878
11305,5/26/2026 7:45,15.5662,67.05,14.3309,2.854
11306,5/26/2026 8:00,15.5666,67.221,14.3315,2.854
11307,5/26/2026 8:15,15.5598,67.221,14.3326,2.835
11308,5/26/2026 8:30,15.5717,67.221,14.3326,2.863
11309,5/26/2026 8:45,15.5734,67.221,14.3357,2.86
11310,5/26/2026 9:00,15.5598,67.221,14.3312,2.839
11311,5/26/2026 9:15,15.5666,67.221,14.3339,2.848
11312,5/26/2026 9:30,15.5581,67.221,14.3318,2.833
11313,5/26/2026 9:45,15.5653,67.392,14.3329,2.848
11314,5/26/2026 10:00,15.562,67.392,14.3323,2.841
11315,5/26/2026 10:15,15.5556,67.564,14.331,2.83
11316,5/26/2026 10:30,15.5543,67.735,14.3299,2.829
11317,5/26/2026 10:45,15.5582,67.906,14.3307,2.836
11318,5/26/2026 11:00,15.5553,68.077,14.3277,2.837
11319,5/26/2026 11:15,15.5421,68.248,14.3281,2.805
11320,5/26/2026 11:30,15.5511,68.421,14.3268,2.829
11321,5/26/2026 11:45,15.5379,68.592,14.3257,2.801
11322,5/26/2026 12:00,15.5362,68.592,14.3236,2.802
11323,5/26/2026 12:15,15.5348,68.763,14.3203,2.807
11324,5/26/2026 12:30,15.5247,68.763,14.32,2.784
11325,5/26/2026 12:45,15.523,68.763,14.3203,2.779
11326,5/26/2026 13:00,15.5195,68.763,14.3177,2.777
11327,5/26/2026 13:15,15.5212,68.763,14.3155,2.786
11328,5/26/2026 13:30,15.5148,68.934,14.313,2.777
11329,5/26/2026 13:45,15.5243,69.278,14.3138,2.798
11330,5/26/2026 14:00,15.5106,69.278,14.3113,2.772
11331,5/26/2026 14:15,15.5214,69.449,14.3083,2.804
11332,5/26/2026 14:30,15.5196,69.449,14.303,2.812
11333,5/26/2026 14:45,15.5145,69.449,14.3088,2.787
11334,5/26/2026 15:00,15.5248,69.449,14.307,2.815
11335,5/26/2026 15:15,15.5163,69.449,14.3057,2.798
11336,5/26/2026 15:30,15.5158,69.278,14.3048,2.799
11337,5/26/2026 15:45,15.5227,69.278,14.3012,2.823
11338,5/26/2026 16:00,15.5187,69.107,14.3004,2.816
11339,5/26/2026 16:15,15.5153,69.107,14.3001,2.808
11340,5/26/2026 16:30,15.5221,69.107,14.301,2.822
11341,5/26/2026 16:45,15.5205,69.107,14.3001,2.82
11342,5/26/2026 17:00,15.5205,69.107,14.2996,2.822
11343,5/26/2026 17:15,15.5306,69.107,14.3013,2.841
11344,5/26/2026 17:30,15.5302,68.934,14.302,2.838
11345,5/26/2026 17:45,15.5421,68.934,14.3045,2.86
11346,5/26/2026 18:00,15.5383,68.763,14.3061,2.848
11347,5/26/2026 18:15,15.552,68.763,14.3067,2.878
11348,5/26/2026 18:30,15.5549,68.592,14.3075,2.883
11349,5/26/2026 18:45,15.5601,68.592,14.3072,2.895
11350,5/26/2026 19:00,15.5562,68.421,14.3078,2.885
11351,5/26/2026 19:15,15.5698,68.421,14.31,2.911
11352,5/26/2026 19:30,15.5681,68.421,14.312,2.903
11353,5/26/2026 19:45,15.5813,68.248,14.3133,2.93
11354,5/26/2026 20:00,15.5865,68.248,14.3161,2.936
11355,5/26/2026 20:15,15.5813,68.248,14.3164,2.923
11356,5/26/2026 20:30,15.5843,68.077,14.3175,2.927
11357,5/26/2026 20:45,15.5979,68.077,14.3225,2.947
11358,5/26/2026 21:00,15.5905,67.906,14.3197,2.937
11359,5/26/2026 21:15,15.5872,67.906,14.3216,2.925
11360,5/26/2026 21:30,15.585,67.735,14.3213,2.92
11361,5/26/2026 21:45,15.5953,67.735,14.3216,2.943
11362,5/26/2026 22:00,15.6,67.564,14.3249,2.946
11363,5/26/2026 22:15,15.5789,67.392,14.3238,2.9
11364,5/26/2026 22:30,15.5892,67.392,14.321,2.93
11365,5/26/2026 22:45,15.582,67.221,14.3219,2.912
11366,5/26/2026 23:00,15.5888,67.221,14.3207,2.93
11367,5/26/2026 23:15,15.5815,67.05,14.3186,2.918
11368,5/26/2026 23:30,15.5662,67.05,14.3196,2.88
11369,5/26/2026 23:45,15.5623,66.879,14.3144,2.883
11370,5/27/2026 0:00,15.5588,66.879,14.3138,2.877
11371,5/27/2026 0:15,15.5482,66.708,14.3116,2.857
11372,5/27/2026 0:30,15.5362,66.708,14.3094,2.834
11373,5/27/2026 0:45,15.546,66.537,14.3119,2.851
11374,5/27/2026 1:00,15.5392,66.537,14.3067,2.848
11375,5/27/2026 1:15,15.5238,66.537,14.3046,2.817
11376,5/27/2026 1:30,15.5353,66.366,14.3046,2.843
11377,5/27/2026 1:45,15.5166,66.366,14.3009,2.809
11378,5/27/2026 2:00,15.5144,66.193,14.3019,2.801
11379,5/27/2026 2:15,15.5127,66.193,14.2997,2.802
11380,5/27/2026 2:30,15.5041,66.193,14.2975,2.788
11381,5/27/2026 2:45,15.5019,66.022,14.2925,2.794
11382,5/27/2026 3:00,15.4964,65.851,14.2903,2.786
11383,5/27/2026 3:15,15.4896,65.851,14.2897,2.772
11384,5/27/2026 3:30,15.4929,65.851,14.2885,2.782
11385,5/27/2026 3:45,15.4892,65.68,14.2848,2.782
11386,5/27/2026 4:00,15.487,65.509,14.2858,2.775
11387,5/27/2026 4:15,15.4818,65.509,14.2836,2.768
11388,5/27/2026 4:30,15.4813,65.338,14.2845,2.765
11389,5/27/2026 4:45,15.4741,65.167,14.2839,2.749
11390,5/27/2026 5:00,15.4805,64.996,14.2855,2.76
11391,5/27/2026 5:15,15.477,64.996,14.2896,2.743
11392,5/27/2026 5:30,15.4765,64.825,14.2926,2.735
11393,5/27/2026 5:45,15.4715,64.825,14.2904,2.728
11394,5/27/2026 6:00,15.4886,64.825,14.2951,2.757
11395,5/27/2026 6:15,15.4765,64.825,14.2981,2.722
11396,5/27/2026 6:30,15.4834,64.825,14.3012,2.731
11397,5/27/2026 6:45,15.4765,64.825,14.3017,2.714
11398,5/27/2026 7:00,15.4765,64.825,14.3009,2.716
11399,5/27/2026 7:15,15.4749,64.825,14.302,2.709
11400,5/27/2026 7:30,15.4749,64.825,14.3062,2.7
11401,5/27/2026 7:45,15.4749,64.825,14.3049,2.703
11402,5/27/2026 8:00,15.477,64.996,14.3046,2.708
11403,5/27/2026 8:15,15.477,64.996,14.3071,2.702
11404,5/27/2026 8:30,15.4741,65.167,14.3058,2.699
11405,5/27/2026 8:45,15.4813,65.338,14.3075,2.712
11406,5/27/2026 9:00,15.4677,65.338,14.3078,2.679
11407,5/27/2026 9:15,15.4734,65.509,14.3072,2.694
11408,5/27/2026 9:30,15.472,65.68,14.309,2.687
11409,5/27/2026 9:45,15.469,65.851,14.309,2.68
11410,5/27/2026 10:00,15.4718,66.193,14.3084,2.688
11411,5/27/2026 10:15,15.4602,66.366,14.3099,2.658
11412,5/27/2026 10:30,15.4731,66.708,14.3093,2.689
11413,5/27/2026 10:45,15.4649,66.879,14.3087,2.672
11414,5/27/2026 11:00,15.462,67.05,14.3093,2.664
11415,5/27/2026 11:15,15.4607,67.221,14.3109,2.657
11416,5/27/2026 11:30,15.4565,67.564,14.3094,2.651
11417,5/27/2026 11:45,15.4554,67.735,14.308,2.651
11418,5/27/2026 12:00,15.4506,67.906,14.3049,2.647
11419,5/27/2026 12:15,15.4562,68.077,14.3054,2.659
11420,5/27/2026 12:30,15.4503,68.421,14.3042,2.649
11421,5/27/2026 12:45,15.4456,68.592,14.303,2.641
11422,5/27/2026 13:00,15.4474,68.592,14.2981,2.656
11423,5/27/2026 13:15,15.4393,68.763,14.2954,2.644
11424,5/27/2026 13:30,15.4329,68.934,14.2933,2.634
11425,5/27/2026 13:45,15.4385,69.107,14.2913,2.651
11426,5/27/2026 14:00,15.4346,68.934,14.2933,2.638
11427,5/27/2026 14:15,15.4278,68.934,14.2913,2.627
11428,5/27/2026 14:30,15.4243,68.934,14.2871,2.628
11429,5/27/2026 14:45,15.4261,68.934,14.2897,2.626
11430,5/27/2026 15:00,15.4278,68.934,14.2926,2.624
11431,5/27/2026 15:15,15.4239,68.763,14.293,2.613
11432,5/27/2026 15:30,15.4201,68.592,14.2935,2.604
11433,5/27/2026 15:45,15.4166,68.592,14.291,2.601
11434,5/27/2026 16:00,15.4127,68.421,14.291,2.592
11435,5/27/2026 16:15,15.4243,68.248,14.2936,2.613
11436,5/27/2026 16:30,15.4153,68.077,14.2932,2.593
11437,5/27/2026 16:45,15.4187,68.077,14.2952,2.596
11438,5/27/2026 17:00,15.4153,68.077,14.2948,2.589
11439,5/27/2026 17:15,15.4097,67.906,14.2927,2.581
11440,5/27/2026 17:30,15.4097,67.906,14.2925,2.582
11441,5/27/2026 17:45,15.4132,67.906,14.2917,2.591
11442,5/27/2026 18:00,15.4148,67.906,14.2929,2.592
11443,5/27/2026 18:15,15.4114,67.906,14.2972,2.575
11444,5/27/2026 18:30,15.4042,67.735,14.2955,2.562
11445,5/27/2026 18:45,15.4075,67.735,14.2948,2.571
11446,5/27/2026 19:00,15.4042,67.735,14.2977,2.557
11447,5/27/2026 19:15,15.4053,67.564,14.2985,2.557
11448,5/27/2026 19:30,15.4003,67.564,14.3023,2.537
11449,5/27/2026 19:45,15.4053,67.564,14.3032,2.547
11450,5/27/2026 20:00,15.4088,67.564,14.303,2.555
11451,5/27/2026 20:15,15.4032,67.392,14.3036,2.541
11452,5/27/2026 20:30,15.4049,67.392,14.3042,2.543
11453,5/27/2026 20:45,15.4117,67.392,14.3054,2.556
11454,5/27/2026 21:00,15.4084,67.392,14.3097,2.539
11455,5/27/2026 21:15,15.4117,67.392,14.3109,2.544
11456,5/27/2026 21:30,15.4168,67.392,14.309,2.56
11457,5/27/2026 21:45,15.4168,67.392,14.3093,2.559
11458,5/27/2026 22:00,15.4237,67.392,14.3142,2.564
11459,5/27/2026 22:15,15.4266,67.221,14.3136,2.572
11460,5/27/2026 22:30,15.4266,67.221,14.3139,2.571
11461,5/27/2026 22:45,15.4335,67.221,14.3133,2.588
11462,5/27/2026 23:00,15.4335,67.221,14.3112,2.593
11463,5/27/2026 23:15,15.4352,67.221,14.3074,2.606
11464,5/27/2026 23:30,15.4403,67.221,14.3084,2.615
11465,5/27/2026 23:45,15.4385,67.221,14.3078,2.613
11466,5/28/2026 0:00,15.4385,67.221,14.3057,2.618
11467,5/28/2026 0:15,15.4385,67.221,14.3059,2.617
11468,5/28/2026 0:30,15.4364,67.05,14.3023,2.62
11469,5/28/2026 0:45,15.4449,67.05,14.3032,2.638
11470,5/28/2026 1:00,15.4432,67.05,14.2996,2.642
11471,5/28/2026 1:15,15.4381,67.05,14.2958,2.639
11472,5/28/2026 1:30,15.4381,67.05,14.2961,2.639
11473,5/28/2026 1:45,15.4313,67.05,14.2925,2.631
11474,5/28/2026 2:00,15.4291,66.879,14.2894,2.633
11475,5/28/2026 2:15,15.4326,66.879,14.2919,2.636
11476,5/28/2026 2:30,15.4309,66.879,14.2851,2.647
11477,5/28/2026 2:45,15.4326,66.879,14.2836,2.655
11478,5/28/2026 3:00,15.4326,66.879,14.2814,2.66
11479,5/28/2026 3:15,15.4326,66.879,14.2845,2.653
11480,5/28/2026 3:30,15.4394,66.879,14.2809,2.677
11481,5/28/2026 3:45,15.4427,66.879,14.2824,2.681
11482,5/28/2026 4:00,15.4548,66.879,14.2817,2.71
11483,5/28/2026 4:15,15.4548,66.879,14.2797,2.715
11484,5/28/2026 4:30,15.4581,66.879,14.2811,2.719
11485,5/28/2026 4:45,15.4599,66.879,14.2775,2.732
11486,5/28/2026 5:00,15.4649,66.879,14.2806,2.737
11487,5/28/2026 5:15,15.477,66.879,14.2836,2.757
11488,5/28/2026 5:30,15.4906,66.879,14.283,2.79
11489,5/28/2026 5:45,15.5174,66.708,14.2861,2.845
11490,5/28/2026 6:00,15.5583,66.708,14.2901,2.93
11491,5/28/2026 6:15,15.6045,66.708,14.2901,3.037
11492,5/28/2026 6:30,15.6148,66.708,14.2926,3.055
11493,5/28/2026 6:45,15.6232,66.708,14.2926,3.074
11494,5/28/2026 7:00,15.6352,66.708,14.2946,3.097
11495,5/28/2026 7:15,15.6438,66.708,14.2993,3.106
11496,5/28/2026 7:30,15.6254,66.879,14.3014,3.059
11497,5/28/2026 7:45,15.622,66.879,14.3012,3.052
11498,5/28/2026 8:00,15.6207,67.05,14.3001,3.051
11499,5/28/2026 8:15,15.619,67.05,14.2977,3.053
11500,5/28/2026 8:30,15.6088,67.05,14.3042,3.014
11501,5/28/2026 8:45,15.6042,67.221,14.3054,3.001
11502,5/28/2026 9:00,15.6058,67.221,14.3075,3
11503,5/28/2026 9:15,15.6007,67.221,14.3065,2.99
11504,5/28/2026 9:30,15.5926,67.392,14.3078,2.969
11505,5/28/2026 9:45,15.5982,67.564,14.3059,2.986
11506,5/28/2026 10:00,15.5947,67.564,14.3115,2.965
11507,5/28/2026 10:15,15.5953,67.735,14.3096,2.971
11508,5/28/2026 10:30,15.5901,67.735,14.3099,2.958
11509,5/28/2026 10:45,15.5905,67.906,14.309,2.961
11510,5/28/2026 11:00,15.5894,68.077,14.3057,2.966
11511,5/28/2026 11:15,15.5779,68.248,14.3065,2.938
11512,5/28/2026 11:30,15.5753,68.592,14.3051,2.935
11513,5/28/2026 11:45,15.5691,68.763,14.3088,2.912
11514,5/28/2026 12:00,15.5695,68.934,14.3104,2.91
11515,5/28/2026 12:15,15.566,68.934,14.3083,2.907
11516,5/28/2026 12:30,15.5585,69.278,14.3077,2.891
11517,5/28/2026 12:45,15.5554,69.449,14.3042,2.892
11518,5/28/2026 13:00,15.5492,69.622,14.3012,2.885
11519,5/28/2026 13:15,15.5411,69.793,14.2991,2.871
11520,5/28/2026 13:30,15.5347,69.964,14.3009,2.852
11521,5/28/2026 13:45,15.5266,70.137,14.2956,2.845
11522,5/28/2026 14:00,15.5334,70.137,14.2938,2.865
11523,5/28/2026 14:15,15.5156,70.48,14.2901,2.833
11524,5/28/2026 14:30,15.5208,70.48,14.2922,2.84
11525,5/28/2026 14:45,15.514,70.48,14.2864,2.838
11526,5/28/2026 15:00,15.5037,70.48,14.2868,2.813
11527,5/28/2026 15:15,15.4986,70.48,14.2842,2.807
11528,5/28/2026 15:30,15.4918,70.48,14.2824,2.795
11529,5/28/2026 15:45,15.4832,70.48,14.2798,2.782
11530,5/28/2026 16:00,15.4879,70.308,14.2781,2.796
11531,5/28/2026 16:15,15.481,70.308,14.2787,2.779
11532,5/28/2026 16:30,15.4776,70.308,14.2769,2.775
11533,5/28/2026 16:45,15.472,70.137,14.2804,2.754
11534,5/28/2026 17:00,15.4686,70.137,14.281,2.745
11535,5/28/2026 17:15,15.4549,70.137,14.2819,2.711
11536,5/28/2026 17:30,15.4567,70.137,14.2813,2.717
11537,5/28/2026 17:45,15.4562,69.964,14.2838,2.71
11538,5/28/2026 18:00,15.4613,69.964,14.2868,2.715
11539,5/28/2026 18:15,15.4574,69.793,14.2869,2.705
11540,5/28/2026 18:30,15.4523,69.793,14.2874,2.693
11541,5/28/2026 18:45,15.4506,69.793,14.2867,2.69
11542,5/28/2026 19:00,15.457,69.622,14.2887,2.7
11543,5/28/2026 19:15,15.4552,69.622,14.2882,2.697
11544,5/28/2026 19:30,15.4599,69.449,14.2917,2.7
11545,5/28/2026 19:45,15.4548,69.449,14.2949,2.681
11546,5/28/2026 20:00,15.4565,69.449,14.2942,2.686
11547,5/28/2026 20:15,15.4612,69.278,14.2965,2.692
11548,5/28/2026 20:30,15.4561,69.278,14.3017,2.668
11549,5/28/2026 20:45,15.4539,69.107,14.3023,2.661
11550,5/28/2026 21:00,15.4539,69.107,14.3004,2.666
11551,5/28/2026 21:15,15.4522,69.107,14.3048,2.652
11552,5/28/2026 21:30,15.4517,68.934,14.3043,2.652
11553,5/28/2026 21:45,15.4483,68.934,14.3087,2.634
11554,5/28/2026 22:00,15.4449,68.934,14.3038,2.637
11555,5/28/2026 22:15,15.4513,68.763,14.3087,2.641
11556,5/28/2026 22:30,15.4478,68.763,14.3059,2.639
11557,5/28/2026 22:45,15.4478,68.763,14.3046,2.642
11558,5/28/2026 23:00,15.4546,68.763,14.3065,2.653
11559,5/28/2026 23:15,15.4507,68.592,14.3059,2.646
11560,5/28/2026 23:30,15.4456,68.592,14.3054,2.635
11561,5/28/2026 23:45,15.4439,68.592,14.3048,2.632
11562,5/29/2026 0:00,15.4423,68.592,14.3041,2.63
11563,5/29/2026 0:15,15.4439,68.592,14.302,2.639
11564,5/29/2026 0:30,15.4423,68.592,14.3013,2.637
11565,5/29/2026 0:45,15.447,68.421,14.2977,2.656
11566,5/29/2026 1:00,15.4452,68.421,14.2955,2.657
11567,5/29/2026 1:15,15.4401,68.421,14.2949,2.647
11568,5/29/2026 1:30,15.4401,68.421,14.2903,2.657
11569,5/29/2026 1:45,15.4396,68.248,14.2867,2.664
11570,5/29/2026 2:00,15.4327,68.248,14.283,2.657
11571,5/29/2026 2:15,15.443,68.248,14.2869,2.672
11572,5/29/2026 2:30,15.4391,68.077,14.288,2.66
11573,5/29/2026 2:45,15.4391,68.077,14.2842,2.669
11574,5/29/2026 3:00,15.4358,68.077,14.2836,2.662
11575,5/29/2026 3:15,15.4369,67.906,14.28,2.673
11576,5/29/2026 3:30,15.449,67.906,14.2794,2.703
11577,5/29/2026 3:45,15.4519,67.735,14.2803,2.707
11578,5/29/2026 4:00,15.4587,67.735,14.2781,2.728
11579,5/29/2026 4:15,15.4638,67.735,14.2761,2.744
11580,5/29/2026 4:30,15.4617,67.564,14.2753,2.741
11581,5/29/2026 4:45,15.4702,67.564,14.2739,2.764
11582,5/29/2026 5:00,15.4583,67.564,14.2748,2.735
11583,5/29/2026 5:15,15.4633,67.564,14.2758,2.744
11584,5/29/2026 5:30,15.4612,67.392,14.2788,2.732
11585,5/29/2026 5:45,15.4561,67.392,14.2827,2.711
11586,5/29/2026 6:00,15.4578,67.392,14.2859,2.708
11587,5/29/2026 6:15,15.4629,67.392,14.2852,2.721
11588,5/29/2026 6:30,15.4544,67.392,14.2868,2.698
11589,5/29/2026 6:45,15.4561,67.392,14.289,2.697
11590,5/29/2026 7:00,15.4596,67.392,14.2904,2.701
11591,5/29/2026 7:15,15.4629,67.392,14.2942,2.7
11592,5/29/2026 7:30,15.4561,67.392,14.2962,2.68
11593,5/29/2026 7:45,15.4493,67.392,14.2959,2.665
11594,5/29/2026 8:00,15.4528,67.392,14.2956,2.674
11595,5/29/2026 8:15,15.451,67.392,14.2984,2.663
11596,5/29/2026 8:30,15.451,67.392,14.2996,2.661
11597,5/29/2026 8:45,15.4493,67.392,14.3007,2.654
11598,5/29/2026 9:00,15.4515,67.564,14.2999,2.661
11599,5/29/2026 9:15,15.4532,67.564,14.301,2.662
11600,5/29/2026 9:30,15.4501,67.735,14.3007,2.656
11601,5/29/2026 9:45,15.4501,67.735,14.3001,2.657
11602,5/29/2026 10:00,15.458,68.077,14.3026,2.67
11603,5/29/2026 10:15,15.4567,68.248,14.301,2.671
11604,5/29/2026 10:30,15.4571,68.421,14.3019,2.67
11605,5/29/2026 10:45,15.4645,68.592,14.3065,2.676
11606,5/29/2026 11:00,15.4628,68.592,14.3054,2.675
11607,5/29/2026 11:15,15.4665,68.763,14.3048,2.685
11608,5/29/2026 11:30,15.4641,69.107,14.3059,2.677
11609,5/29/2026 11:45,15.4577,69.278,14.3023,2.67
11610,5/29/2026 12:00,15.4565,69.449,14.3017,2.669
11611,5/29/2026 12:15,15.457,69.622,14.3013,2.671
11612,5/29/2026 12:30,15.4578,69.964,14.3013,2.673
11613,5/29/2026 12:45,15.4499,70.137,14.2977,2.663
11614,5/29/2026 13:00,15.449,70.48,14.2942,2.669
11615,5/29/2026 13:15,15.4443,70.651,14.2906,2.667
11616,5/29/2026 13:30,15.4414,70.824,14.294,2.652
11617,5/29/2026 13:45,15.4362,70.824,14.2913,2.647
11618,5/29/2026 14:00,15.4329,70.824,14.2917,2.638
11619,5/29/2026 14:15,15.43,70.995,14.2891,2.637
11620,5/29/2026 14:30,15.4316,70.995,14.2864,2.647
11621,5/29/2026 14:45,15.4322,71.168,14.2893,2.642
11622,5/29/2026 15:00,15.4269,71.168,14.2849,2.64
11623,5/29/2026 15:15,15.4269,71.168,14.2855,2.639
11624,5/29/2026 15:30,15.4133,71.168,14.2838,2.611
11625,5/29/2026 15:45,15.4162,70.995,14.2829,2.62
11626,5/29/2026 16:00,15.4078,70.995,14.2811,2.604
11627,5/29/2026 16:15,15.4021,70.824,14.2809,2.592
11628,5/29/2026 16:30,15.4056,70.824,14.2816,2.598
11629,5/29/2026 16:45,15.4068,70.651,14.2803,2.604
11630,5/29/2026 17:00,15.4013,70.48,14.2855,2.579
11631,5/29/2026 17:15,15.4042,70.308,14.2832,2.591
11632,5/29/2026 17:30,15.4076,70.308,14.2846,2.596
11633,5/29/2026 17:45,15.4003,70.137,14.2855,2.577
11634,5/29/2026 18:00,15.3969,70.137,14.2858,2.568
11635,5/29/2026 18:15,15.3998,69.964,14.2884,2.569
11636,5/29/2026 18:30,15.3947,69.964,14.2891,2.555
11637,5/29/2026 18:45,15.3981,69.964,14.2904,2.56
11638,5/29/2026 19:00,15.3943,69.793,14.2898,2.553
11639,5/29/2026 19:15,15.3926,69.793,14.2916,2.545
11640,5/29/2026 19:30,15.3959,69.793,14.2925,2.55
11641,5/29/2026 19:45,15.3972,69.622,14.2954,2.547
11642,5/29/2026 20:00,15.3921,69.622,14.2954,2.535
11643,5/29/2026 20:15,15.4001,69.449,14.299,2.545
11644,5/29/2026 20:30,15.3968,69.449,14.2996,2.536
11645,5/29/2026 20:45,15.3946,69.278,14.3023,2.524
11646,5/29/2026 21:00,15.3997,69.278,14.3051,2.53
11647,5/29/2026 21:15,15.3958,69.107,14.3062,2.518
11648,5/29/2026 21:30,15.3975,69.107,14.309,2.516
11649,5/29/2026 21:45,15.3924,69.107,14.3109,2.5
11650,5/29/2026 22:00,15.4005,68.934,14.309,2.523
11651,5/29/2026 22:15,15.3988,68.934,14.3139,2.507
11652,5/29/2026 22:30,15.3988,68.934,14.3112,2.514
11653,5/29/2026 22:45,15.3949,68.763,14.313,2.5
11654,5/29/2026 23:00,15.3931,68.763,14.3117,2.499
11655,5/29/2026 23:15,15.3898,68.763,14.3081,2.5
11656,5/29/2026 23:30,15.3945,68.592,14.3075,2.512
11657,5/29/2026 23:45,15.3894,68.592,14.3038,2.509
11658,5/30/2026 0:00,15.3826,68.592,14.3017,2.498
11659,5/30/2026 0:15,15.3791,68.592,14.3001,2.493
11660,5/30/2026 0:30,15.3769,68.421,14.2949,2.5
11661,5/30/2026 0:45,15.3752,68.421,14.2958,2.494
11662,5/30/2026 1:00,15.3804,68.421,14.2907,2.518
11663,5/30/2026 1:15,15.3765,68.248,14.2885,2.514
11664,5/30/2026 1:30,15.3799,68.248,14.2885,2.522
11665,5/30/2026 1:45,15.3782,68.248,14.2864,2.523
11666,5/30/2026 2:00,15.3747,68.248,14.288,2.511
11667,5/30/2026 2:15,15.3743,68.077,14.2864,2.514
11668,5/30/2026 2:30,15.3692,68.077,14.2827,2.511
11669,5/30/2026 2:45,15.3657,68.077,14.2781,2.513
11670,5/30/2026 3:00,15.3653,67.906,14.2759,2.517
11671,5/30/2026 3:15,15.3636,67.906,14.2753,2.515
11672,5/30/2026 3:30,15.3585,67.906,14.2764,2.501
11673,5/30/2026 3:45,15.3563,67.735,14.2742,2.501
11674,5/30/2026 4:00,15.3546,67.735,14.2742,2.496
11675,5/30/2026 4:15,15.3491,67.564,14.2736,2.485
11676,5/30/2026 4:30,15.3508,67.564,14.2745,2.487
11677,5/30/2026 4:45,15.3456,67.564,14.2739,2.476
11678,5/30/2026 5:00,15.3504,67.392,14.2733,2.489
11679,5/30/2026 5:15,15.3451,67.392,14.2758,2.471
11680,5/30/2026 5:30,15.3515,67.221,14.2782,2.48
11681,5/30/2026 5:45,15.3533,67.221,14.2791,2.482
11682,5/30/2026 6:00,15.3566,67.221,14.2832,2.48
11683,5/30/2026 6:15,15.3618,67.221,14.2826,2.494
11684,5/30/2026 6:30,15.3652,67.221,14.2846,2.497
11685,5/30/2026 6:45,15.3647,67.05,14.2877,2.489
11686,5/30/2026 7:00,15.3647,67.05,14.2884,2.487
11687,5/30/2026 7:15,15.3698,67.05,14.2896,2.496
11688,5/30/2026 7:30,15.3682,67.05,14.2898,2.492
11689,5/30/2026 7:45,15.3715,67.05,14.2932,2.492
11690,5/30/2026 8:00,15.3788,67.221,14.2935,2.508
11691,5/30/2026 8:15,15.372,67.221,14.2983,2.481
11692,5/30/2026 8:30,15.3737,67.221,14.3014,2.478
11693,5/30/2026 8:45,15.3691,67.392,14.299,2.473
11694,5/30/2026 9:00,15.3725,67.392,14.3045,2.468
11695,5/30/2026 9:15,15.3759,67.392,14.3043,2.476
11696,5/30/2026 9:30,15.3746,67.564,14.3074,2.466
11697,5/30/2026 9:45,15.3682,67.735,14.3093,2.447
11698,5/30/2026 10:00,15.3739,67.906,14.3078,2.463
11699,5/30/2026 10:15,15.371,68.077,14.3062,2.46
11700,5/30/2026 10:30,15.3696,68.248,14.3045,2.461
11701,5/30/2026 10:45,15.3683,68.421,14.302,2.464
11702,5/30/2026 11:00,15.3659,68.763,14.3043,2.453
11703,5/30/2026 11:15,15.372,69.107,14.3007,2.476
11704,5/30/2026 11:30,15.3689,69.278,14.2996,2.471
11705,5/30/2026 11:45,15.3678,69.449,14.2975,2.474
11706,5/30/2026 12:00,15.3631,69.622,14.2985,2.461
11707,5/30/2026 12:15,15.3721,69.793,14.2988,2.481
11708,5/30/2026 12:30,15.3605,69.964,14.2996,2.452
11709,5/30/2026 12:45,15.3605,69.964,14.2965,2.459
11710,5/30/2026 13:00,15.3554,69.964,14.2949,2.451
11711,5/30/2026 13:15,15.3554,69.964,14.2925,2.457
11712,5/30/2026 13:30,15.3541,70.137,14.2913,2.457
11713,5/30/2026 13:45,15.3479,70.308,14.2856,2.455
11714,5/30/2026 14:00,15.3462,70.308,14.2875,2.447
11715,5/30/2026 14:15,15.3462,70.308,14.2864,2.45
11716,5/30/2026 14:30,15.3376,70.308,14.2819,2.44
11717,5/30/2026 14:45,15.3409,70.308,14.2806,2.451
11718,5/30/2026 15:00,15.3347,70.48,14.2768,2.445
11719,5/30/2026 15:15,15.338,70.48,14.2759,2.455
11720,5/30/2026 15:30,15.3359,70.308,14.2774,2.447
11721,5/30/2026 15:45,15.3363,70.48,14.2774,2.448
11722,5/30/2026 16:00,15.338,70.48,14.2717,2.465
11723,5/30/2026 16:15,15.329,70.308,14.273,2.441
11724,5/30/2026 16:30,15.3341,70.308,14.2733,2.452
11725,5/30/2026 16:45,15.3354,70.137,14.271,2.46
11726,5/30/2026 17:00,15.3354,70.137,14.2756,2.45
11727,5/30/2026 17:15,15.3372,70.137,14.2769,2.451
11728,5/30/2026 17:30,15.3457,70.137,14.2764,2.472
11729,5/30/2026 17:45,15.3469,69.964,14.2793,2.468
11730,5/30/2026 18:00,15.3435,69.964,14.2824,2.453
11731,5/30/2026 18:15,15.3435,69.964,14.2832,2.451
11732,5/30/2026 18:30,15.3469,69.964,14.2832,2.459
11733,5/30/2026 18:45,15.3533,69.793,14.2838,2.472
11734,5/30/2026 19:00,15.3515,69.793,14.2861,2.463
11735,5/30/2026 19:15,15.3562,69.622,14.2884,2.468
11736,5/30/2026 19:30,15.3562,69.622,14.2867,2.472
11737,5/30/2026 19:45,15.3609,69.449,14.2859,2.485
11738,5/30/2026 20:00,15.3678,69.449,14.2911,2.488
11739,5/30/2026 20:15,15.3757,69.278,14.2917,2.505
11740,5/30/2026 20:30,15.3741,69.278,14.2938,2.497
11741,5/30/2026 20:45,15.3757,69.278,14.2919,2.505
11742,5/30/2026 21:00,15.3741,69.278,14.2916,2.502
11743,5/30/2026 21:15,15.377,69.107,14.2927,2.506
11744,5/30/2026 21:30,15.377,69.107,14.2909,2.51
11745,5/30/2026 21:45,15.3805,69.107,14.2927,2.514
11746,5/30/2026 22:00,15.3852,68.934,14.2946,2.52
11747,5/30/2026 22:15,15.3868,68.934,14.2933,2.527
11748,5/30/2026 22:30,15.3852,68.934,14.2927,2.525
11749,5/30/2026 22:45,15.3881,68.763,14.2922,2.533
11750,5/30/2026 23:00,15.4017,68.763,14.2939,2.56
11751,5/30/2026 23:15,15.4034,68.763,14.2919,2.569
11752,5/30/2026 23:30,15.3949,68.763,14.2897,2.554
11753,5/30/2026 23:45,15.3945,68.592,14.2869,2.559
11754,5/31/2026 0:00,15.391,68.592,14.2862,2.553
11755,5/31/2026 0:15,15.3791,68.592,14.2842,2.53
11756,5/31/2026 0:30,15.3791,68.592,14.282,2.535
11757,5/31/2026 0:45,15.3804,68.421,14.2845,2.533
11758,5/31/2026 1:00,15.3683,68.421,14.2787,2.518
11759,5/31/2026 1:15,15.3633,68.421,14.2781,2.508
11760,5/31/2026 1:30,15.3615,68.421,14.2759,2.509
11761,5/31/2026 1:45,15.356,68.248,14.2732,2.502
11762,5/31/2026 2:00,15.3543,68.248,14.2726,2.5
11763,5/31/2026 2:15,15.3492,68.248,14.2704,2.493
11764,5/31/2026 2:30,15.3453,68.077,14.2698,2.485
11765,5/31/2026 2:45,15.3435,68.077,14.2692,2.483
11766,5/31/2026 3:00,15.347,68.077,14.2701,2.489
11767,5/31/2026 3:15,15.3418,68.077,14.2665,2.485
11768,5/31/2026 3:30,15.3499,67.906,14.2658,2.505
11769,5/31/2026 3:45,15.3482,67.906,14.2646,2.504
11770,5/31/2026 4:00,15.3431,67.906,14.2656,2.49
11771,5/31/2026 4:15,15.3398,67.906,14.2634,2.487
11772,5/31/2026 4:30,15.3466,67.906,14.2659,2.497
11773,5/31/2026 4:45,15.3414,67.906,14.2668,2.483
11774,5/31/2026 5:00,15.3363,67.906,14.2662,2.473
11775,5/31/2026 5:15,15.3312,67.906,14.2687,2.455
11776,5/31/2026 5:30,15.3328,67.906,14.265,2.467
11777,5/31/2026 5:45,15.3324,67.735,14.2711,2.452
11778,5/31/2026 6:00,15.3308,67.735,14.2695,2.452
11779,5/31/2026 6:15,15.3273,67.735,14.2727,2.437
11780,5/31/2026 6:30,15.3341,67.735,14.2748,2.448
11781,5/31/2026 6:45,15.329,67.735,14.2753,2.435
11782,5/31/2026 7:00,15.3324,67.735,14.2806,2.43
11783,5/31/2026 7:15,15.3376,67.735,14.2819,2.44
11784,5/31/2026 7:30,15.3341,67.735,14.2814,2.432
11785,5/31/2026 7:45,15.3345,67.906,14.2803,2.436
11786,5/31/2026 8:00,15.3363,67.906,14.2775,2.447
11787,5/31/2026 8:15,15.3398,67.906,14.2814,2.446
11788,5/31/2026 8:30,15.3385,68.077,14.2817,2.442
11789,5/31/2026 8:45,15.3435,68.077,14.2856,2.445
11790,5/31/2026 9:00,15.3406,68.248,14.2851,2.439
11791,5/31/2026 9:15,15.3428,68.421,14.2853,2.444
11792,5/31/2026 9:30,15.3446,68.421,14.2862,2.446
11793,5/31/2026 9:45,15.3433,68.592,14.2872,2.44
11794,5/31/2026 10:00,15.3386,68.763,14.2867,2.431
11795,5/31/2026 10:15,15.3419,68.763,14.2845,2.444
11796,5/31/2026 10:30,15.3408,68.934,14.2864,2.437
11797,5/31/2026 10:45,15.3395,69.107,14.2858,2.435
11798,5/31/2026 11:00,15.3344,69.107,14.2852,2.425
11799,5/31/2026 11:15,15.3298,69.278,14.2832,2.419
11800,5/31/2026 11:30,15.325,69.449,14.2811,2.413
11801,5/31/2026 11:45,15.3238,69.622,14.2784,2.416
11802,5/31/2026 12:00,15.3208,69.793,14.2788,2.408
11803,5/31/2026 12:15,15.3282,69.964,14.281,2.42
11804,5/31/2026 12:30,15.3235,70.137,14.2794,2.413
11805,5/31/2026 12:45,15.3171,70.308,14.2772,2.404
11806,5/31/2026 13:00,15.3154,70.308,14.2769,2.4
11807,5/31/2026 13:15,15.3125,70.48,14.2769,2.394
11808,5/31/2026 13:30,15.3108,70.48,14.2723,2.4
11809,5/31/2026 13:45,15.3061,70.651,14.2736,2.387
11810,5/31/2026 14:00,15.3026,70.651,14.2743,2.377
11811,5/31/2026 14:15,15.2941,70.651,14.2706,2.366
11812,5/31/2026 14:30,15.2923,70.651,14.2681,2.368
11813,5/31/2026 14:45,15.2868,70.48,14.2681,2.355
11814,5/31/2026 15:00,15.2834,70.48,14.2662,2.351
11815,5/31/2026 15:15,15.28,70.48,14.2668,2.342
11816,5/31/2026 15:30,15.2851,70.48,14.2658,2.356
11817,5/31/2026 15:45,15.2847,70.308,14.2626,2.362
11818,5/31/2026 16:00,15.2847,70.308,14.2601,2.368
11819,5/31/2026 16:15,15.2864,70.308,14.2591,2.375
11820,5/31/2026 16:30,15.286,70.137,14.2598,2.372
11821,5/31/2026 16:45,15.2961,70.137,14.2607,2.393
11822,5/31/2026 17:00,15.2961,70.137,14.261,2.393
11823,5/31/2026 17:15,15.3008,69.964,14.2582,2.41
11824,5/31/2026 17:30,15.3042,69.964,14.2578,2.419
11825,5/31/2026 17:45,15.3055,69.793,14.2575,2.422
11826,5/31/2026 18:00,15.3157,69.793,14.2608,2.438
11827,5/31/2026 18:15,15.317,69.622,14.2575,2.449
11828,5/31/2026 18:30,15.3306,69.622,14.2592,2.476
11829,5/31/2026 18:45,15.3285,69.449,14.262,2.465
11830,5/31/2026 19:00,15.3421,69.449,14.2623,2.496
11831,5/31/2026 19:15,15.3506,69.449,14.2636,2.512
11832,5/31/2026 19:30,15.3638,69.278,14.2655,2.539
11833,5/31/2026 19:45,15.3826,69.278,14.2678,2.576
11834,5/31/2026 20:00,15.4133,69.278,14.2697,2.643
11835,5/31/2026 20:15,15.4287,69.278,14.2716,2.674
11836,5/31/2026 20:30,15.4458,69.278,14.2724,2.712
11837,5/31/2026 20:45,15.4372,69.278,14.2749,2.686
11838,5/31/2026 21:00,15.4504,69.107,14.278,2.71
11839,5/31/2026 21:15,15.4623,69.107,14.2774,2.739
11840,5/31/2026 21:30,15.4658,69.107,14.2798,2.741
11841,5/31/2026 21:45,15.4744,69.107,14.2777,2.766
11842,5/31/2026 22:00,15.4983,69.107,14.2801,2.815
11843,5/31/2026 22:15,15.5205,69.107,14.2801,2.867
11844,5/31/2026 22:30,15.5563,69.107,14.2811,2.947
11845,5/31/2026 22:45,15.6003,68.934,14.2804,3.05
11846,5/31/2026 23:00,15.6139,68.934,14.2804,3.082
11847,5/31/2026 23:15,15.6361,68.934,14.2784,3.138
11848,5/31/2026 23:30,15.6275,68.934,14.2746,3.127
11849,5/31/2026 23:45,15.6425,68.763,14.2701,3.172
11850,6/1/2026 0:00,15.6475,68.763,14.271,3.181
11851,6/1/2026 0:15,15.6493,68.763,14.2688,3.19
11852,6/1/2026 0:30,15.6425,68.763,14.2658,3.182
11853,6/1/2026 0:45,15.6271,68.763,14.2652,3.147
11854,6/1/2026 1:00,15.6197,68.592,14.263,3.135
11855,6/1/2026 1:15,15.6113,68.592,14.263,3.116
11856,6/1/2026 1:30,15.5992,68.592,14.2616,3.091
11857,6/1/2026 1:45,15.6027,68.592,14.2585,3.106
11858,6/1/2026 2:00,15.5942,68.592,14.2553,3.094
11859,6/1/2026 2:15,15.6045,68.592,14.2539,3.121
11860,6/1/2026 2:30,15.6061,68.592,14.2553,3.122
11861,6/1/2026 2:45,15.5874,68.592,14.2569,3.075
11862,6/1/2026 3:00,15.5992,68.592,14.2569,3.102
11863,6/1/2026 3:15,15.6078,68.592,14.2575,3.121
11864,6/1/2026 3:30,15.6197,68.592,14.2545,3.155
11865,6/1/2026 3:45,15.6197,68.592,14.2529,3.159
11866,6/1/2026 4:00,15.6283,68.592,14.2575,3.168
11867,6/1/2026 4:15,15.5946,68.763,14.2545,3.097
11868,6/1/2026 4:30,15.6078,68.592,14.256,3.124
11869,6/1/2026 4:45,15.6164,68.592,14.2585,3.138
11870,6/1/2026 5:00,15.6317,68.592,14.2594,3.171
11871,6/1/2026 5:15,15.6227,68.421,14.2547,3.161
11872,6/1/2026 5:30,15.6449,68.421,14.2563,3.209
11873,6/1/2026 5:45,15.65,68.421,14.2542,3.226
11874,6/1/2026 6:00,15.6632,68.248,14.2613,3.24
11875,6/1/2026 6:15,15.6768,68.248,14.2643,3.264
11876,6/1/2026 6:30,15.6821,68.248,14.2652,3.274
11877,6/1/2026 6:45,15.7127,68.248,14.2674,3.34
11878,6/1/2026 7:00,15.7115,68.421,14.269,3.334
11879,6/1/2026 7:15,15.708,68.421,14.2679,3.328
11880,6/1/2026 7:30,15.7251,68.421,14.2685,3.366
11881,6/1/2026 7:45,15.7286,68.421,14.2677,3.376
11882,6/1/2026 8:00,15.795,68.421,14.2729,3.518
11883,6/1/2026 8:15,15.8122,68.421,14.2688,3.567
11884,6/1/2026 8:30,15.7921,68.592,14.274,3.508
11885,6/1/2026 8:45,15.8178,68.592,14.2732,3.57
11886,6/1/2026 9:00,15.8383,68.592,14.2735,3.616
11887,6/1/2026 9:15,15.8194,68.592,14.2732,3.573
11888,6/1/2026 9:30,15.837,68.763,14.2721,3.616
11889,6/1/2026 9:45,15.8132,68.763,14.2679,3.571
11890,6/1/2026 10:00,15.8101,68.934,14.2697,3.56
11891,6/1/2026 10:15,15.7787,69.278,14.2691,3.489
11892,6/1/2026 10:30,15.7621,69.449,14.2732,3.441
11893,6/1/2026 10:45,15.7637,69.449,14.27,3.452
11894,6/1/2026 11:00,15.7575,69.622,14.2685,3.441
11895,6/1/2026 11:15,15.734,69.793,14.2677,3.389
11896,6/1/2026 11:30,15.7072,69.964,14.2675,3.328
11897,6/1/2026 11:45,15.6889,70.137,14.2645,3.292
11898,6/1/2026 12:00,15.6841,70.308,14.263,3.285
11899,6/1/2026 12:15,15.6317,70.48,14.2601,3.17
11900,6/1/2026 12:30,15.6258,70.824,14.2595,3.158
11901,6/1/2026 12:45,15.6165,71.168,14.2582,3.14
11902,6/1/2026 13:00,15.6016,71.339,14.2614,3.098
11903,6/1/2026 13:15,15.5879,71.339,14.2585,3.073
11904,6/1/2026 13:30,15.573,71.512,14.2534,3.051
11905,6/1/2026 13:45,15.5576,71.512,14.2546,3.012
11906,6/1/2026 14:00,15.5479,71.683,14.2488,3.003
11907,6/1/2026 14:15,15.5393,71.683,14.2508,2.979
11908,6/1/2026 14:30,15.5257,71.683,14.2521,2.944
11909,6/1/2026 14:45,15.5222,71.683,14.2498,2.942
11910,6/1/2026 15:00,15.5086,71.683,14.2513,2.907
11911,6/1/2026 15:15,15.5,71.683,14.2491,2.892
11912,6/1/2026 15:30,15.4967,71.683,14.2495,2.883
11913,6/1/2026 15:45,15.4847,71.683,14.2491,2.856
11914,6/1/2026 16:00,15.4813,71.683,14.2471,2.853
11915,6/1/2026 16:15,15.4739,71.512,14.2488,2.832
11916,6/1/2026 16:30,15.4809,71.512,14.2484,2.849
11917,6/1/2026 16:45,15.486,71.512,14.2504,2.856
11918,6/1/2026 17:00,15.5047,71.512,14.2508,2.899
11919,6/1/2026 17:15,15.544,71.512,14.2529,2.985
11920,6/1/2026 17:30,15.5538,71.339,14.2543,3.004
11921,6/1/2026 17:45,15.5623,71.339,14.2549,3.022
11922,6/1/2026 18:00,15.5721,71.168,14.2545,3.046
11923,6/1/2026 18:15,15.5772,71.168,14.2556,3.055
11924,6/1/2026 18:30,15.5994,71.168,14.2584,3.1
11925,6/1/2026 18:45,15.6268,71.168,14.261,3.157
11926,6/1/2026 19:00,15.6792,70.995,14.2623,3.275
11927,6/1/2026 19:15,15.7356,70.995,14.2656,3.398
11928,6/1/2026 19:30,15.7578,70.995,14.2682,3.443
11929,6/1/2026 19:45,15.8,70.824,14.2717,3.533
11930,6/1/2026 20:00,15.8085,70.824,14.275,3.545
11931,6/1/2026 20:15,15.981,70.824,14.2753,3.943
11932,6/1/2026 20:30,16.1159,70.824,14.2778,4.249
11933,6/1/2026 20:45,16.1209,70.824,14.2781,4.26
11934,6/1/2026 21:00,16.0612,70.824,14.2759,4.127
11935,6/1/2026 21:15,16.0773,70.48,14.2777,4.16
11936,6/1/2026 21:30,16.087,70.308,14.2832,4.169
11937,6/1/2026 21:45,16.0461,70.308,14.282,4.078
11938,6/1/2026 22:00,16.0751,70.308,14.2829,4.143
11939,6/1/2026 22:15,16.07,70.308,14.2869,4.122
11940,6/1/2026 22:30,16.0819,70.308,14.2832,4.158
11941,6/1/2026 22:45,16.0679,70.137,14.2826,4.126
11942,6/1/2026 23:00,16.0918,70.137,14.2835,4.18
11943,6/1/2026 23:15,16.061,70.137,14.2804,4.116
11944,6/1/2026 23:30,16.0439,70.137,14.2814,4.074
11945,6/1/2026 23:45,16.0383,69.964,14.2782,4.068
11946,6/2/2026 0:00,16.04,69.964,14.2782,4.072
11947,6/2/2026 0:15,16.0332,69.964,14.2777,4.058
11948,6/2/2026 0:30,16.0161,69.964,14.2762,4.021
11949,6/2/2026 0:45,16.0976,69.793,14.274,4.215
11950,6/2/2026 1:00,16.1027,69.793,14.271,4.234
11951,6/2/2026 1:15,16.1488,69.793,14.2658,4.352
11952,6/2/2026 1:30,16.1057,69.622,14.2672,4.249
11953,6/2/2026 1:45,16.1073,69.622,14.2642,4.26
11954,6/2/2026 2:00,16.0493,69.622,14.2636,4.127
11955,6/2/2026 2:15,16.0629,69.622,14.2605,4.166
11956,6/2/2026 2:30,16.1057,69.622,14.259,4.268
11957,6/2/2026 2:45,16.1176,69.622,14.2537,4.308
11958,6/2/2026 3:00,16.1495,69.449,14.2523,4.385
11959,6/2/2026 3:15,16.1513,69.449,14.2578,4.376
11960,6/2/2026 3:30,16.066,69.449,14.2578,4.179
11961,6/2/2026 3:45,16.0711,69.449,14.2578,4.191
11962,6/2/2026 4:00,16.0199,69.449,14.2556,4.078
11963,6/2/2026 4:15,16.042,69.449,14.2572,4.125
11964,6/2/2026 4:30,15.9805,69.449,14.2565,3.985
11965,6/2/2026 4:45,15.943,69.449,14.2581,3.894
11966,6/2/2026 5:00,15.9375,69.278,14.2575,3.883
11967,6/2/2026 5:15,15.9272,69.278,14.2636,3.845
11968,6/2/2026 5:30,15.9647,69.278,14.2666,3.925
11969,6/2/2026 5:45,15.9476,69.278,14.2666,3.885
11970,6/2/2026 6:00,15.9562,69.278,14.2666,3.905
11971,6/2/2026 6:15,15.9169,69.278,14.2759,3.793
11972,6/2/2026 6:30,15.8964,69.278,14.2804,3.735
11973,6/2/2026 6:45,15.9425,69.278,14.2851,3.831
11974,6/2/2026 7:00,15.9032,69.278,14.2881,3.733
11975,6/2/2026 7:15,15.9311,69.449,14.2903,3.792
11976,6/2/2026 7:30,15.9805,69.449,14.2887,3.91
11977,6/2/2026 7:45,16.0027,69.449,14.2909,3.956
11978,6/2/2026 8:00,16.0625,69.449,14.2884,4.1
11979,6/2/2026 8:15,16.0608,69.449,14.2906,4.091
11980,6/2/2026 8:30,16.0864,69.449,14.2942,4.142
11981,6/2/2026 8:45,16.0835,69.622,14.2949,4.134
11982,6/2/2026 9:00,16.1108,69.622,14.3001,4.185
11983,6/2/2026 9:15,16.0715,69.622,14.2991,4.096
11984,6/2/2026 9:30,16.0664,69.622,14.3013,4.08
11985,6/2/2026 9:45,16.0374,69.622,14.3026,4.01
11986,6/2/2026 10:00,16.0515,69.793,14.3054,4.036
11987,6/2/2026 10:15,16.0191,69.793,14.302,3.969
11988,6/2/2026 10:30,16.0908,69.793,14.3023,4.134
11989,6/2/2026 10:45,16.0293,69.793,14.301,3.995
11990,6/2/2026 11:00,16.0213,69.964,14.2984,3.982
11991,6/2/2026 11:15,16.0178,69.964,14.3012,3.968
11992,6/2/2026 11:30,15.9991,69.964,14.3001,3.927
11993,6/2/2026 11:45,16.0127,69.964,14.2956,3.969
11994,6/2/2026 12:00,16.0046,70.137,14.2956,3.95
11995,6/2/2026 12:15,16.0029,70.137,14.2925,3.953
11996,6/2/2026 12:30,15.9842,70.137,14.2925,3.91
11997,6/2/2026 12:45,15.9893,70.137,14.2923,3.922
11998,6/2/2026 13:00,15.9569,70.137,14.2968,3.837
11999,6/2/2026 13:15,16.0064,70.137,14.2938,3.959
12000,6/2/2026 13:30,15.9795,70.308,14.2929,3.899
12001,6/2/2026 13:45,15.9761,70.308,14.2929,3.891
12002,6/2/2026 14:00,15.942,70.308,14.2888,3.821
12003,6/2/2026 14:15,15.9488,70.308,14.2858,3.844
12004,6/2/2026 14:30,15.9556,70.308,14.2827,3.867
12005,6/2/2026 14:45,15.942,70.308,14.2797,3.842
12006,6/2/2026 15:00,15.8673,70.48,14.2788,3.672
12007,6/2/2026 15:15,15.8963,70.48,14.2764,3.744
12008,6/2/2026 15:30,15.8963,70.48,14.2785,3.739
12009,6/2/2026 15:45,15.8587,70.48,14.2807,3.648
12010,6/2/2026 16:00,15.8365,70.48,14.2819,3.594
12011,6/2/2026 16:15,15.8741,70.48,14.2823,3.679
12012,6/2/2026 16:30,15.8486,70.48,14.2826,3.62
12013,6/2/2026 16:45,15.8264,70.48,14.2861,3.56
12014,6/2/2026 17:00,15.8571,70.48,14.2874,3.628
12015,6/2/2026 17:15,15.8468,70.48,14.2865,3.607
12016,6/2/2026 17:30,15.8264,70.48,14.2874,3.557
12017,6/2/2026 17:45,15.8178,70.48,14.2913,3.529
12018,6/2/2026 18:00,15.811,70.48,14.2916,3.512
12019,6/2/2026 18:15,15.8264,70.48,14.2925,3.546
12020,6/2/2026 18:30,15.7871,70.48,14.2911,3.458
12021,6/2/2026 18:45,15.8007,70.48,14.2945,3.482
12022,6/2/2026 19:00,15.7836,70.48,14.2896,3.453
12023,6/2/2026 19:15,15.7717,70.48,14.2945,3.415
12024,6/2/2026 19:30,15.7734,70.48,14.2956,3.416
12025,6/2/2026 19:45,15.7546,70.48,14.3006,3.361
12026,6/2/2026 20:00,15.7649,70.48,14.3009,3.384
12027,6/2/2026 20:15,15.7409,70.48,14.3051,3.319
12028,6/2/2026 20:30,15.761,70.308,14.3084,3.357
12029,6/2/2026 20:45,15.737,70.308,14.3133,3.291
12030,6/2/2026 21:00,15.7337,70.308,14.309,3.293
12031,6/2/2026 21:15,15.7456,70.308,14.3109,3.316
12032,6/2/2026 21:30,15.7302,70.308,14.3128,3.276
12033,6/2/2026 21:45,15.7179,70.137,14.3136,3.246
12034,6/2/2026 22:00,15.6957,70.137,14.3175,3.185
12035,6/2/2026 22:15,15.7179,70.137,14.3194,3.232
12036,6/2/2026 22:30,15.7111,70.137,14.3189,3.218
12037,6/2/2026 22:45,15.694,70.137,14.3213,3.173
12038,6/2/2026 23:00,15.6905,70.137,14.3191,3.17
12039,6/2/2026 23:15,15.6957,70.137,14.32,3.18
12040,6/2/2026 23:30,15.6883,69.964,14.3225,3.157
12041,6/2/2026 23:45,15.6696,69.964,14.3203,3.119
12042,6/3/2026 0:00,15.6729,69.964,14.3213,3.124
12043,6/3/2026 0:15,15.661,69.964,14.3175,3.105
12044,6/3/2026 0:30,15.656,69.964,14.3191,3.09
12045,6/3/2026 0:45,15.6486,69.793,14.3164,3.079
12046,6/3/2026 1:00,15.6401,69.793,14.3126,3.068
12047,6/3/2026 1:15,15.6349,69.793,14.3136,3.054
12048,6/3/2026 1:30,15.614,69.622,14.3161,3
12049,6/3/2026 1:45,15.6294,69.622,14.3139,3.04
12050,6/3/2026 2:00,15.6158,69.622,14.3148,3.007
12051,6/3/2026 2:15,15.6158,69.622,14.3142,3.008
12052,6/3/2026 2:30,15.6072,69.622,14.3167,2.983
12053,6/3/2026 2:45,15.6084,69.449,14.3183,2.982
12054,6/3/2026 3:00,15.605,69.449,14.3152,2.981
12055,6/3/2026 3:15,15.6084,69.449,14.3145,2.99
12056,6/3/2026 3:30,15.6084,69.449,14.3161,2.987
12057,6/3/2026 3:45,15.5947,69.449,14.317,2.953
12058,6/3/2026 4:00,15.5892,69.278,14.3155,2.944
12059,6/3/2026 4:15,15.5875,69.278,14.318,2.934
12060,6/3/2026 4:30,15.5943,69.278,14.3194,2.946
12061,6/3/2026 4:45,15.5875,69.278,14.321,2.927
12062,6/3/2026 5:00,15.5824,69.278,14.3194,2.919
12063,6/3/2026 5:15,15.5755,69.278,14.321,2.899
12064,6/3/2026 5:30,15.5858,69.278,14.3189,2.928
12065,6/3/2026 5:45,15.567,69.278,14.3189,2.885
12066,6/3/2026 6:00,15.5768,69.107,14.3235,2.896
12067,6/3/2026 6:15,15.5802,69.107,14.326,2.899
12068,6/3/2026 6:30,15.5717,69.107,14.326,2.879
12069,6/3/2026 6:45,15.5631,69.107,14.329,2.852
12070,6/3/2026 7:00,15.5728,68.934,14.3342,2.863
12071,6/3/2026 7:15,15.5627,68.934,14.3364,2.834
12072,6/3/2026 7:30,15.5627,68.934,14.337,2.833
12073,6/3/2026 7:45,15.5643,68.934,14.3376,2.835
12074,6/3/2026 8:00,15.561,68.934,14.3403,2.821
12075,6/3/2026 8:15,15.5695,68.934,14.3384,2.845
12076,6/3/2026 8:30,15.5682,69.107,14.3397,2.839
12077,6/3/2026 8:45,15.5614,69.107,14.3384,2.826
12078,6/3/2026 9:00,15.5636,69.278,14.3381,2.832
12079,6/3/2026 9:15,15.5554,69.449,14.34,2.809
12080,6/3/2026 9:30,15.5554,69.449,14.3425,2.803
12081,6/3/2026 9:45,15.5547,69.793,14.3444,2.797
12082,6/3/2026 10:00,15.5466,69.964,14.3468,2.773
12083,6/3/2026 10:15,15.5454,70.137,14.3432,2.779
12084,6/3/2026 10:30,15.5424,70.308,14.3448,2.768
12085,6/3/2026 10:45,15.5377,70.48,14.3457,2.755
12086,6/3/2026 11:00,15.5302,70.824,14.3428,2.745
12087,6/3/2026 11:15,15.5289,70.995,14.3397,2.749
12088,6/3/2026 11:30,15.5299,71.339,14.3423,2.745
12089,6/3/2026 11:45,15.5269,71.512,14.3387,2.747
12090,6/3/2026 12:00,15.5189,71.683,14.3381,2.73
12091,6/3/2026 12:15,15.5198,72.028,14.3361,2.737
12092,6/3/2026 12:30,15.5169,72.199,14.3373,2.727
12093,6/3/2026 12:45,15.5071,72.372,14.3331,2.715
12094,6/3/2026 13:00,15.5012,72.718,14.331,2.706
12095,6/3/2026 13:15,15.5016,72.891,14.3331,2.702
12096,6/3/2026 13:30,15.5005,73.062,14.3303,2.706
12097,6/3/2026 13:45,15.4987,73.062,14.3277,2.708
12098,6/3/2026 14:00,15.4924,73.234,14.3297,2.688
12099,6/3/2026 14:15,15.4855,73.234,14.3287,2.675
12100,6/3/2026 14:30,15.4826,73.407,14.3254,2.676
12101,6/3/2026 14:45,15.486,73.407,14.3236,2.688
12102,6/3/2026 15:00,15.4826,73.407,14.3265,2.673
12103,6/3/2026 15:15,15.4757,73.407,14.3248,2.661
12104,6/3/2026 15:30,15.4684,73.234,14.3239,2.646
12105,6/3/2026 15:45,15.4684,73.234,14.3238,2.647
12106,6/3/2026 16:00,15.4633,73.234,14.3229,2.637
12107,6/3/2026 16:15,15.4526,73.062,14.3203,2.618
12108,6/3/2026 16:30,15.4544,73.062,14.3216,2.619
12109,6/3/2026 16:45,15.4504,72.891,14.3184,2.617
12110,6/3/2026 17:00,15.447,72.891,14.322,2.601
12111,6/3/2026 17:15,15.4465,72.718,14.3241,2.595
12112,6/3/2026 17:30,15.4483,72.718,14.3225,2.603
12113,6/3/2026 17:45,15.4461,72.545,14.327,2.587
12114,6/3/2026 18:00,15.4443,72.545,14.3254,2.587
12115,6/3/2026 18:15,15.4388,72.372,14.3274,2.57
12116,6/3/2026 18:30,15.4404,72.372,14.3299,2.568
12117,6/3/2026 18:45,15.4451,72.199,14.3319,2.574
12118,6/3/2026 19:00,15.44,72.199,14.332,2.562
12119,6/3/2026 19:15,15.4361,72.028,14.3328,2.551
12120,6/3/2026 19:30,15.4413,72.028,14.3345,2.559
12121,6/3/2026 19:45,15.4429,72.028,14.3345,2.563
12122,6/3/2026 20:00,15.4391,71.856,14.3383,2.545
12123,6/3/2026 20:15,15.4477,71.856,14.336,2.57
12124,6/3/2026 20:30,15.4403,71.683,14.3374,2.55
12125,6/3/2026 20:45,15.4352,71.683,14.3435,2.524
12126,6/3/2026 21:00,15.4467,71.512,14.3434,2.551
12127,6/3/2026 21:15,15.4484,71.512,14.3429,2.556
12128,6/3/2026 21:30,15.4445,71.339,14.3451,2.541
12129,6/3/2026 21:45,15.4496,71.339,14.3448,2.554
12130,6/3/2026 22:00,15.4544,71.168,14.3474,2.559
12131,6/3/2026 22:15,15.4544,71.168,14.3463,2.562
12132,6/3/2026 22:30,15.4526,71.168,14.3474,2.555
12133,6/3/2026 22:45,15.459,70.995,14.3477,2.569
12134,6/3/2026 23:00,15.4555,70.995,14.348,2.56
12135,6/3/2026 23:15,15.4573,70.995,14.3489,2.562
12136,6/3/2026 23:30,15.45,70.824,14.3492,2.545
12137,6/3/2026 23:45,15.4516,70.824,14.3471,2.553
12138,6/4/2026 0:00,15.4465,70.824,14.3428,2.551
12139,6/4/2026 0:15,15.4443,70.651,14.3437,2.544
12140,6/4/2026 0:30,15.4478,70.651,14.3477,2.543
12141,6/4/2026 0:45,15.4443,70.651,14.3434,2.545
12142,6/4/2026 1:00,15.4388,70.48,14.3412,2.537
12143,6/4/2026 1:15,15.4336,70.48,14.3376,2.534
12144,6/4/2026 1:30,15.4349,70.308,14.337,2.538
12145,6/4/2026 1:45,15.4332,70.308,14.3357,2.537
12146,6/4/2026 2:00,15.4332,70.308,14.3351,2.538
12147,6/4/2026 2:15,15.4259,70.137,14.3315,2.53
12148,6/4/2026 2:30,15.4208,70.137,14.3323,2.516
12149,6/4/2026 2:45,15.4242,70.137,14.3318,2.525
12150,6/4/2026 3:00,15.4169,69.964,14.3296,2.513
12151,6/4/2026 3:15,15.4101,69.964,14.329,2.499
12152,6/4/2026 3:30,15.4117,69.964,14.3274,2.506
12153,6/4/2026 3:45,15.4066,69.964,14.3268,2.496
12154,6/4/2026 4:00,15.413,69.793,14.3268,2.511
12155,6/4/2026 4:15,15.4181,69.793,14.3293,2.517
12156,6/4/2026 4:30,15.4216,69.793,14.3293,2.525
12157,6/4/2026 4:45,15.4216,69.793,14.3277,2.528
12158,6/4/2026 5:00,15.4266,69.793,14.3247,2.547
12159,6/4/2026 5:15,15.4313,69.622,14.3271,2.552
12160,6/4/2026 5:30,15.433,69.622,14.3271,2.556
12161,6/4/2026 5:45,15.4348,69.622,14.3281,2.558
12162,6/4/2026 6:00,15.4398,69.622,14.3312,2.562
12163,6/4/2026 6:15,15.4467,69.622,14.3367,2.565
12164,6/4/2026 6:30,15.4433,69.622,14.3351,2.561
12165,6/4/2026 6:45,15.4497,69.449,14.3397,2.565
12166,6/4/2026 7:00,15.4599,69.449,14.3444,2.578
12167,6/4/2026 7:15,15.4616,69.449,14.3419,2.588
12168,6/4/2026 7:30,15.4752,69.449,14.3441,2.614
12169,6/4/2026 7:45,15.4838,69.449,14.3431,2.636
12170,6/4/2026 8:00,15.4873,69.449,14.3458,2.638
12171,6/4/2026 8:15,15.4906,69.449,14.3464,2.644
12172,6/4/2026 8:30,15.4945,69.622,14.3471,2.652
12173,6/4/2026 8:45,15.4963,69.622,14.3458,2.659
12174,6/4/2026 9:00,15.4928,69.622,14.3464,2.65
12175,6/4/2026 9:15,15.4945,69.622,14.3477,2.651
12176,6/4/2026 9:30,15.4864,69.793,14.3452,2.638
12177,6/4/2026 9:45,15.4852,69.964,14.348,2.629
12178,6/4/2026 10:00,15.4868,69.964,14.3467,2.635
12179,6/4/2026 10:15,15.4822,70.137,14.3464,2.625
12180,6/4/2026 10:30,15.4861,70.308,14.3474,2.632
12181,6/4/2026 10:45,15.4832,70.48,14.3468,2.627
12182,6/4/2026 11:00,15.4854,70.651,14.3515,2.621
12183,6/4/2026 11:15,15.479,70.824,14.3539,2.601
12184,6/4/2026 11:30,15.4726,70.995,14.3487,2.598
12185,6/4/2026 11:45,15.4838,71.339,14.3513,2.618
12186,6/4/2026 12:00,15.4803,71.339,14.3499,2.613
12187,6/4/2026 12:15,15.4655,71.512,14.3454,2.589
12188,6/4/2026 12:30,15.4728,71.683,14.3486,2.599
12189,6/4/2026 12:45,15.471,71.683,14.3457,2.602
12190,6/4/2026 13:00,15.4732,71.856,14.3429,2.613
12191,6/4/2026 13:15,15.4664,71.856,14.3455,2.591
12192,6/4/2026 13:30,15.4681,71.856,14.3413,2.605
12193,6/4/2026 13:45,15.4699,71.856,14.3412,2.609
12194,6/4/2026 14:00,15.4736,72.028,14.3416,2.617
12195,6/4/2026 14:15,15.4874,72.028,14.3405,2.652
12196,6/4/2026 14:30,15.4908,72.028,14.3393,2.662
12197,6/4/2026 14:45,15.4942,72.028,14.3383,2.672
12198,6/4/2026 15:00,15.4942,72.028,14.3396,2.669
12199,6/4/2026 15:15,15.489,72.028,14.3418,2.652
12200,6/4/2026 15:30,15.4958,72.028,14.3381,2.677
12201,6/4/2026 15:45,15.4857,72.028,14.3387,2.652
12202,6/4/2026 16:00,15.4921,71.856,14.3355,2.674
12203,6/4/2026 16:15,15.5053,71.683,14.3377,2.699
12204,6/4/2026 16:30,15.5018,71.683,14.3383,2.69
12205,6/4/2026 16:45,15.5031,71.512,14.3406,2.687
12206,6/4/2026 17:00,15.5064,71.512,14.3397,2.697
12207,6/4/2026 17:15,15.5077,71.339,14.3421,2.695
12208,6/4/2026 17:30,15.5179,71.339,14.3435,2.715
12209,6/4/2026 17:45,15.5277,71.168,14.3457,2.733
12210,6/4/2026 18:00,15.5346,71.168,14.3432,2.754
12211,6/4/2026 18:15,15.5528,70.995,14.3457,2.79
12212,6/4/2026 18:30,15.5836,70.995,14.3467,2.859
12213,6/4/2026 18:45,15.5933,70.824,14.3463,2.883
12214,6/4/2026 19:00,15.6049,70.651,14.3531,2.894
12215,6/4/2026 19:15,15.6203,70.651,14.3545,2.926
12216,6/4/2026 19:30,15.6471,70.48,14.3531,2.991
12217,6/4/2026 19:45,15.6676,70.48,14.3569,3.03
12218,6/4/2026 20:00,15.6761,70.48,14.3576,3.048
12219,6/4/2026 20:15,15.6858,70.308,14.3589,3.067
12220,6/4/2026 20:30,15.6893,70.308,14.3595,3.074
12221,6/4/2026 20:45,15.6973,70.137,14.364,3.082
12222,6/4/2026 21:00,15.694,70.137,14.3605,3.082
12223,6/4/2026 21:15,15.7037,69.964,14.3657,3.093
12224,6/4/2026 21:30,15.7003,69.964,14.3669,3.082
12225,6/4/2026 21:45,15.7169,69.793,14.368,3.118
12226,6/4/2026 22:00,15.7118,69.793,14.3714,3.098
12227,6/4/2026 22:15,15.7305,69.793,14.3686,3.148
12228,6/4/2026 22:30,15.7147,69.622,14.3705,3.107
12229,6/4/2026 22:45,15.7199,69.622,14.3677,3.125
12230,6/4/2026 23:00,15.7283,69.622,14.3686,3.143
12231,6/4/2026 23:15,15.7193,69.449,14.3664,3.127
12232,6/4/2026 23:30,15.7246,69.449,14.3621,3.149
12233,6/4/2026 23:45,15.7211,69.449,14.3584,3.149
12234,6/5/2026 0:00,15.7121,69.278,14.3587,3.128
12235,6/5/2026 0:15,15.707,69.278,14.3566,3.121
12236,6/5/2026 0:30,15.7035,69.278,14.3529,3.121
12237,6/5/2026 0:45,15.6996,69.107,14.3508,3.117
12238,6/5/2026 1:00,15.6928,69.107,14.3486,3.107
12239,6/5/2026 1:15,15.6792,69.107,14.3489,3.074
12240,6/5/2026 1:30,15.6826,69.107,14.3467,3.088
12241,6/5/2026 1:45,15.6702,68.934,14.3492,3.053
12242,6/5/2026 2:00,15.6616,68.934,14.3502,3.031
12243,6/5/2026 2:15,15.6462,68.934,14.345,3.007
12244,6/5/2026 2:30,15.6407,68.763,14.3458,2.993
12245,6/5/2026 2:45,15.6271,68.763,14.3406,2.973
12246,6/5/2026 3:00,15.6014,68.763,14.34,2.915
12247,6/5/2026 3:15,15.5992,68.592,14.3379,2.915
12248,6/5/2026 3:30,15.5856,68.592,14.3373,2.885
12249,6/5/2026 3:45,15.5805,68.592,14.3397,2.867
12250,6/5/2026 4:00,15.5698,68.421,14.3392,2.844
12251,6/5/2026 4:15,15.5544,68.421,14.3348,2.818
12252,6/5/2026 4:30,15.5511,68.421,14.3373,2.805
12253,6/5/2026 4:45,15.5505,68.248,14.3351,2.809
12254,6/5/2026 5:00,15.5335,68.248,14.3361,2.767
12255,6/5/2026 5:15,15.5351,68.248,14.3354,2.772
12256,6/5/2026 5:30,15.5279,68.077,14.3386,2.748
12257,6/5/2026 5:45,15.5331,68.077,14.341,2.755
12258,6/5/2026 6:00,15.5211,68.077,14.3419,2.725
12259,6/5/2026 6:15,15.5177,68.077,14.3435,2.713
12260,6/5/2026 6:30,15.5109,68.077,14.3435,2.698
12261,6/5/2026 6:45,15.5125,68.077,14.3435,2.701
12262,6/5/2026 7:00,15.5024,68.077,14.3435,2.678
12263,6/5/2026 7:15,15.5006,68.077,14.3502,2.658
12264,6/5/2026 7:30,15.5006,68.077,14.3538,2.65
12265,6/5/2026 7:45,15.4989,68.077,14.3554,2.642
12266,6/5/2026 8:00,15.4903,68.077,14.3566,2.62
12267,6/5/2026 8:15,15.496,68.248,14.3532,2.641
12268,6/5/2026 8:30,15.4942,68.248,14.3551,2.632
12269,6/5/2026 8:45,15.4947,68.421,14.3599,2.622
12270,6/5/2026 9:00,15.4913,68.421,14.3582,2.619
12271,6/5/2026 9:15,15.4883,68.592,14.3579,2.612
12272,6/5/2026 9:30,15.4819,68.763,14.3606,2.591
12273,6/5/2026 9:45,15.4751,68.763,14.3602,2.577
12274,6/5/2026 10:00,15.4755,68.934,14.3606,2.577
12275,6/5/2026 10:15,15.4739,68.934,14.3624,2.569
12276,6/5/2026 10:30,15.4825,68.934,14.3634,2.586
12277,6/5/2026 10:45,15.4722,68.934,14.3653,2.558
12278,6/5/2026 11:00,15.4744,69.107,14.364,2.566
12279,6/5/2026 11:15,15.459,69.107,14.3628,2.533
12280,6/5/2026 11:30,15.4629,69.278,14.3641,2.54
12281,6/5/2026 11:45,15.4561,69.278,14.3616,2.529
12282,6/5/2026 12:00,15.4526,69.278,14.3638,2.516
12283,6/5/2026 12:15,15.4565,69.449,14.3577,2.54
12284,6/5/2026 12:30,15.4497,69.449,14.3592,2.52
12285,6/5/2026 12:45,15.4497,69.449,14.3522,2.537
12286,6/5/2026 13:00,15.4451,69.622,14.3534,2.523
12287,6/5/2026 13:15,15.4403,69.793,14.3538,2.511
12288,6/5/2026 13:30,15.4387,69.793,14.3489,2.519
12289,6/5/2026 13:45,15.4356,69.964,14.3499,2.51
12290,6/5/2026 14:00,15.4361,70.137,14.3463,2.519
12291,6/5/2026 14:15,15.4264,70.308,14.3489,2.491
12292,6/5/2026 14:30,15.4314,70.308,14.3468,2.507
12293,6/5/2026 14:45,15.4222,70.651,14.3425,2.496
12294,6/5/2026 15:00,15.4222,70.651,14.3399,2.502
12295,6/5/2026 15:15,15.4171,70.651,14.3386,2.493
12296,6/5/2026 15:30,15.4171,70.651,14.3371,2.496
12297,6/5/2026 15:45,15.4081,70.48,14.3344,2.482
12298,6/5/2026 16:00,15.4132,70.48,14.3331,2.497
12299,6/5/2026 16:15,15.4046,70.48,14.3326,2.478
12300,6/5/2026 16:30,15.4007,70.308,14.3344,2.465
12301,6/5/2026 16:45,15.4024,70.308,14.3325,2.473
12302,6/5/2026 17:00,15.4024,70.308,14.3338,2.47
12303,6/5/2026 17:15,15.4003,70.137,14.3336,2.465
12304,6/5/2026 17:30,15.3969,70.137,14.3365,2.451
12305,6/5/2026 17:45,15.3934,70.137,14.3402,2.435
12306,6/5/2026 18:00,15.3947,69.964,14.3423,2.432
12307,6/5/2026 18:15,15.3913,69.964,14.3463,2.415
12308,6/5/2026 18:30,15.3926,69.793,14.3476,2.415
12309,6/5/2026 18:45,15.3857,69.793,14.3471,2.401
12310,6/5/2026 19:00,15.3904,69.622,14.3495,2.406
12311,6/5/2026 19:15,15.3853,69.622,14.3489,2.395
12312,6/5/2026 19:30,15.3847,69.449,14.3503,2.391
12313,6/5/2026 19:45,15.3882,69.449,14.3519,2.395
12314,6/5/2026 20:00,15.3911,69.278,14.3526,2.4
12315,6/5/2026 20:15,15.3878,69.278,14.3534,2.391
12316,6/5/2026 20:30,15.386,69.278,14.3548,2.383
12317,6/5/2026 20:45,15.3873,69.107,14.3579,2.379
12318,6/5/2026 21:00,15.3839,69.107,14.3553,2.377
12319,6/5/2026 21:15,15.3788,69.107,14.3558,2.364
12320,6/5/2026 21:30,15.3799,68.934,14.357,2.364
12321,6/5/2026 21:45,15.3749,68.934,14.3567,2.353
12322,6/5/2026 22:00,15.3749,68.934,14.3609,2.343
12323,6/5/2026 22:15,15.3813,68.763,14.3576,2.366
12324,6/5/2026 22:30,15.3762,68.763,14.3603,2.348
12325,6/5/2026 22:45,15.3778,68.763,14.359,2.354
12326,6/5/2026 23:00,15.3791,68.592,14.3593,2.357
12327,6/5/2026 23:15,15.3757,68.592,14.3566,2.355
12328,6/5/2026 23:30,15.3705,68.592,14.3554,2.346
12329,6/5/2026 23:45,15.3705,68.592,14.3532,2.351
12330,6/6/2026 0:00,15.3688,68.592,14.3489,2.357
12331,6/6/2026 0:15,15.3637,68.592,14.3483,2.347
12332,6/6/2026 0:30,15.3598,68.421,14.3492,2.335
12333,6/6/2026 0:45,15.3547,68.421,14.3425,2.339
12334,6/6/2026 1:00,15.353,68.421,14.3418,2.337
12335,6/6/2026 1:15,15.3514,68.421,14.3442,2.327
12336,6/6/2026 1:30,15.3446,68.421,14.3431,2.314
12337,6/6/2026 1:45,15.3376,68.421,14.3425,2.3
12338,6/6/2026 2:00,15.3356,68.248,14.3434,2.293
12339,6/6/2026 2:15,15.3303,68.248,14.3397,2.289
12340,6/6/2026 2:30,15.3303,68.248,14.3444,2.278
12341,6/6/2026 2:45,15.327,68.248,14.3376,2.286
12342,6/6/2026 3:00,15.3235,68.248,14.3392,2.275
12343,6/6/2026 3:15,15.3218,68.248,14.3406,2.267
12344,6/6/2026 3:30,15.3167,68.248,14.34,2.257
12345,6/6/2026 3:45,15.3145,68.077,14.3431,2.245
12346,6/6/2026 4:00,15.3163,68.077,14.3394,2.257
12347,6/6/2026 4:15,15.3145,68.077,14.3379,2.257
12348,6/6/2026 4:30,15.3128,68.077,14.3389,2.251
12349,6/6/2026 4:45,15.3145,68.077,14.3403,2.251
12350,6/6/2026 5:00,15.3231,68.077,14.3403,2.271
12351,6/6/2026 5:15,15.3231,68.077,14.345,2.26
12352,6/6/2026 5:30,15.3163,68.077,14.3444,2.246
12353,6/6/2026 5:45,15.318,68.077,14.3489,2.24
12354,6/6/2026 6:00,15.3196,68.077,14.3499,2.241
12355,6/6/2026 6:15,15.3196,68.077,14.3513,2.238
12356,6/6/2026 6:30,15.3196,68.077,14.3529,2.234
12357,6/6/2026 6:45,15.3231,68.077,14.356,2.235
12358,6/6/2026 7:00,15.3303,68.248,14.356,2.252
12359,6/6/2026 7:15,15.3303,68.248,14.3576,2.248
12360,6/6/2026 7:30,15.3372,68.248,14.3642,2.248
12361,6/6/2026 7:45,15.3406,68.248,14.3634,2.258
12362,6/6/2026 8:00,15.3475,68.248,14.3656,2.269
12363,6/6/2026 8:15,15.3543,68.248,14.3683,2.278
12364,6/6/2026 8:30,15.3594,68.248,14.3673,2.293
12365,6/6/2026 8:45,15.373,68.248,14.3664,2.326
12366,6/6/2026 9:00,15.3815,68.248,14.3686,2.341
12367,6/6/2026 9:15,15.3901,68.248,14.367,2.364
12368,6/6/2026 9:30,15.4004,68.248,14.3676,2.387
12369,6/6/2026 9:45,15.414,68.248,14.3667,2.42
12370,6/6/2026 10:00,15.423,68.421,14.3634,2.449
12371,6/6/2026 10:15,15.4452,68.421,14.3599,2.508
12372,6/6/2026 10:30,15.4485,68.421,14.3602,2.515
12373,6/6/2026 10:45,15.4491,68.592,14.359,2.519
12374,6/6/2026 11:00,15.4564,68.763,14.3554,2.544
12375,6/6/2026 11:15,15.4483,68.934,14.3593,2.517
12376,6/6/2026 11:30,15.4471,69.107,14.3542,2.526
12377,6/6/2026 11:45,15.4441,69.278,14.3521,2.524
12378,6/6/2026 12:00,15.4513,69.449,14.3484,2.549
12379,6/6/2026 12:15,15.4574,69.793,14.347,2.566
12380,6/6/2026 12:30,15.4674,70.308,14.3455,2.593
12381,6/6/2026 12:45,15.4729,70.48,14.341,2.616
12382,6/6/2026 13:00,15.4597,70.651,14.3418,2.584
12383,6/6/2026 13:15,15.4551,70.824,14.3373,2.584
12384,6/6/2026 13:30,15.4606,70.995,14.339,2.593
12385,6/6/2026 13:45,15.4509,71.168,14.3354,2.579
12386,6/6/2026 14:00,15.4343,71.339,14.3297,2.554
12387,6/6/2026 14:15,15.4295,71.512,14.3277,2.547
12388,6/6/2026 14:30,15.4216,71.683,14.3251,2.535
12389,6/6/2026 14:45,15.4198,71.683,14.3262,2.528
12390,6/6/2026 15:00,15.4062,71.683,14.3242,2.501
12391,6/6/2026 15:15,15.4095,71.683,14.3247,2.508
12392,6/6/2026 15:30,15.3994,71.683,14.322,2.491
12393,6/6/2026 15:45,15.3891,71.683,14.3186,2.475
12394,6/6/2026 16:00,15.3836,71.512,14.3213,2.456
12395,6/6/2026 16:15,15.3715,71.512,14.3203,2.43
12396,6/6/2026 16:30,15.3711,71.339,14.3193,2.432
12397,6/6/2026 16:45,15.3643,71.339,14.319,2.416
12398,6/6/2026 17:00,15.3608,71.339,14.3218,2.402
12399,6/6/2026 17:15,15.3518,71.168,14.3207,2.384
12400,6/6/2026 17:30,15.345,71.168,14.3206,2.368
12401,6/6/2026 17:45,15.3377,70.995,14.3215,2.349
12402,6/6/2026 18:00,15.336,70.995,14.3191,2.351
12403,6/6/2026 18:15,15.3356,70.824,14.3223,2.342
12404,6/6/2026 18:30,15.3305,70.824,14.3262,2.321
12405,6/6/2026 18:45,15.3283,70.651,14.3236,2.322
12406,6/6/2026 19:00,15.3248,70.651,14.3235,2.315
12407,6/6/2026 19:15,15.3261,70.48,14.3283,2.307
12408,6/6/2026 19:30,15.3193,70.48,14.3299,2.287
12409,6/6/2026 19:45,15.3209,70.48,14.3277,2.296
12410,6/6/2026 20:00,15.3187,70.308,14.3323,2.28
12411,6/6/2026 20:15,15.3171,70.308,14.3331,2.275
12412,6/6/2026 20:30,15.3171,70.308,14.3345,2.271
12413,6/6/2026 20:45,15.3103,70.308,14.3344,2.256
12414,6/6/2026 21:00,15.3064,70.137,14.3326,2.251
12415,6/6/2026 21:15,15.3047,70.137,14.3332,2.245
12416,6/6/2026 21:30,15.3029,70.137,14.3322,2.244
12417,6/6/2026 21:45,15.2974,69.964,14.3335,2.228
12418,6/6/2026 22:00,15.3008,69.964,14.3325,2.238
12419,6/6/2026 22:15,15.2974,69.964,14.332,2.231
12420,6/6/2026 22:30,15.2957,69.964,14.3278,2.237
12421,6/6/2026 22:45,15.2935,69.793,14.3306,2.226
12422,6/6/2026 23:00,15.2884,69.793,14.3293,2.217
12423,6/6/2026 23:15,15.2902,69.793,14.3296,2.22
12424,6/6/2026 23:30,15.2845,69.622,14.3252,2.217
12425,6/6/2026 23:45,15.2828,69.622,14.3271,2.209
12426,6/7/2026 0:00,15.2828,69.622,14.3228,2.219
12427,6/7/2026 0:15,15.2806,69.449,14.3216,2.216
12428,6/7/2026 0:30,15.279,69.449,14.3173,2.223
12429,6/7/2026 0:45,15.2773,69.449,14.3151,2.224
12430,6/7/2026 1:00,15.27,69.278,14.3099,2.219
12431,6/7/2026 1:15,15.2665,69.278,14.3087,2.214
12432,6/7/2026 1:30,15.2683,69.278,14.3096,2.216
12433,6/7/2026 1:45,15.2644,69.107,14.3059,2.215
12434,6/7/2026 2:00,15.2593,69.107,14.3043,2.207
12435,6/7/2026 2:15,15.2593,69.107,14.3007,2.215
12436,6/7/2026 2:30,15.2558,69.107,14.3023,2.204
12437,6/7/2026 2:45,15.2558,69.107,14.3062,2.195
12438,6/7/2026 3:00,15.2536,68.934,14.3071,2.187
12439,6/7/2026 3:15,15.2554,68.934,14.3035,2.2
12440,6/7/2026 3:30,15.2536,68.934,14.3059,2.19
12441,6/7/2026 3:45,15.2536,68.934,14.3007,2.202
12442,6/7/2026 4:00,15.2516,68.763,14.3062,2.185
12443,6/7/2026 4:15,15.2498,68.763,14.3057,2.182
12444,6/7/2026 4:30,15.2481,68.763,14.3004,2.19
12445,6/7/2026 4:45,15.2446,68.763,14.3051,2.171
12446,6/7/2026 5:00,15.2459,68.592,14.3045,2.176
12447,6/7/2026 5:15,15.2477,68.592,14.3054,2.178
12448,6/7/2026 5:30,15.2426,68.592,14.3078,2.16
12449,6/7/2026 5:45,15.2438,68.421,14.3103,2.157
12450,6/7/2026 6:00,15.2455,68.421,14.3119,2.157
12451,6/7/2026 6:15,15.2472,68.421,14.3144,2.156
12452,6/7/2026 6:30,15.2472,68.421,14.3174,2.149
12453,6/7/2026 6:45,15.2468,68.248,14.3219,2.137
12454,6/7/2026 7:00,15.2451,68.248,14.321,2.135
12455,6/7/2026 7:15,15.2416,68.248,14.3247,2.119
12456,6/7/2026 7:30,15.2451,68.248,14.3238,2.129
12457,6/7/2026 7:45,15.2468,68.248,14.3281,2.123
12458,6/7/2026 8:00,15.2455,68.421,14.3287,2.119
12459,6/7/2026 8:15,15.242,68.421,14.3268,2.115
12460,6/7/2026 8:30,15.2438,68.421,14.3271,2.118
12461,6/7/2026 8:45,15.2404,68.421,14.3274,2.11
12462,6/7/2026 9:00,15.2356,68.592,14.3271,2.1
12463,6/7/2026 9:15,15.2356,68.592,14.3252,2.104
12464,6/7/2026 9:30,15.2345,68.763,14.3271,2.097
12465,6/7/2026 9:45,15.2332,68.934,14.329,2.09
12466,6/7/2026 10:00,15.2285,69.107,14.326,2.086
12467,6/7/2026 10:15,15.2221,69.278,14.3229,2.078
12468,6/7/2026 10:30,15.2226,69.449,14.3229,2.079
12469,6/7/2026 10:45,15.2201,69.793,14.3223,2.075
12470,6/7/2026 11:00,15.2206,69.964,14.3162,2.09
12471,6/7/2026 11:15,15.2108,70.137,14.3164,2.067
12472,6/7/2026 11:30,15.2156,70.651,14.3174,2.076
12473,6/7/2026 11:45,15.205,71.168,14.3152,2.057
12474,6/7/2026 12:00,15.2059,71.512,14.3117,2.067
12475,6/7/2026 12:15,15.2039,72.028,14.3081,2.071
12476,6/7/2026 12:30,15.2014,72.372,14.3099,2.061
12477,6/7/2026 12:45,15.1972,72.718,14.3078,2.056
12478,6/7/2026 13:00,15.1947,73.062,14.3042,2.059
12479,6/7/2026 13:15,15.1905,73.407,14.3007,2.058
12480,6/7/2026 13:30,15.1881,73.753,14.2987,2.057
12481,6/7/2026 13:45,15.1902,73.926,14.3038,2.05
12482,6/7/2026 14:00,15.1878,74.271,14.3012,2.05
12483,6/7/2026 14:15,15.1831,74.446,14.2955,2.053
12484,6/7/2026 14:30,15.1836,74.619,14.2952,2.055
12485,6/7/2026 14:45,15.1823,74.791,14.2958,2.05
12486,6/7/2026 15:00,15.1794,74.964,14.2909,2.055
12487,6/7/2026 15:15,15.1794,74.964,14.2907,2.055
12488,6/7/2026 15:30,15.1759,74.964,14.2897,2.05
12489,6/7/2026 15:45,15.1776,74.964,14.2901,2.053
12490,6/7/2026 16:00,15.1725,74.964,14.2907,2.04
12491,6/7/2026 16:15,15.1721,74.791,14.2888,2.043
12492,6/7/2026 16:30,15.1665,74.619,14.2885,2.03
12493,6/7/2026 16:45,15.1694,74.446,14.2913,2.031
12494,6/7/2026 17:00,15.1656,74.271,14.2919,2.021
12495,6/7/2026 17:15,15.1667,74.098,14.294,2.018
12496,6/7/2026 17:30,15.1612,73.926,14.2909,2.013
12497,6/7/2026 17:45,15.1606,73.753,14.2946,2.003
12498,6/7/2026 18:00,15.162,73.58,14.2938,2.008
12499,6/7/2026 18:15,15.1598,73.407,14.2993,1.99
12500,6/7/2026 18:30,15.1593,73.234,14.2994,1.988
12501,6/7/2026 18:45,15.1589,73.062,14.3022,1.981
12502,6/7/2026 19:00,15.1589,73.062,14.3013,1.983
12503,6/7/2026 19:15,15.1601,72.891,14.3068,1.973
12504,6/7/2026 19:30,15.1596,72.718,14.307,1.972
12505,6/7/2026 19:45,15.1609,72.545,14.3077,1.973
12506,6/7/2026 20:00,15.1621,72.372,14.3093,1.972
12507,6/7/2026 20:15,15.1651,72.199,14.313,1.97
12508,6/7/2026 20:30,15.1599,72.199,14.3129,1.958
12509,6/7/2026 20:45,15.163,72.028,14.3151,1.96
12510,6/7/2026 21:00,15.1641,71.856,14.3187,1.955
12511,6/7/2026 21:15,15.1641,71.856,14.3162,1.96
12512,6/7/2026 21:30,15.1654,71.683,14.3167,1.962
12513,6/7/2026 21:45,15.1756,71.683,14.3194,1.979
12514,6/7/2026 22:00,15.1855,71.512,14.319,2.003
12515,6/7/2026 22:15,15.1936,71.339,14.3218,2.015
12516,6/7/2026 22:30,15.1918,71.339,14.319,2.018
12517,6/7/2026 22:45,15.193,71.168,14.3202,2.018
12518,6/7/2026 23:00,15.1879,71.168,14.3183,2.01
12519,6/7/2026 23:15,15.184,70.995,14.3186,2.001
12520,6/7/2026 23:30,15.1926,70.995,14.3189,2.02
12521,6/7/2026 23:45,15.1972,70.824,14.3207,2.026
12522,6/8/2026 0:00,15.1989,70.824,14.3133,2.047
12523,6/8/2026 0:15,15.1989,70.824,14.3081,2.059
12524,6/8/2026 0:30,15.202,70.651,14.3084,2.066
12525,6/8/2026 0:45,15.2053,70.651,14.3071,2.076
12526,6/8/2026 1:00,15.2088,70.651,14.3029,2.094
12527,6/8/2026 1:15,15.2082,70.48,14.3022,2.094
12528,6/8/2026 1:30,15.2031,70.48,14.301,2.085
12529,6/8/2026 1:45,15.2027,70.308,14.3004,2.086
12530,6/8/2026 2:00,15.201,70.308,14.3023,2.077
12531,6/8/2026 2:15,15.1976,70.308,14.2971,2.082
12532,6/8/2026 2:30,15.1972,70.137,14.298,2.078
12533,6/8/2026 2:45,15.1937,70.137,14.2958,2.075
12534,6/8/2026 3:00,15.192,70.137,14.2961,2.071
12535,6/8/2026 3:15,15.1898,69.964,14.2939,2.071
12536,6/8/2026 3:30,15.1865,69.964,14.2949,2.061
12537,6/8/2026 3:45,15.1843,69.793,14.2943,2.057
12538,6/8/2026 4:00,15.1843,69.793,14.2936,2.059
12539,6/8/2026 4:15,15.1843,69.793,14.2946,2.056
12540,6/8/2026 4:30,15.1821,69.622,14.2971,2.046
12541,6/8/2026 4:45,15.1786,69.622,14.298,2.035
12542,6/8/2026 5:00,15.1786,69.622,14.302,2.026
12543,6/8/2026 5:15,15.1765,69.449,14.2999,2.026
12544,6/8/2026 5:30,15.1765,69.449,14.3007,2.024
12545,6/8/2026 5:45,15.1727,69.278,14.298,2.022
12546,6/8/2026 6:00,15.1727,69.278,14.302,2.012
12547,6/8/2026 6:15,15.1705,69.107,14.3004,2.011
12548,6/8/2026 6:30,15.1705,69.107,14.3045,2.001
12549,6/8/2026 6:45,15.1705,69.107,14.3067,1.996
12550,6/8/2026 7:00,15.1705,69.107,14.3072,1.995
12551,6/8/2026 7:15,15.167,69.107,14.307,1.988
12552,6/8/2026 7:30,15.167,69.107,14.309,1.983
12553,6/8/2026 7:45,15.1688,69.107,14.3103,1.984
12554,6/8/2026 8:00,15.1705,69.107,14.3155,1.976
12555,6/8/2026 8:15,15.1723,69.107,14.3161,1.979
12556,6/8/2026 8:30,15.1688,69.107,14.318,1.966
12557,6/8/2026 8:45,15.1675,69.278,14.3167,1.966
12558,6/8/2026 9:00,15.1659,69.278,14.3175,1.961
12559,6/8/2026 9:15,15.1628,69.449,14.3158,1.958
12560,6/8/2026 9:30,15.1628,69.449,14.317,1.955
12561,6/8/2026 9:45,15.1599,69.622,14.3167,1.949
12562,6/8/2026 10:00,15.1604,69.793,14.32,1.942
12563,6/8/2026 10:15,15.1591,69.964,14.3194,1.941
12564,6/8/2026 10:30,15.1544,70.137,14.3189,1.931
12565,6/8/2026 10:45,15.1583,70.308,14.3183,1.942
12566,6/8/2026 11:00,15.1575,70.651,14.3184,1.939
12567,6/8/2026 11:15,15.1614,70.824,14.3178,1.95
12568,6/8/2026 11:30,15.164,71.168,14.3142,1.964
12569,6/8/2026 11:45,15.1683,71.512,14.3142,1.975
12570,6/8/2026 12:00,15.168,72.028,14.3129,1.977
12571,6/8/2026 12:15,15.1724,72.372,14.3129,1.987
12572,6/8/2026 12:30,15.1699,72.718,14.313,1.981
12573,6/8/2026 12:45,15.1691,73.062,14.3087,1.989
12574,6/8/2026 13:00,15.162,73.58,14.3072,1.976
12575,6/8/2026 13:15,15.156,73.926,14.3022,1.975
12576,6/8/2026 13:30,15.1588,74.271,14.3003,1.985
12577,6/8/2026 13:45,15.1583,74.791,14.2983,1.989
12578,6/8/2026 14:00,15.1521,74.964,14.2972,1.977
12579,6/8/2026 14:15,15.1461,75.312,14.2961,1.966
12580,6/8/2026 14:30,15.1419,75.659,14.2935,1.963
12581,6/8/2026 14:45,15.1406,75.832,14.294,1.958
12582,6/8/2026 15:00,15.1373,75.832,14.2922,1.955
12583,6/8/2026 15:15,15.136,76.006,14.2926,1.951
12584,6/8/2026 15:30,15.136,76.006,14.2869,1.964
12585,6/8/2026 15:45,15.1331,76.181,14.2922,1.945
12586,6/8/2026 16:00,15.1298,76.181,14.2865,1.951
12587,6/8/2026 16:15,15.1274,76.006,14.2909,1.935
12588,6/8/2026 16:30,15.1241,76.006,14.2861,1.939
12589,6/8/2026 16:45,15.1197,75.659,14.2872,1.926
12590,6/8/2026 17:00,15.1209,75.484,14.2875,1.928
12591,6/8/2026 17:15,15.1187,75.312,14.2846,1.929
12592,6/8/2026 17:30,15.12,75.139,14.2869,1.927
12593,6/8/2026 17:45,15.1229,74.964,14.2894,1.928
12594,6/8/2026 18:00,15.1208,74.791,14.2926,1.915
12595,6/8/2026 18:15,15.1186,74.619,14.2946,1.906
12596,6/8/2026 18:30,15.1164,74.446,14.2935,1.903
12597,6/8/2026 18:45,15.1195,74.271,14.2965,1.903
12598,6/8/2026 19:00,15.1173,74.098,14.2977,1.895
12599,6/8/2026 19:15,15.1202,73.926,14.298,1.901
12600,6/8/2026 19:30,15.1197,73.753,14.2999,1.896
12601,6/8/2026 19:45,15.1209,73.58,14.3,1.898
12602,6/8/2026 20:00,15.1187,73.407,14.3025,1.888
12603,6/8/2026 20:15,15.12,73.234,14.3033,1.888
12604,6/8/2026 20:30,15.1213,73.062,14.3058,1.886
12605,6/8/2026 20:45,15.1208,72.891,14.3091,1.877
12606,6/8/2026 21:00,15.1256,72.718,14.3088,1.888
12607,6/8/2026 21:15,15.1234,72.545,14.3122,1.876
12608,6/8/2026 21:30,15.1245,72.372,14.3133,1.876
12609,6/8/2026 21:45,15.1241,72.199,14.3167,1.867
12610,6/8/2026 22:00,15.1258,72.199,14.32,1.863
12611,6/8/2026 22:15,15.1305,72.028,14.3204,1.873
12612,6/8/2026 22:30,15.13,71.856,14.3213,1.87
12613,6/8/2026 22:45,15.1279,71.683,14.3231,1.861
12614,6/8/2026 23:00,15.1261,71.683,14.3249,1.852
12615,6/8/2026 23:15,15.1222,71.512,14.3213,1.852
12616,6/8/2026 23:30,15.1171,71.512,14.3186,1.846
12617,6/8/2026 23:45,15.1132,71.339,14.3148,1.846
12618,6/9/2026 0:00,15.1064,71.339,14.3142,1.831
12619,6/9/2026 0:15,15.1077,71.168,14.3106,1.843
12620,6/9/2026 0:30,15.0992,71.168,14.3062,1.833
12621,6/9/2026 0:45,15.0919,70.995,14.3057,1.818
12622,6/9/2026 1:00,15.0919,70.995,14.3065,1.816
12623,6/9/2026 1:15,15.088,70.824,14.3054,1.809
12624,6/9/2026 1:30,15.088,70.824,14.3007,1.82
12625,6/9/2026 1:45,15.0862,70.824,14.2985,1.821
12626,6/9/2026 2:00,15.0825,70.651,14.2996,1.81
12627,6/9/2026 2:15,15.0807,70.651,14.302,1.8
12628,6/9/2026 2:30,15.079,70.651,14.2988,1.803
12629,6/9/2026 2:45,15.079,70.651,14.2968,1.808
12630,6/9/2026 3:00,15.0768,70.48,14.2968,1.803
12631,6/9/2026 3:15,15.0786,70.48,14.3007,1.798
12632,6/9/2026 3:30,15.0803,70.48,14.2993,1.805
12633,6/9/2026 3:45,15.0768,70.48,14.3023,1.79
12634,6/9/2026 4:00,15.0797,70.308,14.3001,1.802
12635,6/9/2026 4:15,15.0781,70.308,14.2985,1.802
12636,6/9/2026 4:30,15.0781,70.308,14.2996,1.8
12637,6/9/2026 4:45,15.0729,70.308,14.301,1.784
12638,6/9/2026 5:00,15.0713,70.308,14.3004,1.782
12639,6/9/2026 5:15,15.0725,70.137,14.302,1.781
12640,6/9/2026 5:30,15.0742,70.137,14.3045,1.779
12641,6/9/2026 5:45,15.0759,70.137,14.3059,1.78
12642,6/9/2026 6:00,15.0742,70.137,14.3059,1.776
12643,6/9/2026 6:15,15.081,70.137,14.3106,1.781
12644,6/9/2026 6:30,15.0845,70.137,14.3097,1.791
12645,6/9/2026 6:45,15.0896,70.137,14.3097,1.803
12646,6/9/2026 7:00,15.0896,70.137,14.3133,1.794
12647,6/9/2026 7:15,15.0931,70.137,14.318,1.792
12648,6/9/2026 7:30,15.0878,70.137,14.317,1.782
12649,6/9/2026 7:45,15.0878,70.137,14.3222,1.77
12650,6/9/2026 8:00,15.0913,70.137,14.3228,1.776
12651,6/9/2026 8:15,15.0896,70.137,14.3235,1.771
12652,6/9/2026 8:30,15.0896,70.137,14.3231,1.772
12653,6/9/2026 8:45,15.09,70.308,14.3228,1.773
12654,6/9/2026 9:00,15.0918,70.308,14.3262,1.769
12655,6/9/2026 9:15,15.0973,70.48,14.3283,1.778
12656,6/9/2026 9:30,15.1058,70.48,14.3296,1.794
12657,6/9/2026 9:45,15.1251,70.651,14.3268,1.845
12658,6/9/2026 10:00,15.1609,70.651,14.3265,1.929
12659,6/9/2026 10:15,15.1939,70.824,14.3252,2.008
12660,6/9/2026 10:30,15.2161,70.824,14.3265,2.056
12661,6/9/2026 10:45,15.2336,70.995,14.3299,2.089
12662,6/9/2026 11:00,15.2387,70.995,14.3271,2.107
12663,6/9/2026 11:15,15.2409,71.168,14.326,2.115
12664,6/9/2026 11:30,15.2459,71.168,14.3254,2.128
12665,6/9/2026 11:45,15.2452,71.512,14.3218,2.135
12666,6/9/2026 12:00,15.2469,71.512,14.3228,2.137
12667,6/9/2026 12:15,15.2406,71.683,14.3207,2.126
12668,6/9/2026 12:30,15.2439,71.683,14.3189,2.139
12669,6/9/2026 12:45,15.2461,71.856,14.3158,2.151
12670,6/9/2026 13:00,15.2414,72.028,14.3149,2.142
12671,6/9/2026 13:15,15.2368,72.199,14.3125,2.137
12672,6/9/2026 13:30,15.2339,72.372,14.31,2.136
12673,6/9/2026 13:45,15.2446,72.545,14.3126,2.155
12674,6/9/2026 14:00,15.2446,72.545,14.3136,2.153
12675,6/9/2026 14:15,15.2451,72.718,14.3138,2.153
12676,6/9/2026 14:30,15.2416,72.718,14.3101,2.154
12677,6/9/2026 14:45,15.2591,72.891,14.3081,2.199
12678,6/9/2026 15:00,15.2997,72.718,14.3086,2.292
12679,6/9/2026 15:15,15.3303,72.718,14.309,2.362
12680,6/9/2026 15:30,15.3863,72.545,14.3101,2.488
12681,6/9/2026 15:45,15.4426,72.545,14.3068,2.626
12682,6/9/2026 16:00,15.4758,72.199,14.3072,2.702
12683,6/9/2026 16:15,15.4805,72.028,14.3046,2.718
12684,6/9/2026 16:30,15.4881,71.683,14.3012,2.744
12685,6/9/2026 16:45,15.4871,71.339,14.3064,2.73
12686,6/9/2026 17:00,15.4799,71.168,14.3068,2.712
12687,6/9/2026 17:15,15.4709,70.995,14.3042,2.697
12688,6/9/2026 17:30,15.4675,70.995,14.3059,2.685
12689,6/9/2026 17:45,15.4584,70.824,14.3081,2.659
12690,6/9/2026 18:00,15.4619,70.824,14.3128,2.656
12691,6/9/2026 18:15,15.4551,70.824,14.3146,2.636
12692,6/9/2026 18:30,15.4546,70.651,14.3126,2.64
12693,6/9/2026 18:45,15.4494,70.651,14.3152,2.622
12694,6/9/2026 19:00,15.4404,70.48,14.3167,2.598
12695,6/9/2026 19:15,15.4507,70.48,14.3183,2.618
12696,6/9/2026 19:30,15.4435,70.308,14.3183,2.601
12697,6/9/2026 19:45,15.4468,70.308,14.3245,2.594
12698,6/9/2026 20:00,15.4452,70.308,14.3222,2.596
12699,6/9/2026 20:15,15.4452,70.308,14.3251,2.589
12700,6/9/2026 20:30,15.4499,70.137,14.3296,2.589
12701,6/9/2026 20:45,15.443,70.137,14.3286,2.576
12702,6/9/2026 21:00,15.4464,70.137,14.3322,2.575
12703,6/9/2026 21:15,15.4345,70.137,14.3349,2.541
12704,6/9/2026 21:30,15.4288,69.964,14.33,2.54
12705,6/9/2026 21:45,15.4237,69.964,14.3342,2.518
12706,6/9/2026 22:00,15.4187,69.964,14.3376,2.499
12707,6/9/2026 22:15,15.4135,69.964,14.3379,2.486
12708,6/9/2026 22:30,15.4135,69.964,14.3397,2.482
12709,6/9/2026 22:45,15.4084,69.964,14.3416,2.466
12710,6/9/2026 23:00,15.4011,69.793,14.3389,2.455
12711,6/9/2026 23:15,15.4011,69.793,14.3397,2.453
12712,6/9/2026 23:30,15.3976,69.793,14.3406,2.443
12713,6/9/2026 23:45,15.3908,69.793,14.337,2.436
12714,6/10/2026 0:00,15.3875,69.793,14.3342,2.434
12715,6/10/2026 0:15,15.3959,69.793,14.3296,2.465
12716,6/10/2026 0:30,15.4352,69.793,14.329,2.557
12717,6/10/2026 0:45,15.5035,69.793,14.3268,2.72
12718,6/10/2026 1:00,15.5338,69.622,14.3277,2.788
12719,6/10/2026 1:15,15.5475,69.622,14.3241,2.828
12720,6/10/2026 1:30,15.5969,69.622,14.3241,2.942
12721,6/10/2026 1:45,15.6448,69.622,14.3203,3.061
12722,6/10/2026 2:00,15.6734,69.449,14.3183,3.132
12723,6/10/2026 2:15,15.6886,69.449,14.3161,3.172
12724,6/10/2026 2:30,15.6853,69.449,14.317,3.162
12725,6/10/2026 2:45,15.7006,69.449,14.3139,3.205
12726,6/10/2026 3:00,15.7092,69.449,14.3133,3.226
12727,6/10/2026 3:15,15.6903,69.449,14.3117,3.186
12728,6/10/2026 3:30,15.6745,69.278,14.3112,3.151
12729,6/10/2026 3:45,15.6609,69.278,14.3112,3.119
12730,6/10/2026 4:00,15.6694,69.278,14.3106,3.141
12731,6/10/2026 4:15,15.6728,69.278,14.3106,3.148
12732,6/10/2026 4:30,15.6638,69.107,14.3115,3.125
12733,6/10/2026 4:45,15.6484,69.107,14.3115,3.09
12734,6/10/2026 5:00,15.6519,69.107,14.3139,3.092
12735,6/10/2026 5:15,15.6365,69.107,14.3139,3.057
12736,6/10/2026 5:30,15.6297,69.107,14.3148,3.039
12737,6/10/2026 5:45,15.6378,68.934,14.3133,3.061
12738,6/10/2026 6:00,15.624,68.934,14.3164,3.022
12739,6/10/2026 6:15,15.624,68.934,14.3203,3.013
12740,6/10/2026 6:30,15.6053,68.934,14.3219,2.966
12741,6/10/2026 6:45,15.6122,68.934,14.3255,2.973
12742,6/10/2026 7:00,15.6108,69.107,14.3255,2.971
12743,6/10/2026 7:15,15.6024,69.107,14.3271,2.947
12744,6/10/2026 7:30,15.5939,69.107,14.3307,2.919
12745,6/10/2026 7:45,15.5871,69.107,14.3293,2.907
12746,6/10/2026 8:00,15.5785,69.107,14.3345,2.875
12747,6/10/2026 8:15,15.5871,69.107,14.3315,2.902
12748,6/10/2026 8:30,15.6126,69.107,14.332,2.959
12749,6/10/2026 8:45,15.6352,69.278,14.3326,3.01
12750,6/10/2026 9:00,15.649,69.278,14.3299,3.049
12751,6/10/2026 9:15,15.6728,69.278,14.328,3.108
12752,6/10/2026 9:30,15.724,69.278,14.3307,3.22
12753,6/10/2026 9:45,15.7837,69.278,14.3258,3.369
12754,6/10/2026 10:00,15.8213,69.278,14.328,3.451
12755,6/10/2026 10:15,15.8349,69.278,14.3247,3.49
12756,6/10/2026 10:30,15.8474,69.449,14.3249,3.519
12757,6/10/2026 10:45,15.8684,69.622,14.3268,3.563
12758,6/10/2026 11:00,15.8718,69.622,14.3235,3.578
12759,6/10/2026 11:15,15.9043,69.622,14.3254,3.649
12760,6/10/2026 11:30,15.8871,69.622,14.3189,3.625
12761,6/10/2026 11:45,15.9133,69.793,14.3186,3.686
12762,6/10/2026 12:00,15.9256,69.964,14.3159,3.72
12763,6/10/2026 12:15,15.9462,69.964,14.3154,3.769
12764,6/10/2026 12:30,15.9394,69.964,14.317,3.75
12765,6/10/2026 12:45,15.8966,69.964,14.3155,3.654
12766,6/10/2026 13:00,15.941,69.964,14.3187,3.75
12767,6/10/2026 13:15,15.909,70.137,14.3099,3.696
12768,6/10/2026 13:30,15.9061,70.308,14.3072,3.696
12769,6/10/2026 13:45,15.9079,70.308,14.3075,3.699
12770,6/10/2026 14:00,15.8844,70.48,14.3062,3.648
12771,6/10/2026 14:15,15.8763,70.651,14.3058,3.63
12772,6/10/2026 14:30,15.9105,70.651,14.3045,3.712
12773,6/10/2026 14:45,15.8644,70.651,14.3003,3.615
12774,6/10/2026 15:00,15.8763,70.651,14.2977,3.649
12775,6/10/2026 15:15,15.8319,70.651,14.2981,3.545
12776,6/10/2026 15:30,15.8354,70.651,14.2969,3.556
12777,6/10/2026 15:45,15.8404,70.651,14.2938,3.575
12778,6/10/2026 16:00,15.8178,70.48,14.2938,3.523
12779,6/10/2026 16:15,15.7939,70.48,14.2935,3.468
12780,6/10/2026 16:30,15.7717,70.48,14.2887,3.428
12781,6/10/2026 16:45,15.7717,70.48,14.2893,3.427
12782,6/10/2026 17:00,15.7359,70.48,14.2904,3.341
12783,6/10/2026 17:15,15.7251,70.308,14.2926,3.311
12784,6/10/2026 17:30,15.7269,70.308,14.2943,3.311
12785,6/10/2026 17:45,15.7166,70.308,14.2938,3.289
12786,6/10/2026 18:00,15.6995,70.308,14.2964,3.243
12787,6/10/2026 18:15,15.6808,70.308,14.2961,3.201
12788,6/10/2026 18:30,15.67,70.137,14.2938,3.181
12789,6/10/2026 18:45,15.6667,70.137,14.299,3.161
12790,6/10/2026 19:00,15.6461,70.137,14.3025,3.106
12791,6/10/2026 19:15,15.6496,70.137,14.3,3.119
12792,6/10/2026 19:30,15.6478,70.137,14.3016,3.112
12793,6/10/2026 19:45,15.6256,70.137,14.3001,3.064
12794,6/10/2026 20:00,15.6201,69.964,14.3054,3.039
12795,6/10/2026 20:15,15.6217,69.964,14.3052,3.043
12796,6/10/2026 20:30,15.6184,69.964,14.303,3.04
12797,6/10/2026 20:45,15.5962,69.964,14.3081,2.977
12798,6/10/2026 21:00,15.5945,69.964,14.3071,2.976
12799,6/10/2026 21:15,15.5962,69.964,14.3083,2.977
12800,6/10/2026 21:30,15.594,69.793,14.311,2.965
12801,6/10/2026 21:45,15.5872,69.793,14.3091,2.954
12802,6/10/2026 22:00,15.5804,69.793,14.3103,2.936
12803,6/10/2026 22:15,15.5718,69.793,14.3106,2.915
12804,6/10/2026 22:30,15.5701,69.793,14.3125,2.907
12805,6/10/2026 22:45,15.5701,69.793,14.3158,2.899
12806,6/10/2026 23:00,15.5565,69.793,14.3145,2.871
12807,6/10/2026 23:15,15.5475,69.622,14.3139,2.851
12808,6/10/2026 23:30,15.5644,69.622,14.3112,2.897
12809,6/10/2026 23:45,15.556,69.622,14.3099,2.88
12810,6/11/2026 0:00,15.544,69.622,14.3078,2.857
12811,6/11/2026 0:15,15.5317,69.449,14.3051,2.835
12812,6/11/2026 0:30,15.5264,69.449,14.3022,2.83
12813,6/11/2026 0:45,15.5248,69.449,14.3001,2.831
12814,6/11/2026 1:00,15.5196,69.449,14.298,2.823
12815,6/11/2026 1:15,15.506,69.449,14.2952,2.798
12816,6/11/2026 1:30,15.4953,69.278,14.293,2.779
12817,6/11/2026 1:45,15.4919,69.278,14.2909,2.776
12818,6/11/2026 2:00,15.4765,69.278,14.2903,2.742
12819,6/11/2026 2:15,15.4748,69.278,14.2851,2.75
12820,6/11/2026 2:30,15.4577,69.278,14.2845,2.711
12821,6/11/2026 2:45,15.4526,69.278,14.2853,2.698
12822,6/11/2026 3:00,15.4577,69.278,14.2832,2.714
12823,6/11/2026 3:15,15.4458,69.278,14.2795,2.695
12824,6/11/2026 3:30,15.4368,69.107,14.279,2.676
12825,6/11/2026 3:45,15.4333,69.107,14.2774,2.672
12826,6/11/2026 4:00,15.4351,69.107,14.2753,2.68
12827,6/11/2026 4:15,15.4249,69.107,14.2762,2.655
12828,6/11/2026 4:30,15.4227,68.934,14.2771,2.648
12829,6/11/2026 4:45,15.421,68.934,14.2781,2.641
12830,6/11/2026 5:00,15.4193,68.934,14.279,2.635
12831,6/11/2026 5:15,15.4142,68.934,14.2775,2.627
12832,6/11/2026 5:30,15.4074,68.934,14.28,2.605
12833,6/11/2026 5:45,15.4005,68.934,14.283,2.583
12834,6/11/2026 6:00,15.4,68.763,14.2809,2.586
12835,6/11/2026 6:15,15.4034,68.763,14.2869,2.58
12836,6/11/2026 6:30,15.4034,68.763,14.2864,2.582
12837,6/11/2026 6:45,15.4,68.763,14.288,2.57
12838,6/11/2026 7:00,15.4017,68.763,14.2894,2.571
12839,6/11/2026 7:15,15.3931,68.763,14.2916,2.546
12840,6/11/2026 7:30,15.3949,68.763,14.2952,2.541
12841,6/11/2026 7:45,15.3915,68.763,14.2943,2.536
12842,6/11/2026 8:00,15.3898,68.763,14.2955,2.529
12843,6/11/2026 8:15,15.3971,68.934,14.2958,2.545
12844,6/11/2026 8:30,15.3937,68.934,14.3001,2.527
12845,6/11/2026 8:45,15.3907,69.107,14.3035,2.513
12846,6/11/2026 9:00,15.3907,69.107,14.3016,2.517
12847,6/11/2026 9:15,15.3895,69.278,14.3035,2.51
12848,6/11/2026 9:30,15.3843,69.278,14.3038,2.497
12849,6/11/2026 9:45,15.3797,69.449,14.2988,2.498
12850,6/11/2026 10:00,15.3865,69.449,14.3013,2.508
12851,6/11/2026 10:15,15.3853,69.622,14.3023,2.503
12852,6/11/2026 10:30,15.3805,69.793,14.3023,2.492
12853,6/11/2026 10:45,15.3794,69.964,14.3023,2.489
12854,6/11/2026 11:00,15.3781,70.137,14.3025,2.486
12855,6/11/2026 11:15,15.3683,70.308,14.2994,2.471
12856,6/11/2026 11:30,15.3637,70.48,14.2965,2.467
12857,6/11/2026 11:45,15.3578,70.824,14.2972,2.451
12858,6/11/2026 12:00,15.3535,71.168,14.2974,2.442
12859,6/11/2026 12:15,15.354,71.339,14.2954,2.447
12860,6/11/2026 12:30,15.3493,71.512,14.2903,2.448
12861,6/11/2026 12:45,15.3396,71.683,14.2906,2.425
12862,6/11/2026 13:00,15.3366,71.856,14.2877,2.425
12863,6/11/2026 13:15,15.337,72.028,14.2842,2.434
12864,6/11/2026 13:30,15.3256,72.199,14.2814,2.414
12865,6/11/2026 13:45,15.3227,72.372,14.2787,2.414
12866,6/11/2026 14:00,15.3209,72.372,14.2784,2.41
12867,6/11/2026 14:15,15.3209,72.372,14.2764,2.415
12868,6/11/2026 14:30,15.3163,72.545,14.2723,2.414
12869,6/11/2026 14:45,15.3082,72.718,14.2704,2.399
12870,6/11/2026 15:00,15.3031,72.718,14.2662,2.397
12871,6/11/2026 15:15,15.298,72.718,14.2698,2.377
12872,6/11/2026 15:30,15.2928,72.718,14.2674,2.371
12873,6/11/2026 15:45,15.286,72.718,14.2663,2.357
12874,6/11/2026 16:00,15.286,72.718,14.2623,2.367
12875,6/11/2026 16:15,15.2787,72.545,14.2604,2.354
12876,6/11/2026 16:30,15.2719,72.545,14.2585,2.343
12877,6/11/2026 16:45,15.2748,72.372,14.2591,2.348
12878,6/11/2026 17:00,15.2726,72.199,14.262,2.337
12879,6/11/2026 17:15,15.2704,72.028,14.2611,2.333
12880,6/11/2026 17:30,15.2739,72.028,14.2648,2.333
12881,6/11/2026 17:45,15.27,71.856,14.2648,2.324
12882,6/11/2026 18:00,15.2729,71.683,14.2655,2.329
12883,6/11/2026 18:15,15.2657,71.512,14.2678,2.307
12884,6/11/2026 18:30,15.2652,71.339,14.2663,2.309
12885,6/11/2026 18:45,15.2665,71.168,14.2674,2.31
12886,6/11/2026 19:00,15.2609,70.995,14.2679,2.295
12887,6/11/2026 19:15,15.257,70.824,14.2695,2.283
12888,6/11/2026 19:30,15.2604,70.824,14.275,2.278
12889,6/11/2026 19:45,15.2583,70.651,14.275,2.273
12890,6/11/2026 20:00,15.26,70.651,14.2782,2.269
12891,6/11/2026 20:15,15.2548,70.651,14.2782,2.257
12892,6/11/2026 20:30,15.2543,70.48,14.2784,2.256
12893,6/11/2026 20:45,15.251,70.48,14.2784,2.248
12894,6/11/2026 21:00,15.2488,70.308,14.2791,2.241
12895,6/11/2026 21:15,15.2454,70.308,14.2775,2.237
12896,6/11/2026 21:30,15.2449,70.137,14.279,2.233
12897,6/11/2026 21:45,15.2467,70.137,14.2794,2.236
12898,6/11/2026 22:00,15.253,69.964,14.2824,2.243
12899,6/11/2026 22:15,15.253,69.964,14.2861,2.235
12900,6/11/2026 22:30,15.2526,69.793,14.282,2.243
12901,6/11/2026 22:45,15.2538,69.622,14.2817,2.247
12902,6/11/2026 23:00,15.2522,69.622,14.2798,2.247
12903,6/11/2026 23:15,15.2483,69.449,14.2817,2.234
12904,6/11/2026 23:30,15.2494,69.278,14.2798,2.241
12905,6/11/2026 23:45,15.2443,69.278,14.2755,2.239
12906,6/12/2026 0:00,15.2371,69.107,14.2727,2.229
12907,6/12/2026 0:15,15.2371,69.107,14.2716,2.231
12908,6/12/2026 0:30,15.2314,68.934,14.2765,2.207
12909,6/12/2026 0:45,15.2281,68.934,14.2721,2.209
12910,6/12/2026 1:00,15.2208,68.763,14.2694,2.199
12911,6/12/2026 1:15,15.214,68.763,14.2652,2.193
12912,6/12/2026 1:30,15.2101,68.592,14.2608,2.194
12913,6/12/2026 1:45,15.2066,68.592,14.2633,2.18
12914,6/12/2026 2:00,15.2016,68.592,14.2611,2.173
12915,6/12/2026 2:15,15.1976,68.421,14.2553,2.178
12916,6/12/2026 2:30,15.196,68.421,14.2547,2.175
12917,6/12/2026 2:45,15.1943,68.421,14.2556,2.169
12918,6/12/2026 3:00,15.1926,68.421,14.2581,2.16
12919,6/12/2026 3:15,15.1904,68.248,14.2566,2.158
12920,6/12/2026 3:30,15.187,68.248,14.256,2.151
12921,6/12/2026 3:45,15.187,68.248,14.2569,2.149
12922,6/12/2026 4:00,15.1818,68.248,14.2563,2.139
12923,6/12/2026 4:15,15.1831,68.077,14.2542,2.147
12924,6/12/2026 4:30,15.1781,68.077,14.252,2.14
12925,6/12/2026 4:45,15.1781,68.077,14.253,2.138
12926,6/12/2026 5:00,15.1763,68.077,14.2539,2.132
12927,6/12/2026 5:15,15.1763,68.077,14.2579,2.122
12928,6/12/2026 5:30,15.1759,67.906,14.2588,2.119
12929,6/12/2026 5:45,15.1776,67.906,14.2582,2.125
12930,6/12/2026 6:00,15.1776,67.906,14.2576,2.126
12931,6/12/2026 6:15,15.1737,67.735,14.2591,2.113
12932,6/12/2026 6:30,15.177,67.735,14.2601,2.119
12933,6/12/2026 6:45,15.1754,67.735,14.2616,2.112
12934,6/12/2026 7:00,15.1754,67.735,14.2621,2.11
12935,6/12/2026 7:15,15.1766,67.564,14.2629,2.111
12936,6/12/2026 7:30,15.175,67.564,14.2656,2.101
12937,6/12/2026 7:45,15.175,67.564,14.2668,2.099
12938,6/12/2026 8:00,15.175,67.564,14.2679,2.096
12939,6/12/2026 8:15,15.1788,67.735,14.2713,2.097
12940,6/12/2026 8:30,15.1754,67.735,14.2732,2.085
12941,6/12/2026 8:45,15.1754,67.735,14.2694,2.094
12942,6/12/2026 9:00,15.1708,67.906,14.2704,2.081
12943,6/12/2026 9:15,15.1712,68.077,14.2743,2.073
12944,6/12/2026 9:30,15.1781,68.077,14.2737,2.09
12945,6/12/2026 9:45,15.1802,68.248,14.2716,2.1
12946,6/12/2026 10:00,15.1772,68.421,14.2732,2.089
12947,6/12/2026 10:15,15.1776,68.592,14.2716,2.094
12948,6/12/2026 10:30,15.1765,68.763,14.2717,2.091
12949,6/12/2026 10:45,15.1738,69.107,14.2701,2.089
12950,6/12/2026 11:00,15.1749,69.449,14.2694,2.093
12951,6/12/2026 11:15,15.174,69.793,14.271,2.087
12952,6/12/2026 11:30,15.1686,70.308,14.2711,2.075
12953,6/12/2026 11:45,15.1695,70.651,14.2697,2.08
12954,6/12/2026 12:00,15.1606,71.168,14.2698,2.059
12955,6/12/2026 12:15,15.1615,71.512,14.2675,2.067
12956,6/12/2026 12:30,15.1562,72.028,14.2671,2.056
12957,6/12/2026 12:45,15.1588,72.372,14.265,2.066
12958,6/12/2026 13:00,15.1579,72.718,14.264,2.067
12959,6/12/2026 13:15,15.1537,73.062,14.2598,2.067
12960,6/12/2026 13:30,15.1525,73.234,14.2597,2.065
12961,6/12/2026 13:45,15.1512,73.407,14.2563,2.069
12962,6/12/2026 14:00,15.1483,73.58,14.2568,2.062
12963,6/12/2026 14:15,15.1483,73.58,14.2536,2.069
12964,6/12/2026 14:30,15.1415,73.58,14.2518,2.057
12965,6/12/2026 14:45,15.138,73.58,14.2524,2.048
12966,6/12/2026 15:00,15.1351,73.753,14.2501,2.047
12967,6/12/2026 15:15,15.1334,73.753,14.2492,2.045
12968,6/12/2026 15:30,15.1334,73.753,14.2507,2.041
12969,6/12/2026 15:45,15.1283,73.753,14.2507,2.029
12970,6/12/2026 16:00,15.1261,73.58,14.2514,2.023
12971,6/12/2026 16:15,15.1209,73.58,14.2484,2.018
12972,6/12/2026 16:30,15.1209,73.58,14.2489,2.016
12973,6/12/2026 16:45,15.1187,73.407,14.2504,2.008
12974,6/12/2026 17:00,15.1183,73.234,14.2518,2.004
12975,6/12/2026 17:15,15.1144,73.062,14.2521,1.994
12976,6/12/2026 17:30,15.1124,72.891,14.2507,1.992
12977,6/12/2026 17:45,15.105,72.718,14.2518,1.973
12978,6/12/2026 18:00,15.1084,72.718,14.2529,1.978
12979,6/12/2026 18:15,15.1096,72.545,14.2556,1.974
12980,6/12/2026 18:30,15.1109,72.372,14.259,1.97
12981,6/12/2026 18:45,15.107,72.199,14.2605,1.957
12982,6/12/2026 19:00,15.1083,72.028,14.261,1.959
12983,6/12/2026 19:15,15.1066,72.028,14.2637,1.949
12984,6/12/2026 19:30,15.1079,71.856,14.2639,1.951
12985,6/12/2026 19:45,15.109,71.683,14.2677,1.945
12986,6/12/2026 20:00,15.1074,71.683,14.2691,1.938
12987,6/12/2026 20:15,15.1068,71.512,14.2668,1.942
12988,6/12/2026 20:30,15.1052,71.512,14.2688,1.934
12989,6/12/2026 20:45,15.1047,71.339,14.2687,1.933
12990,6/12/2026 21:00,15.1042,71.168,14.2708,1.927
12991,6/12/2026 21:15,15.1042,71.168,14.2714,1.925
12992,6/12/2026 21:30,15.1073,70.995,14.271,1.933
12993,6/12/2026 21:45,15.1084,70.824,14.2762,1.924
12994,6/12/2026 22:00,15.1102,70.824,14.2774,1.925
12995,6/12/2026 22:15,15.1097,70.651,14.2777,1.923
12996,6/12/2026 22:30,15.1047,70.651,14.279,1.909
12997,6/12/2026 22:45,15.1076,70.48,14.2777,1.918
12998,6/12/2026 23:00,15.1071,70.308,14.278,1.917
12999,6/12/2026 23:15,15.1036,70.308,14.2768,1.911
13000,6/12/2026 23:30,15.0981,70.137,14.2724,1.909
13001,6/12/2026 23:45,15.0964,70.137,14.2727,1.904
13002,6/13/2026 0:00,15.0925,69.964,14.2685,1.904
13003,6/13/2026 0:15,15.0887,69.793,14.2672,1.899
13004,6/13/2026 0:30,15.0852,69.793,14.263,1.9
13005,6/13/2026 0:45,15.0813,69.622,14.2617,1.894
13006,6/13/2026 1:00,15.078,69.622,14.2597,1.891
13007,6/13/2026 1:15,15.0741,69.449,14.2569,1.889
13008,6/13/2026 1:30,15.0703,69.278,14.2556,1.883
13009,6/13/2026 1:45,15.0668,69.278,14.2545,1.877
13010,6/13/2026 2:00,15.0646,69.107,14.2492,1.884
13011,6/13/2026 2:15,15.0646,69.107,14.2511,1.88
13012,6/13/2026 2:30,15.0625,68.934,14.2505,1.876
13013,6/13/2026 2:45,15.0574,68.934,14.2447,1.878
13014,6/13/2026 3:00,15.0587,68.763,14.2487,1.872
13015,6/13/2026 3:15,15.0569,68.763,14.245,1.876
13016,6/13/2026 3:30,15.0548,68.592,14.2475,1.866
13017,6/13/2026 3:45,15.0548,68.592,14.2469,1.867
13018,6/13/2026 4:00,15.0548,68.592,14.2469,1.867
13019,6/13/2026 4:15,15.0543,68.421,14.2463,1.867
13020,6/13/2026 4:30,15.0526,68.421,14.2463,1.863
13021,6/13/2026 4:45,15.0509,68.421,14.2442,1.864
13022,6/13/2026 5:00,15.0487,68.248,14.2442,1.859
13023,6/13/2026 5:15,15.0487,68.248,14.2436,1.86
13024,6/13/2026 5:30,15.0522,68.248,14.246,1.863
13025,6/13/2026 5:45,15.0517,68.077,14.25,1.853
13026,6/13/2026 6:00,15.0535,68.077,14.2524,1.851
13027,6/13/2026 6:15,15.0585,68.077,14.2559,1.855
13028,6/13/2026 6:30,15.0581,67.906,14.259,1.847
13029,6/13/2026 6:45,15.0614,67.906,14.2584,1.856
13030,6/13/2026 7:00,15.0614,67.906,14.2636,1.844
13031,6/13/2026 7:15,15.0614,67.906,14.2656,1.839
13032,6/13/2026 7:30,15.0649,67.906,14.2675,1.843
13033,6/13/2026 7:45,15.0632,67.906,14.2684,1.837
13034,6/13/2026 8:00,15.0632,67.906,14.2692,1.835
13035,6/13/2026 8:15,15.0632,67.906,14.2707,1.831
13036,6/13/2026 8:30,15.0654,68.077,14.2701,1.838
13037,6/13/2026 8:45,15.0619,68.077,14.271,1.828
13038,6/13/2026 9:00,15.0625,68.248,14.2727,1.825
13039,6/13/2026 9:15,15.0612,68.421,14.2721,1.823
13040,6/13/2026 9:30,15.0616,68.592,14.2716,1.826
13041,6/13/2026 9:45,15.0603,68.763,14.2724,1.821
13042,6/13/2026 10:00,15.062,68.763,14.274,1.821
13043,6/13/2026 10:15,15.0591,68.934,14.2719,1.819
13044,6/13/2026 10:30,15.0583,69.278,14.2735,1.814
13045,6/13/2026 10:45,15.0604,69.449,14.2736,1.819
13046,6/13/2026 11:00,15.0609,69.622,14.2742,1.818
13047,6/13/2026 11:15,15.0584,69.964,14.2713,1.819
13048,6/13/2026 11:30,15.0588,70.137,14.2685,1.827
13049,6/13/2026 11:45,15.0597,70.48,14.2711,1.823
13050,6/13/2026 12:00,15.0585,70.651,14.2684,1.826
13051,6/13/2026 12:15,15.0581,71.168,14.2688,1.825
13052,6/13/2026 12:30,15.0574,71.512,14.2655,1.831
13053,6/13/2026 12:45,15.0549,71.856,14.2682,1.819
13054,6/13/2026 13:00,15.0507,72.199,14.2665,1.813
13055,6/13/2026 13:15,15.0469,72.718,14.2639,1.811
13056,6/13/2026 13:30,15.0445,73.062,14.2649,1.803
13057,6/13/2026 13:45,15.0436,73.407,14.2653,1.8
13058,6/13/2026 14:00,15.0411,73.753,14.2627,1.8
13059,6/13/2026 14:15,15.0437,74.098,14.2616,1.809
13060,6/13/2026 14:30,15.0426,74.271,14.262,1.805
13061,6/13/2026 14:45,15.0422,74.098,14.2619,1.805
13062,6/13/2026 15:00,15.0437,74.098,14.2594,1.814
13063,6/13/2026 15:15,15.0455,74.098,14.2601,1.816
13064,6/13/2026 15:30,15.0443,74.271,14.2571,1.821
13065,6/13/2026 15:45,15.0408,74.271,14.2571,1.813
13066,6/13/2026 16:00,15.0408,74.271,14.2533,1.821
13067,6/13/2026 16:15,15.0374,74.271,14.2547,1.81
13068,6/13/2026 16:30,15.0358,74.271,14.2539,1.808
13069,6/13/2026 16:45,15.0323,74.271,14.2545,1.799
13070,6/13/2026 17:00,15.0255,74.271,14.2487,1.796
13071,6/13/2026 17:15,15.0255,74.271,14.253,1.786
13072,6/13/2026 17:30,15.0233,74.098,14.2521,1.783
13073,6/13/2026 17:45,15.0233,74.098,14.2523,1.783
13074,6/13/2026 18:00,15.0216,74.098,14.2553,1.772
13075,6/13/2026 18:15,15.0211,73.926,14.256,1.769
13076,6/13/2026 18:30,15.0211,73.926,14.2574,1.766
13077,6/13/2026 18:45,15.0189,73.753,14.2607,1.753
13078,6/13/2026 19:00,15.0224,73.753,14.2605,1.762
13079,6/13/2026 19:15,15.0203,73.58,14.262,1.753
13080,6/13/2026 19:30,15.0232,73.407,14.265,1.753
13081,6/13/2026 19:45,15.0249,73.407,14.2658,1.755
13082,6/13/2026 20:00,15.0295,73.234,14.2681,1.761
13083,6/13/2026 20:15,15.0295,73.234,14.271,1.754
13084,6/13/2026 20:30,15.0342,73.062,14.2723,1.762
13085,6/13/2026 20:45,15.032,72.891,14.2737,1.753
13086,6/13/2026 21:00,15.0371,72.891,14.2743,1.764
13087,6/13/2026 21:15,15.0401,72.718,14.2764,1.766
13088,6/13/2026 21:30,15.0435,72.718,14.2775,1.771
13089,6/13/2026 21:45,15.0482,72.545,14.2827,1.77
13090,6/13/2026 22:00,15.0562,72.372,14.2824,1.789
13091,6/13/2026 22:15,15.0597,72.372,14.2827,1.796
13092,6/13/2026 22:30,15.0643,72.199,14.2809,1.811
13093,6/13/2026 22:45,15.0707,72.028,14.2826,1.822
13094,6/13/2026 23:00,15.0741,72.028,14.2829,1.829
13095,6/13/2026 23:15,15.0804,71.856,14.2787,1.854
13096,6/13/2026 23:30,15.0886,71.683,14.2804,1.868
13097,6/13/2026 23:45,15.0971,71.683,14.2814,1.886
13098,6/14/2026 0:00,15.1804,71.512,14.2771,2.088
13099,6/14/2026 0:15,15.3092,71.168,14.2749,2.391
13100,6/14/2026 0:30,15.3543,70.824,14.2682,2.51
13101,6/14/2026 0:45,15.3837,70.308,14.2669,2.581
13102,6/14/2026 1:00,15.3849,70.137,14.2648,2.589
13103,6/14/2026 1:15,15.3891,69.793,14.2642,2.6
13104,6/14/2026 1:30,15.3869,69.622,14.263,2.598
13105,6/14/2026 1:45,15.3785,69.622,14.2645,2.575
13106,6/14/2026 2:00,15.3779,69.449,14.2608,2.582
13107,6/14/2026 2:15,15.3757,69.278,14.2617,2.575
13108,6/14/2026 2:30,15.3638,69.278,14.2565,2.559
13109,6/14/2026 2:45,15.357,69.278,14.2559,2.545
13110,6/14/2026 3:00,15.3417,69.278,14.2568,2.507
13111,6/14/2026 3:15,15.3344,69.107,14.2517,2.502
13112,6/14/2026 3:30,15.3327,69.107,14.2526,2.496
13113,6/14/2026 3:45,15.3224,69.107,14.252,2.474
13114,6/14/2026 4:00,15.3105,69.107,14.2545,2.441
13115,6/14/2026 4:15,15.31,68.934,14.2584,2.43
13116,6/14/2026 4:30,15.3032,68.934,14.2578,2.416
13117,6/14/2026 4:45,15.298,68.934,14.2562,2.408
13118,6/14/2026 5:00,15.2929,68.934,14.2572,2.394
13119,6/14/2026 5:15,15.2942,68.763,14.2581,2.395
13120,6/14/2026 5:30,15.2857,68.763,14.2591,2.372
13121,6/14/2026 5:45,15.28,68.592,14.263,2.35
13122,6/14/2026 6:00,15.2716,68.592,14.264,2.328
13123,6/14/2026 6:15,15.2732,68.592,14.2643,2.331
13124,6/14/2026 6:30,15.2694,68.421,14.2658,2.319
13125,6/14/2026 6:45,15.2694,68.421,14.2704,2.309
13126,6/14/2026 7:00,15.2642,68.421,14.272,2.293
13127,6/14/2026 7:15,15.2609,68.421,14.2762,2.275
13128,6/14/2026 7:30,15.2536,68.248,14.2768,2.257
13129,6/14/2026 7:45,15.2484,68.248,14.2781,2.242
13130,6/14/2026 8:00,15.2455,68.421,14.2798,2.232
13131,6/14/2026 8:15,15.2404,68.421,14.2817,2.215
13132,6/14/2026 8:30,15.2387,68.421,14.2804,2.214
13133,6/14/2026 8:45,15.2369,68.421,14.2817,2.207
13134,6/14/2026 9:00,15.234,68.592,14.2835,2.197
13135,6/14/2026 9:15,15.2294,68.763,14.2807,2.192
13136,6/14/2026 9:30,15.223,68.934,14.2848,2.168
13137,6/14/2026 9:45,15.2182,69.107,14.2851,2.157
13138,6/14/2026 10:00,15.212,69.278,14.2829,2.147
13139,6/14/2026 10:15,15.2124,69.449,14.2839,2.146
13140,6/14/2026 10:30,15.203,69.793,14.2839,2.124
13141,6/14/2026 10:45,15.1966,69.964,14.2862,2.104
13142,6/14/2026 11:00,15.193,70.48,14.2848,2.099
13143,6/14/2026 11:15,15.187,70.824,14.2833,2.089
13144,6/14/2026 11:30,15.1828,71.168,14.284,2.078
13145,6/14/2026 11:45,15.1756,71.683,14.2842,2.061
13146,6/14/2026 12:00,15.1731,72.028,14.2835,2.057
13147,6/14/2026 12:15,15.1673,72.372,14.282,2.047
13148,6/14/2026 12:30,15.1579,72.718,14.2791,2.032
13149,6/14/2026 12:45,15.1583,72.891,14.2809,2.029
13150,6/14/2026 13:00,15.1525,73.234,14.282,2.013
13151,6/14/2026 13:15,15.1479,73.407,14.2769,2.014
13152,6/14/2026 13:30,15.1448,73.58,14.2781,2.004
13153,6/14/2026 13:45,15.1419,73.753,14.2778,1.998
13154,6/14/2026 14:00,15.1338,73.926,14.2766,1.982
13155,6/14/2026 14:15,15.1274,74.098,14.2748,1.972
13156,6/14/2026 14:30,15.1263,74.271,14.2723,1.975
13157,6/14/2026 14:45,15.1182,74.446,14.2736,1.953
13158,6/14/2026 15:00,15.1126,74.271,14.2681,1.953
13159,6/14/2026 15:15,15.1096,74.446,14.2713,1.939
13160,6/14/2026 15:30,15.1041,74.271,14.2713,1.926
13161,6/14/2026 15:45,15.0994,74.446,14.2704,1.917
13162,6/14/2026 16:00,15.0925,74.446,14.2703,1.902
13163,6/14/2026 16:15,15.0909,74.446,14.2717,1.894
13164,6/14/2026 16:30,15.0852,74.271,14.2713,1.882
13165,6/14/2026 16:45,15.0848,74.098,14.2723,1.879
13166,6/14/2026 17:00,15.0848,74.098,14.2717,1.88
13167,6/14/2026 17:15,15.0844,73.926,14.2697,1.884
13168,6/14/2026 17:30,15.0855,73.753,14.2701,1.886
13169,6/14/2026 17:45,15.0855,73.753,14.272,1.881
13170,6/14/2026 18:00,15.0833,73.58,14.2733,1.873
13171,6/14/2026 18:15,15.0817,73.58,14.2721,1.872
13172,6/14/2026 18:30,15.0796,73.407,14.2743,1.862
13173,6/14/2026 18:45,15.0829,73.407,14.2787,1.86
13174,6/14/2026 19:00,15.079,73.234,14.2755,1.858
13175,6/14/2026 19:15,15.0768,73.062,14.2784,1.846
13176,6/14/2026 19:30,15.0752,73.062,14.2782,1.843
13177,6/14/2026 19:45,15.0764,72.891,14.2797,1.842
13178,6/14/2026 20:00,15.0746,72.891,14.2811,1.835
13179,6/14/2026 20:15,15.0742,72.718,14.2832,1.829
13180,6/14/2026 20:30,15.072,72.545,14.2838,1.823
13181,6/14/2026 20:45,15.072,72.545,14.2896,1.809
13182,6/14/2026 21:00,15.0768,72.372,14.2877,1.825
13183,6/14/2026 21:15,15.0768,72.372,14.2894,1.821
13184,6/14/2026 21:30,15.078,72.199,14.2913,1.819
13185,6/14/2026 21:45,15.0775,72.028,14.2916,1.817
13186,6/14/2026 22:00,15.0775,72.028,14.2903,1.82
13187,6/14/2026 22:15,15.0788,71.856,14.2958,1.81
13188,6/14/2026 22:30,15.0749,71.683,14.2946,1.804
13189,6/14/2026 22:45,15.0715,71.683,14.294,1.797
13190,6/14/2026 23:00,15.0659,71.512,14.2927,1.787
13191,6/14/2026 23:15,15.0625,71.512,14.2936,1.777
13192,6/14/2026 23:30,15.0625,71.512,14.2925,1.78
13193,6/14/2026 23:45,15.0587,71.339,14.2911,1.774
13194,6/15/2026 0:00,15.0569,71.339,14.2922,1.768
13195,6/15/2026 0:15,15.053,71.168,14.2878,1.769
13196,6/15/2026 0:30,15.053,71.168,14.2872,1.77
13197,6/15/2026 0:45,15.0509,70.995,14.2875,1.765
13198,6/15/2026 1:00,15.0526,70.995,14.2869,1.77
13199,6/15/2026 1:15,15.0543,70.995,14.2811,1.787
13200,6/15/2026 1:30,15.0658,70.824,14.2774,1.823
13201,6/15/2026 1:45,15.0829,70.824,14.2721,1.874
13202,6/15/2026 2:00,15.0961,70.651,14.2716,1.906
13203,6/15/2026 2:15,15.108,70.651,14.2704,1.936
13204,6/15/2026 2:30,15.1195,70.48,14.2682,1.968
13205,6/15/2026 2:45,15.1276,70.308,14.2691,1.984
13206,6/15/2026 3:00,15.1311,70.308,14.2685,1.994
13207,6/15/2026 3:15,15.134,70.137,14.2685,2
13208,6/15/2026 3:30,15.1353,69.964,14.2649,2.012
13209,6/15/2026 3:45,15.1353,69.964,14.2704,1.999
13210,6/15/2026 4:00,15.1331,69.793,14.2682,1.999
13211,6/15/2026 4:15,15.1296,69.793,14.2677,1.992
13212,6/15/2026 4:30,15.1224,69.622,14.2685,1.973
13213,6/15/2026 4:45,15.1224,69.622,14.2726,1.964
13214,6/15/2026 5:00,15.1202,69.449,14.272,1.96
13215,6/15/2026 5:15,15.1168,69.449,14.2729,1.951
13216,6/15/2026 5:30,15.1129,69.278,14.2769,1.932
13217,6/15/2026 5:45,15.1129,69.278,14.2778,1.93
13218,6/15/2026 6:00,15.1108,69.107,14.2803,1.919
13219,6/15/2026 6:15,15.1108,69.107,14.2797,1.921
13220,6/15/2026 6:30,15.1121,68.934,14.2811,1.92
13221,6/15/2026 6:45,15.1121,68.934,14.2811,1.92
13222,6/15/2026 7:00,15.1086,68.934,14.2819,1.911
13223,6/15/2026 7:15,15.1086,68.934,14.2839,1.906
13224,6/15/2026 7:30,15.1081,68.763,14.2882,1.895
13225,6/15/2026 7:45,15.1081,68.763,14.2904,1.89
13226,6/15/2026 8:00,15.1081,68.763,14.2885,1.894
13227,6/15/2026 8:15,15.1081,68.763,14.2903,1.89
13228,6/15/2026 8:30,15.1103,68.934,14.2922,1.891
13229,6/15/2026 8:45,15.1086,68.934,14.2894,1.893
13230,6/15/2026 9:00,15.1039,69.107,14.2859,1.891
13231,6/15/2026 9:15,15.1039,69.107,14.2894,1.882
13232,6/15/2026 9:30,15.1061,69.278,14.2881,1.891
13233,6/15/2026 9:45,15.1066,69.449,14.2891,1.889
13234,6/15/2026 10:00,15.107,69.622,14.2884,1.892
13235,6/15/2026 10:15,15.1057,69.793,14.2916,1.882
13236,6/15/2026 10:30,15.1028,69.964,14.2869,1.886
13237,6/15/2026 10:45,15.1015,70.137,14.2916,1.872
13238,6/15/2026 11:00,15.2646,70.48,14.2901,2.253
13239,6/15/2026 11:15,15.2707,70.824,14.2887,2.27
13240,6/15/2026 11:30,15.2691,71.512,14.291,2.261
13241,6/15/2026 11:45,15.2671,72.028,14.2896,2.26
13242,6/15/2026 12:00,15.26,72.545,14.2865,2.251
13243,6/15/2026 12:15,15.2574,72.891,14.2868,2.244
13244,6/15/2026 12:30,15.2532,73.234,14.2838,2.242
13245,6/15/2026 12:45,15.2474,73.58,14.2833,2.229
13246,6/15/2026 13:00,15.2432,73.926,14.282,2.223
13247,6/15/2026 13:15,15.2368,74.098,14.28,2.213
13248,6/15/2026 13:30,15.2339,74.271,14.2795,2.207
13249,6/15/2026 13:45,15.2258,74.446,14.2761,2.196
13250,6/15/2026 14:00,15.224,74.446,14.2727,2.2
13251,6/15/2026 14:15,15.2245,74.619,14.2692,2.209
13252,6/15/2026 14:30,15.2176,74.619,14.2671,2.198
13253,6/15/2026 14:45,15.2126,74.619,14.2646,2.192
13254,6/15/2026 15:00,15.2113,74.791,14.2624,2.194
13255,6/15/2026 15:15,15.2416,74.619,14.2624,2.265
13256,6/15/2026 15:30,15.2519,74.619,14.2585,2.297
13257,6/15/2026 15:45,15.2462,74.446,14.2623,2.276
13258,6/15/2026 16:00,15.2493,74.271,14.2582,2.292
13259,6/15/2026 16:15,15.2403,74.098,14.259,2.269
13260,6/15/2026 16:30,15.2397,73.926,14.2572,2.272
13261,6/15/2026 16:45,15.2375,73.753,14.2585,2.264
13262,6/15/2026 17:00,15.232,73.58,14.2581,2.252
13263,6/15/2026 17:15,15.2362,73.234,14.2594,2.259
13264,6/15/2026 17:30,15.234,73.062,14.2614,2.249
13265,6/15/2026 17:45,15.2352,72.891,14.2611,2.252
13266,6/15/2026 18:00,15.2365,72.718,14.2624,2.252
13267,6/15/2026 18:15,15.2411,72.545,14.2649,2.257
13268,6/15/2026 18:30,15.244,72.372,14.2666,2.26
13269,6/15/2026 18:45,15.2471,72.199,14.271,2.257
13270,6/15/2026 19:00,15.2467,72.028,14.2745,2.248
13271,6/15/2026 19:15,15.2546,71.856,14.2733,2.269
13272,6/15/2026 19:30,15.2564,71.856,14.2737,2.272
13273,6/15/2026 19:45,15.2542,71.683,14.2775,2.258
13274,6/15/2026 20:00,15.2538,71.512,14.2791,2.253
13275,6/15/2026 20:15,15.2555,71.512,14.2806,2.254
13276,6/15/2026 20:30,15.2567,71.339,14.2801,2.258
13277,6/15/2026 20:45,15.2567,71.339,14.2809,2.256
13278,6/15/2026 21:00,15.2527,71.168,14.2804,2.248
13279,6/15/2026 21:15,15.2545,71.168,14.2807,2.251
13280,6/15/2026 21:30,15.2562,71.168,14.2835,2.249
13281,6/15/2026 21:45,15.2541,70.995,14.2884,2.232
13282,6/15/2026 22:00,15.2468,70.824,14.2872,2.218
13283,6/15/2026 22:15,15.2485,70.824,14.2891,2.218
13284,6/15/2026 22:30,15.2501,70.824,14.2862,2.228
13285,6/15/2026 22:45,15.248,70.651,14.2835,2.229
13286,6/15/2026 23:00,15.2464,70.651,14.2875,2.216
13287,6/15/2026 23:15,15.2425,70.48,14.2864,2.21
13288,6/15/2026 23:30,15.2425,70.48,14.2836,2.216
13289,6/15/2026 23:45,15.2368,70.308,14.2829,2.205
13290,6/16/2026 0:00,15.2352,70.308,14.2823,2.203
13291,6/16/2026 0:15,15.2348,70.137,14.2833,2.199
13292,6/16/2026 0:30,15.233,70.137,14.2795,2.204
13293,6/16/2026 0:45,15.2313,70.137,14.2759,2.208
13294,6/16/2026 1:00,15.2295,70.137,14.2775,2.201
13295,6/16/2026 1:15,15.2291,69.964,14.2753,2.204
13296,6/16/2026 1:30,15.2256,69.964,14.2732,2.201
13297,6/16/2026 1:45,15.2256,69.964,14.271,2.206
13298,6/16/2026 2:00,15.2274,69.964,14.2704,2.212
13299,6/16/2026 2:15,15.2252,69.793,14.2714,2.204
13300,6/16/2026 2:30,15.2236,69.793,14.2677,2.209
13301,6/16/2026 2:45,15.2219,69.793,14.2677,2.205
13302,6/16/2026 3:00,15.2219,69.793,14.2677,2.205
13303,6/16/2026 3:15,15.2197,69.622,14.2677,2.2
13304,6/16/2026 3:30,15.2162,69.622,14.2671,2.194
13305,6/16/2026 3:45,15.2129,69.622,14.2656,2.189
13306,6/16/2026 4:00,15.2129,69.622,14.2671,2.186
13307,6/16/2026 4:15,15.2111,69.622,14.2634,2.19
13308,6/16/2026 4:30,15.2107,69.449,14.2665,2.182
13309,6/16/2026 4:45,15.2089,69.449,14.2643,2.183
13310,6/16/2026 5:00,15.2124,69.449,14.2668,2.186
13311,6/16/2026 5:15,15.2085,69.278,14.2684,2.173
13312,6/16/2026 5:30,15.2085,69.278,14.2692,2.171
13313,6/16/2026 5:45,15.2103,69.278,14.2671,2.18
13314,6/16/2026 6:00,15.2132,69.107,14.2733,2.172
13315,6/16/2026 6:15,15.2166,69.107,14.2748,2.177
13316,6/16/2026 6:30,15.2166,69.107,14.2748,2.177
13317,6/16/2026 6:45,15.22,69.107,14.2769,2.179
13318,6/16/2026 7:00,15.22,69.107,14.2806,2.171
13319,6/16/2026 7:15,15.2217,69.107,14.2797,2.177
13320,6/16/2026 7:30,15.2252,69.107,14.2824,2.179
13321,6/16/2026 7:45,15.2268,69.107,14.2827,2.182
13322,6/16/2026 8:00,15.2268,69.107,14.283,2.181
13323,6/16/2026 8:15,15.2268,69.107,14.2848,2.177
13324,6/16/2026 8:30,15.2272,69.278,14.2836,2.181
13325,6/16/2026 8:45,15.2239,69.278,14.2894,2.16
13326,6/16/2026 9:00,15.2243,69.449,14.2875,2.165
13327,6/16/2026 9:15,15.2278,69.449,14.2897,2.168
13328,6/16/2026 9:30,15.2248,69.622,14.2878,2.166
13329,6/16/2026 9:45,15.2252,69.793,14.2881,2.166
13330,6/16/2026 10:00,15.2223,69.964,14.2884,2.159
13331,6/16/2026 10:15,15.2295,70.137,14.2887,2.175
13332,6/16/2026 10:30,15.2339,70.48,14.2911,2.179
13333,6/16/2026 10:45,15.2332,70.824,14.29,2.18
13334,6/16/2026 11:00,15.2358,71.168,14.2878,2.191
13335,6/16/2026 11:15,15.2362,71.339,14.2872,2.194
13336,6/16/2026 11:30,15.2353,71.683,14.2865,2.194
13337,6/16/2026 11:45,15.2364,72.028,14.2832,2.204
13338,6/16/2026 12:00,15.2364,72.028,14.2839,2.202
13339,6/16/2026 12:15,15.2335,72.199,14.2816,2.201
13340,6/16/2026 12:30,15.2339,72.372,14.2833,2.198
13341,6/16/2026 12:45,15.2343,72.545,14.2813,2.204
13342,6/16/2026 13:00,15.2394,72.545,14.2801,2.218
13343,6/16/2026 13:15,15.2326,72.545,14.279,2.205
13344,6/16/2026 13:30,15.2293,72.545,14.2772,2.201
13345,6/16/2026 13:45,15.2308,72.545,14.2762,2.207
13346,6/16/2026 14:00,15.2275,72.545,14.275,2.202
13347,6/16/2026 14:15,15.2258,72.545,14.2737,2.201
13348,6/16/2026 14:30,15.224,72.545,14.2717,2.202
13349,6/16/2026 14:45,15.224,72.545,14.2682,2.21
13350,6/16/2026 15:00,15.2271,72.372,14.27,2.213
13351,6/16/2026 15:15,15.2271,72.372,14.2679,2.218
13352,6/16/2026 15:30,15.2271,72.372,14.2666,2.221
13353,6/16/2026 15:45,15.2219,72.372,14.2672,2.207
13354,6/16/2026 16:00,15.2249,72.199,14.2669,2.215
13355,6/16/2026 16:15,15.2197,72.199,14.263,2.212
13356,6/16/2026 16:30,15.2175,72.028,14.2616,2.21
13357,6/16/2026 16:45,15.2159,72.028,14.2607,2.208
13358,6/16/2026 17:00,15.2159,72.028,14.2581,2.214
13359,6/16/2026 17:15,15.212,71.856,14.2603,2.2
13360,6/16/2026 17:30,15.2153,71.856,14.2648,2.198
13361,6/16/2026 17:45,15.2137,71.856,14.2637,2.196
13362,6/16/2026 18:00,15.2184,71.683,14.2659,2.202
13363,6/16/2026 18:15,15.2217,71.683,14.2691,2.202
13364,6/16/2026 18:30,15.2264,71.512,14.2719,2.207
13365,6/16/2026 18:45,15.2349,71.512,14.2733,2.223
13366,6/16/2026 19:00,15.2498,71.339,14.2756,2.252
13367,6/16/2026 19:15,15.2512,71.168,14.275,2.256
13368,6/16/2026 19:30,15.2597,71.168,14.275,2.276
13369,6/16/2026 19:45,15.2797,70.995,14.2772,2.317
13370,6/16/2026 20:00,15.2929,70.824,14.2765,2.35
13371,6/16/2026 20:15,15.3031,70.824,14.2764,2.373
13372,6/16/2026 20:30,15.3129,70.651,14.2753,2.398
13373,6/16/2026 20:45,15.3198,70.651,14.2768,2.411
13374,6/16/2026 21:00,15.3227,70.48,14.2804,2.409
13375,6/16/2026 21:15,15.3261,70.48,14.2794,2.42
13376,6/16/2026 21:30,15.3359,70.308,14.2822,2.436
13377,6/16/2026 21:45,15.3308,70.308,14.2803,2.428
13378,6/16/2026 22:00,15.3235,70.137,14.2798,2.412
13379,6/16/2026 22:15,15.32,70.137,14.2801,2.404
13380,6/16/2026 22:30,15.32,70.137,14.2784,2.408
13381,6/16/2026 22:45,15.3167,70.137,14.2801,2.396
13382,6/16/2026 23:00,15.3161,69.964,14.282,2.39
13383,6/16/2026 23:15,15.3111,69.964,14.2814,2.38
13384,6/16/2026 23:30,15.3093,69.964,14.2801,2.379
13385,6/16/2026 23:45,15.3055,69.793,14.2774,2.376
13386,6/17/2026 0:00,15.2986,69.793,14.2762,2.363
13387,6/17/2026 0:15,15.297,69.793,14.2771,2.357
13388,6/17/2026 0:30,15.288,69.622,14.2727,2.347
13389,6/17/2026 0:45,15.2845,69.622,14.2707,2.343
13390,6/17/2026 1:00,15.2777,69.622,14.2716,2.325
13391,6/17/2026 1:15,15.2738,69.449,14.2704,2.319
13392,6/17/2026 1:30,15.2738,69.449,14.2652,2.331
13393,6/17/2026 1:45,15.2687,69.449,14.2661,2.317
13394,6/17/2026 2:00,15.2632,69.278,14.2669,2.303
13395,6/17/2026 2:15,15.2597,69.278,14.2655,2.298
13396,6/17/2026 2:30,15.258,69.278,14.2649,2.295
13397,6/17/2026 2:45,15.2512,69.278,14.2633,2.283
13398,6/17/2026 3:00,15.2512,69.278,14.2597,2.291
13399,6/17/2026 3:15,15.249,69.107,14.2605,2.284
13400,6/17/2026 3:30,15.2474,69.107,14.2636,2.274
13401,6/17/2026 3:45,15.2525,69.107,14.2646,2.283
13402,6/17/2026 4:00,15.2525,69.107,14.2608,2.292
13403,6/17/2026 4:15,15.2525,69.107,14.2624,2.288
13404,6/17/2026 4:30,15.2507,69.107,14.2587,2.293
13405,6/17/2026 4:45,15.2507,69.107,14.2603,2.289
13406,6/17/2026 5:00,15.252,68.934,14.2597,2.293
13407,6/17/2026 5:15,15.2503,68.934,14.2605,2.287
13408,6/17/2026 5:30,15.2452,68.934,14.2621,2.272
13409,6/17/2026 5:45,15.2452,68.934,14.263,2.27
13410,6/17/2026 6:00,15.2417,68.934,14.2646,2.258
13411,6/17/2026 6:15,15.2384,68.934,14.2677,2.243
13412,6/17/2026 6:30,15.2366,68.934,14.2692,2.236
13413,6/17/2026 6:45,15.2366,68.934,14.2692,2.236
13414,6/17/2026 7:00,15.2384,68.934,14.275,2.226
13415,6/17/2026 7:15,15.2366,68.934,14.2768,2.218
13416,6/17/2026 7:30,15.2349,68.934,14.2781,2.211
13417,6/17/2026 7:45,15.232,69.107,14.2784,2.204
13418,6/17/2026 8:00,15.232,69.107,14.2787,2.203
13419,6/17/2026 8:15,15.2268,69.107,14.279,2.191
13420,6/17/2026 8:30,15.2217,69.107,14.2823,2.171
13421,6/17/2026 8:45,15.2272,69.278,14.2804,2.188
13422,6/17/2026 9:00,15.2272,69.278,14.2801,2.189
13423,6/17/2026 9:15,15.2278,69.449,14.2804,2.19
13424,6/17/2026 9:30,15.2278,69.449,14.2829,2.184
13425,6/17/2026 9:45,15.2372,69.793,14.2848,2.201
13426,6/17/2026 10:00,15.2359,69.964,14.2827,2.203
13427,6/17/2026 10:15,15.2326,69.964,14.2822,2.197
13428,6/17/2026 10:30,15.2317,70.308,14.2813,2.197
13429,6/17/2026 10:45,15.2258,70.651,14.2814,2.183
13430,6/17/2026 11:00,15.2297,70.824,14.2806,2.194
13431,6/17/2026 11:15,15.2221,71.168,14.2777,2.183
13432,6/17/2026 11:30,15.2145,71.512,14.2765,2.168
13433,6/17/2026 11:45,15.2153,71.856,14.2745,2.175
13434,6/17/2026 12:00,15.2111,72.199,14.2708,2.174
13435,6/17/2026 12:15,15.2121,72.545,14.2742,2.169
13436,6/17/2026 12:30,15.2091,72.718,14.2727,2.165
13437,6/17/2026 12:45,15.2113,72.891,14.2708,2.174
13438,6/17/2026 13:00,15.2113,72.891,14.2719,2.172
13439,6/17/2026 13:15,15.2118,73.062,14.2739,2.169
13440,6/17/2026 13:30,15.2088,73.234,14.2691,2.173
13441,6/17/2026 13:45,15.2105,73.234,14.269,2.177
13442,6/17/2026 14:00,15.2076,73.407,14.269,2.171
13443,6/17/2026 14:15,15.2094,73.407,14.272,2.168
13444,6/17/2026 14:30,15.2072,73.234,14.2713,2.164
13445,6/17/2026 14:45,15.2037,73.234,14.2674,2.165
13446,6/17/2026 15:00,15.2002,73.234,14.2672,2.157
13447,6/17/2026 15:15,15.2002,73.234,14.2692,2.153
13448,6/17/2026 15:30,15.1986,73.234,14.2659,2.157
13449,6/17/2026 15:45,15.1969,73.234,14.2681,2.148
13450,6/17/2026 16:00,15.1965,73.062,14.2681,2.147
13451,6/17/2026 16:15,15.1913,73.062,14.2681,2.135
13452,6/17/2026 16:30,15.1926,72.891,14.2668,2.141
13453,6/17/2026 16:45,15.1875,72.891,14.2678,2.126
13454,6/17/2026 17:00,15.1853,72.718,14.2695,2.117
13455,6/17/2026 17:15,15.1836,72.718,14.2707,2.111
13456,6/17/2026 17:30,15.1785,72.718,14.2665,2.109
13457,6/17/2026 17:45,15.1814,72.545,14.2659,2.117
13458,6/17/2026 18:00,15.1814,72.545,14.2679,2.112
13459,6/17/2026 18:15,15.1792,72.372,14.2706,2.101
13460,6/17/2026 18:30,15.1788,72.199,14.2726,2.095
13461,6/17/2026 18:45,15.1788,72.199,14.2761,2.087
13462,6/17/2026 19:00,15.1817,72.028,14.2758,2.094
13463,6/17/2026 19:15,15.1783,72.028,14.2793,2.079
13464,6/17/2026 19:30,15.1812,71.856,14.2804,2.083
13465,6/17/2026 19:45,15.183,71.856,14.281,2.085
13466,6/17/2026 20:00,15.1876,71.683,14.2806,2.097
13467,6/17/2026 20:15,15.1876,71.683,14.2864,2.084
13468,6/17/2026 20:30,15.1927,71.683,14.2897,2.088
13469,6/17/2026 20:45,15.194,71.512,14.2862,2.099
13470,6/17/2026 21:00,15.2008,71.512,14.2881,2.11
13471,6/17/2026 21:15,15.2008,71.512,14.2959,2.092
13472,6/17/2026 21:30,15.2037,71.339,14.2948,2.101
13473,6/17/2026 21:45,15.214,71.339,14.2935,2.128
13474,6/17/2026 22:00,15.2345,71.339,14.2938,2.175
13475,6/17/2026 22:15,15.2481,71.339,14.2956,2.202
13476,6/17/2026 22:30,15.2823,71.339,14.2965,2.279
13477,6/17/2026 22:45,15.3063,71.339,14.2984,2.33
13478,6/17/2026 23:00,15.3369,71.339,14.2993,2.399
13479,6/17/2026 23:15,15.3904,71.512,14.2987,2.524
13480,6/17/2026 23:30,15.4295,71.512,14.298,2.616
13481,6/17/2026 23:45,15.4638,71.512,14.2974,2.696
13482,6/18/2026 0:00,15.5179,71.339,14.2952,2.826
13483,6/18/2026 0:15,15.5726,71.339,14.2946,2.954
13484,6/18/2026 0:30,15.5994,71.168,14.2925,3.021
13485,6/18/2026 0:45,15.6011,71.168,14.2919,3.027
13486,6/18/2026 1:00,15.599,70.995,14.2897,3.027
13487,6/18/2026 1:15,15.604,70.995,14.2897,3.038
13488,6/18/2026 1:30,15.5939,70.995,14.2859,3.024
13489,6/18/2026 1:45,15.6177,70.995,14.2869,3.076
13490,6/18/2026 2:00,15.6211,70.995,14.2823,3.095
13491,6/18/2026 2:15,15.633,70.995,14.2832,3.12
13492,6/18/2026 2:30,15.6792,70.995,14.2832,3.227
13493,6/18/2026 2:45,15.6998,70.995,14.2811,3.279
13494,6/18/2026 3:00,15.7082,70.995,14.282,3.297
13495,6/18/2026 3:15,15.7099,70.995,14.282,3.301
13496,6/18/2026 3:30,15.706,70.824,14.2814,3.293
13497,6/18/2026 3:45,15.7266,70.824,14.2829,3.337
13498,6/18/2026 4:00,15.7044,70.824,14.2793,3.294
13499,6/18/2026 4:15,15.6838,70.824,14.2823,3.24
13500,6/18/2026 4:30,15.6754,70.824,14.2823,3.22
13501,6/18/2026 4:45,15.6668,70.824,14.2801,3.205
13502,6/18/2026 5:00,15.6412,70.824,14.2795,3.147
13503,6/18/2026 5:15,15.619,70.824,14.2795,3.096
13504,6/18/2026 5:30,15.6087,70.824,14.2804,3.07
13505,6/18/2026 5:45,15.5865,70.824,14.2835,3.012
13506,6/18/2026 6:00,15.6032,70.651,14.2859,3.045
13507,6/18/2026 6:15,15.5673,70.651,14.2869,2.96
13508,6/18/2026 6:30,15.581,70.651,14.2869,2.991
13509,6/18/2026 6:45,15.557,70.651,14.2891,2.931
13510,6/18/2026 7:00,15.5438,70.824,14.2922,2.893
13511,6/18/2026 7:15,15.537,70.824,14.2949,2.871
13512,6/18/2026 7:30,15.5319,70.824,14.2939,2.862
13513,6/18/2026 7:45,15.5251,70.824,14.2952,2.843
13514,6/18/2026 8:00,15.5131,70.824,14.298,2.809
13515,6/18/2026 8:15,15.5114,70.824,14.3007,2.798
13516,6/18/2026 8:30,15.5119,70.995,14.3026,2.796
13517,6/18/2026 8:45,15.4966,70.995,14.299,2.768
13518,6/18/2026 9:00,15.497,71.168,14.3029,2.76
13519,6/18/2026 9:15,15.4935,71.168,14.3017,2.755
13520,6/18/2026 9:30,15.4838,71.339,14.3036,2.728
13521,6/18/2026 9:45,15.4787,71.339,14.3,2.725
13522,6/18/2026 10:00,15.462,71.512,14.3032,2.679
13523,6/18/2026 10:15,15.4591,71.683,14.3017,2.676
13524,6/18/2026 10:30,15.46,72.028,14.3025,2.676
13525,6/18/2026 10:45,15.452,72.199,14.3026,2.657
13526,6/18/2026 11:00,15.4422,72.372,14.3028,2.634
13527,6/18/2026 11:15,15.441,72.545,14.3029,2.631
13528,6/18/2026 11:30,15.438,72.718,14.3009,2.629
13529,6/18/2026 11:45,15.4351,72.891,14.3013,2.621
13530,6/18/2026 12:00,15.4333,72.891,14.2996,2.621
13531,6/18/2026 12:15,15.4287,73.062,14.2987,2.613
13532,6/18/2026 12:30,15.419,73.234,14.2978,2.592
13533,6/18/2026 12:45,15.4181,73.58,14.2983,2.59
13534,6/18/2026 13:00,15.4113,73.58,14.2972,2.576
13535,6/18/2026 13:15,15.4045,73.58,14.2959,2.563
13536,6/18/2026 13:30,15.3998,73.753,14.2962,2.552
13537,6/18/2026 13:45,15.4033,73.753,14.2951,2.563
13538,6/18/2026 14:00,15.4049,73.753,14.2914,2.575
13539,6/18/2026 14:15,15.3969,73.926,14.2896,2.561
13540,6/18/2026 14:30,15.3917,73.926,14.2869,2.555
13541,6/18/2026 14:45,15.3866,73.926,14.2875,2.542
13542,6/18/2026 15:00,15.3815,73.926,14.2867,2.532
13543,6/18/2026 15:15,15.3712,73.926,14.2851,2.512
13544,6/18/2026 15:30,15.373,73.926,14.2865,2.512
13545,6/18/2026 15:45,15.3695,73.926,14.2856,2.506
13546,6/18/2026 16:00,15.3673,73.753,14.2856,2.501
13547,6/18/2026 16:15,15.3673,73.753,14.2856,2.501
13548,6/18/2026 16:30,15.3605,73.753,14.288,2.48
13549,6/18/2026 16:45,15.3583,73.58,14.2874,2.476
13550,6/18/2026 17:00,15.3566,73.58,14.2888,2.469
13551,6/18/2026 17:15,15.355,73.58,14.2885,2.466
13552,6/18/2026 17:30,15.3533,73.58,14.2907,2.457
13553,6/18/2026 17:45,15.355,73.58,14.289,2.465
13554,6/18/2026 18:00,15.3511,73.407,14.2906,2.452
13555,6/18/2026 18:15,15.3493,73.407,14.293,2.443
13556,6/18/2026 18:30,15.3476,73.407,14.2917,2.442
13557,6/18/2026 18:45,15.3454,73.234,14.2945,2.43
13558,6/18/2026 19:00,15.3421,73.234,14.2964,2.418
13559,6/18/2026 19:15,15.3485,73.062,14.3009,2.422
13560,6/18/2026 19:30,15.3485,73.062,14.2991,2.426
13561,6/18/2026 19:45,15.3467,73.062,14.3028,2.414
13562,6/18/2026 20:00,15.3479,72.891,14.3049,2.412
13563,6/18/2026 20:15,15.3531,72.891,14.3077,2.417
13564,6/18/2026 20:30,15.3565,72.891,14.3075,2.425
13565,6/18/2026 20:45,15.3527,72.718,14.3072,2.417
13566,6/18/2026 21:00,15.3492,72.718,14.3109,2.401
13567,6/18/2026 21:15,15.3509,72.718,14.3113,2.404
13568,6/18/2026 21:30,15.3475,72.718,14.3103,2.398
13569,6/18/2026 21:45,15.3488,72.545,14.3115,2.398
13570,6/18/2026 22:00,15.347,72.545,14.3104,2.397
13571,6/18/2026 22:15,15.3505,72.545,14.3116,2.402
13572,6/18/2026 22:30,15.3453,72.545,14.3133,2.386
13573,6/18/2026 22:45,15.3488,72.545,14.313,2.395
13574,6/18/2026 23:00,15.3483,72.372,14.3132,2.393
13575,6/18/2026 23:15,15.3466,72.372,14.312,2.392
13576,6/18/2026 23:30,15.3431,72.372,14.3129,2.382
13577,6/18/2026 23:45,15.3398,72.372,14.3086,2.384
13578,6/19/2026 0:00,15.3448,72.372,14.3072,2.399
13579,6/19/2026 0:15,15.3546,72.199,14.3036,2.43
13580,6/19/2026 0:30,15.3598,72.199,14.3039,2.441
13581,6/19/2026 0:45,15.3559,72.028,14.3026,2.435
13582,6/19/2026 1:00,15.3508,72.028,14.2999,2.43
13583,6/19/2026 1:15,15.3502,71.856,14.3023,2.423
13584,6/19/2026 1:30,15.3451,71.856,14.298,2.421
13585,6/19/2026 1:45,15.343,71.683,14.2952,2.422
13586,6/19/2026 2:00,15.343,71.683,14.2955,2.422
13587,6/19/2026 2:15,15.3375,71.512,14.2933,2.414
13588,6/19/2026 2:30,15.3375,71.512,14.2967,2.406
13589,6/19/2026 2:45,15.334,71.512,14.2946,2.403
13590,6/19/2026 3:00,15.3335,71.339,14.2933,2.405
13591,6/19/2026 3:15,15.3285,71.339,14.2927,2.394
13592,6/19/2026 3:30,15.3314,71.168,14.2922,2.402
13593,6/19/2026 3:45,15.3228,71.168,14.2878,2.393
13594,6/19/2026 4:00,15.3241,70.995,14.2872,2.397
13595,6/19/2026 4:15,15.3257,70.995,14.2942,2.384
13596,6/19/2026 4:30,15.3237,70.824,14.2922,2.384
13597,6/19/2026 4:45,15.327,70.824,14.293,2.39
13598,6/19/2026 5:00,15.3283,70.651,14.2946,2.389
13599,6/19/2026 5:15,15.3231,70.651,14.2971,2.372
13600,6/19/2026 5:30,15.3227,70.48,14.298,2.369
13601,6/19/2026 5:45,15.3261,70.48,14.2964,2.38
13602,6/19/2026 6:00,15.3261,70.48,14.3004,2.371
13603,6/19/2026 6:15,15.329,70.308,14.3013,2.376
13604,6/19/2026 6:30,15.3308,70.308,14.2983,2.387
13605,6/19/2026 6:45,15.3325,70.308,14.3019,2.382
13606,6/19/2026 7:00,15.3341,70.308,14.3057,2.377
13607,6/19/2026 7:15,15.3376,70.308,14.3062,2.384
13608,6/19/2026 7:30,15.3325,70.308,14.3074,2.37
13609,6/19/2026 7:45,15.3376,70.308,14.3117,2.371
13610,6/19/2026 8:00,15.3393,70.308,14.313,2.372
13611,6/19/2026 8:15,15.3398,70.48,14.3148,2.369
13612,6/19/2026 8:30,15.3431,70.48,14.313,2.381
13613,6/19/2026 8:45,15.3419,70.651,14.3133,2.378
13614,6/19/2026 9:00,15.3385,70.651,14.3136,2.369
13615,6/19/2026 9:15,15.3424,70.824,14.313,2.379
13616,6/19/2026 9:30,15.3395,70.995,14.3141,2.37
13617,6/19/2026 9:45,15.3364,71.168,14.3119,2.368
13618,6/19/2026 10:00,15.3369,71.339,14.3129,2.367
13619,6/19/2026 10:15,15.3396,71.683,14.313,2.373
13620,6/19/2026 10:30,15.3383,71.856,14.3141,2.368
13621,6/19/2026 10:45,15.3341,72.199,14.3126,2.362
13622,6/19/2026 11:00,15.3299,72.545,14.3142,2.348
13623,6/19/2026 11:15,15.3309,72.891,14.3113,2.358
13624,6/19/2026 11:30,15.3285,73.234,14.313,2.348
13625,6/19/2026 11:45,15.3328,73.58,14.3086,2.368
13626,6/19/2026 12:00,15.3286,73.926,14.3088,2.358
13627,6/19/2026 12:15,15.3244,74.271,14.3059,2.355
13628,6/19/2026 12:30,15.3299,74.446,14.3071,2.365
13629,6/19/2026 12:45,15.3258,74.791,14.3074,2.355
13630,6/19/2026 13:00,15.3195,74.964,14.3023,2.353
13631,6/19/2026 13:15,15.3203,75.312,14.302,2.355
13632,6/19/2026 13:30,15.3174,75.484,14.3032,2.346
13633,6/19/2026 13:45,15.3145,75.659,14.3029,2.34
13634,6/19/2026 14:00,15.3111,75.659,14.2994,2.34
13635,6/19/2026 14:15,15.3093,75.659,14.2991,2.337
13636,6/19/2026 14:30,15.3047,75.832,14.2967,2.332
13637,6/19/2026 14:45,15.3029,75.832,14.2949,2.332
13638,6/19/2026 15:00,15.2996,75.832,14.2955,2.323
13639,6/19/2026 15:15,15.2996,75.832,14.2961,2.321
13640,6/19/2026 15:30,15.2928,75.832,14.2945,2.309
13641,6/19/2026 15:45,15.2939,75.659,14.2997,2.3
13642,6/19/2026 16:00,15.2854,75.659,14.2965,2.287
13643,6/19/2026 16:15,15.2849,75.484,14.2948,2.29
13644,6/19/2026 16:30,15.2794,75.312,14.2955,2.276
13645,6/19/2026 16:45,15.2789,75.139,14.294,2.278
13646,6/19/2026 17:00,15.2733,74.964,14.2955,2.262
13647,6/19/2026 17:15,15.2745,74.791,14.2971,2.261
13648,6/19/2026 17:30,15.2728,74.791,14.2985,2.253
13649,6/19/2026 17:45,15.2723,74.619,14.3,2.249
13650,6/19/2026 18:00,15.2702,74.446,14.3046,2.233
13651,6/19/2026 18:15,15.268,74.271,14.3061,2.224
13652,6/19/2026 18:30,15.2697,74.271,14.3054,2.23
13653,6/19/2026 18:45,15.2675,74.098,14.3078,2.219
13654,6/19/2026 19:00,15.2688,73.926,14.3091,2.219
13655,6/19/2026 19:15,15.2683,73.753,14.3144,2.206
13656,6/19/2026 19:30,15.2717,73.753,14.3165,2.209
13657,6/19/2026 19:45,15.2713,73.58,14.3196,2.201
13658,6/19/2026 20:00,15.2713,73.58,14.321,2.197
13659,6/19/2026 20:15,15.2707,73.407,14.3209,2.196
13660,6/19/2026 20:30,15.2725,73.407,14.3225,2.197
13661,6/19/2026 20:45,15.2686,73.234,14.3238,2.185
13662,6/19/2026 21:00,15.2703,73.234,14.3245,2.187
13663,6/19/2026 21:15,15.2699,73.062,14.3233,2.189
13664,6/19/2026 21:30,15.2716,73.062,14.3262,2.186
13665,6/19/2026 21:45,15.2716,73.062,14.3305,2.176
13666,6/19/2026 22:00,15.2728,72.891,14.328,2.185
13667,6/19/2026 22:15,15.2745,72.891,14.326,2.193
13668,6/19/2026 22:30,15.2712,72.891,14.3257,2.186
13669,6/19/2026 22:45,15.2706,72.718,14.3268,2.182
13670,6/19/2026 23:00,15.2706,72.718,14.3255,2.185
13671,6/19/2026 23:15,15.2706,72.718,14.3289,2.177
13672,6/19/2026 23:30,15.2702,72.545,14.3255,2.184
13673,6/19/2026 23:45,15.2719,72.545,14.3258,2.187
13674,6/20/2026 0:00,15.2684,72.545,14.3215,2.189
13675,6/20/2026 0:15,15.2684,72.545,14.3186,2.196
13676,6/20/2026 0:30,15.2662,72.372,14.3165,2.196
13677,6/20/2026 0:45,15.2646,72.372,14.3122,2.202
13678,6/20/2026 1:00,15.2629,72.372,14.3125,2.197
13679,6/20/2026 1:15,15.2607,72.199,14.3119,2.194
13680,6/20/2026 1:30,15.2572,72.199,14.309,2.192
13681,6/20/2026 1:45,15.2522,72.199,14.3084,2.182
13682,6/20/2026 2:00,15.2467,72.028,14.3026,2.183
13683,6/20/2026 2:15,15.2432,72.028,14.3004,2.18
13684,6/20/2026 2:30,15.2467,72.028,14.2999,2.189
13685,6/20/2026 2:45,15.2397,72.028,14.2991,2.175
13686,6/20/2026 3:00,15.2393,71.856,14.3016,2.168
13687,6/20/2026 3:15,15.2375,71.856,14.2994,2.169
13688,6/20/2026 3:30,15.2359,71.856,14.2988,2.166
13689,6/20/2026 3:45,15.232,71.683,14.2991,2.157
13690,6/20/2026 4:00,15.232,71.683,14.2985,2.158
13691,6/20/2026 4:15,15.232,71.683,14.301,2.152
13692,6/20/2026 4:30,15.2298,71.512,14.2988,2.152
13693,6/20/2026 4:45,15.2298,71.512,14.2999,2.15
13694,6/20/2026 5:00,15.2311,71.339,14.3038,2.144
13695,6/20/2026 5:15,15.2311,71.339,14.3062,2.138
13696,6/20/2026 5:30,15.2294,71.339,14.3026,2.142
13697,6/20/2026 5:45,15.229,71.168,14.3035,2.139
13698,6/20/2026 6:00,15.229,71.168,14.3065,2.132
13699,6/20/2026 6:15,15.229,71.168,14.3059,2.134
13700,6/20/2026 6:30,15.234,71.168,14.3106,2.135
13701,6/20/2026 6:45,15.234,71.168,14.3136,2.128
13702,6/20/2026 7:00,15.2391,71.168,14.3126,2.142
13703,6/20/2026 7:15,15.2358,71.168,14.3154,2.128
13704,6/20/2026 7:30,15.2375,71.168,14.313,2.137
13705,6/20/2026 7:45,15.2375,71.168,14.3158,2.131
13706,6/20/2026 8:00,15.2391,71.168,14.317,2.132
13707,6/20/2026 8:15,15.2409,71.168,14.3189,2.131
13708,6/20/2026 8:30,15.2391,71.168,14.3191,2.127
13709,6/20/2026 8:45,15.2396,71.339,14.3189,2.128
13710,6/20/2026 9:00,15.2333,71.512,14.3191,2.113
13711,6/20/2026 9:15,15.2366,71.512,14.3216,2.115
13712,6/20/2026 9:30,15.2406,71.683,14.3189,2.131
13713,6/20/2026 9:45,15.2375,71.856,14.3215,2.118
13714,6/20/2026 10:00,15.2364,72.028,14.3193,2.12
13715,6/20/2026 10:15,15.2403,72.199,14.3194,2.129
13716,6/20/2026 10:30,15.2377,72.545,14.3189,2.124
13717,6/20/2026 10:45,15.2382,72.718,14.322,2.118
13718,6/20/2026 11:00,15.2356,73.062,14.3191,2.119
13719,6/20/2026 11:15,15.2366,73.407,14.3186,2.123
13720,6/20/2026 11:30,15.2324,73.753,14.3173,2.116
13721,6/20/2026 11:45,15.2282,74.098,14.3144,2.113
13722,6/20/2026 12:00,15.2275,74.446,14.3123,2.117
13723,6/20/2026 12:15,15.2319,74.791,14.3157,2.119
13724,6/20/2026 12:30,15.2298,75.312,14.3122,2.122
13725,6/20/2026 12:45,15.2256,75.659,14.3123,2.113
13726,6/20/2026 13:00,15.2249,76.006,14.312,2.112
13727,6/20/2026 13:15,15.219,76.354,14.31,2.103
13728,6/20/2026 13:30,15.2211,76.528,14.309,2.11
13729,6/20/2026 13:45,15.2153,76.876,14.3049,2.106
13730,6/20/2026 14:00,15.2192,77.05,14.3046,2.116
13731,6/20/2026 14:15,15.2129,77.225,14.3058,2.099
13732,6/20/2026 14:30,15.2116,77.4,14.3001,2.109
13733,6/20/2026 14:45,15.2098,77.4,14.2969,2.112
13734,6/20/2026 15:00,15.2069,77.574,14.2999,2.099
13735,6/20/2026 15:15,15.2052,77.574,14.2936,2.109
13736,6/20/2026 15:30,15.203,77.4,14.2981,2.094
13737,6/20/2026 15:45,15.2065,77.4,14.2903,2.12
13738,6/20/2026 16:00,15.2076,77.225,14.2909,2.121
13739,6/20/2026 16:15,15.2089,77.05,14.2907,2.124
13740,6/20/2026 16:30,15.2085,76.876,14.289,2.127
13741,6/20/2026 16:45,15.2075,76.528,14.2896,2.124
13742,6/20/2026 17:00,15.2088,76.354,14.2894,2.127
13743,6/20/2026 17:15,15.2082,76.181,14.2916,2.12
13744,6/20/2026 17:30,15.2113,76.006,14.293,2.124
13745,6/20/2026 17:45,15.2091,75.832,14.2922,2.121
13746,6/20/2026 18:00,15.2069,75.659,14.2936,2.113
13747,6/20/2026 18:15,15.2047,75.484,14.2952,2.104
13748,6/20/2026 18:30,15.2042,75.312,14.2969,2.098
13749,6/20/2026 18:45,15.2055,75.139,14.2956,2.104
13750,6/20/2026 19:00,15.2066,74.964,14.2985,2.1
13751,6/20/2026 19:15,15.2045,74.791,14.2984,2.095
13752,6/20/2026 19:30,15.2058,74.619,14.2983,2.099
13753,6/20/2026 19:45,15.2053,74.446,14.3004,2.093
13754,6/20/2026 20:00,15.2069,74.446,14.3003,2.097
13755,6/20/2026 20:15,15.2065,74.271,14.3033,2.089
13756,6/20/2026 20:30,15.2043,74.098,14.3025,2.086
13757,6/20/2026 20:45,15.206,74.098,14.3046,2.085
13758,6/20/2026 21:00,15.2056,73.926,14.3075,2.077
13759,6/20/2026 21:15,15.2056,73.926,14.3058,2.081
13760,6/20/2026 21:30,15.2034,73.753,14.3094,2.067
13761,6/20/2026 21:45,15.2081,73.58,14.3084,2.08
13762,6/20/2026 22:00,15.2081,73.58,14.3104,2.076
13763,6/20/2026 22:15,15.2059,73.407,14.31,2.072
13764,6/20/2026 22:30,15.2059,73.407,14.3112,2.069
13765,6/20/2026 22:45,15.2055,73.234,14.3077,2.076
13766,6/20/2026 23:00,15.2037,73.234,14.3112,2.064
13767,6/20/2026 23:15,15.2016,73.062,14.3107,2.06
13768,6/20/2026 23:30,15.2029,72.891,14.308,2.069
13769,6/20/2026 23:45,15.1994,72.891,14.3067,2.064
13770,6/21/2026 0:00,15.1976,72.891,14.307,2.059
13771,6/21/2026 0:15,15.1955,72.718,14.3026,2.064
13772,6/21/2026 0:30,15.1904,72.718,14.3036,2.05
13773,6/21/2026 0:45,15.1899,72.545,14.3007,2.056
13774,6/21/2026 1:00,15.1882,72.545,14.3017,2.05
13775,6/21/2026 1:15,15.1882,72.545,14.299,2.056
13776,6/21/2026 1:30,15.1865,72.545,14.2983,2.054
13777,6/21/2026 1:45,15.1843,72.372,14.2961,2.054
13778,6/21/2026 2:00,15.181,72.372,14.2955,2.047
13779,6/21/2026 2:15,15.181,72.372,14.2919,2.056
13780,6/21/2026 2:30,15.1757,72.372,14.2911,2.045
13781,6/21/2026 2:45,15.177,72.199,14.2927,2.044
13782,6/21/2026 3:00,15.1753,72.199,14.2906,2.045
13783,6/21/2026 3:15,15.1736,72.199,14.2884,2.046
13784,6/21/2026 3:30,15.1753,72.199,14.2862,2.056
13785,6/21/2026 3:45,15.1736,72.199,14.2872,2.049
13786,6/21/2026 4:00,15.1736,72.199,14.2881,2.047
13787,6/21/2026 4:15,15.1753,72.199,14.2906,2.045
13788,6/21/2026 4:30,15.1753,72.199,14.29,2.047
13789,6/21/2026 4:45,15.1731,72.028,14.2878,2.047
13790,6/21/2026 5:00,15.1731,72.028,14.2872,2.048
13791,6/21/2026 5:15,15.1731,72.028,14.2867,2.049
13792,6/21/2026 5:30,15.1731,72.028,14.2891,2.044
13793,6/21/2026 5:45,15.1749,72.028,14.2909,2.044
13794,6/21/2026 6:00,15.1762,71.856,14.2872,2.055
13795,6/21/2026 6:15,15.1744,71.856,14.2919,2.04
13796,6/21/2026 6:30,15.1778,71.856,14.2943,2.042
13797,6/21/2026 6:45,15.1773,71.683,14.2958,2.038
13798,6/21/2026 7:00,15.1791,71.683,14.2974,2.038
13799,6/21/2026 7:15,15.1826,71.683,14.2964,2.049
13800,6/21/2026 7:30,15.1826,71.683,14.2977,2.046
13801,6/21/2026 7:45,15.1826,71.683,14.2983,2.044
13802,6/21/2026 8:00,15.1808,71.683,14.2971,2.043
13803,6/21/2026 8:15,15.1791,71.683,14.2999,2.033
13804,6/21/2026 8:30,15.1808,71.683,14.298,2.041
13805,6/21/2026 8:45,15.1773,71.683,14.3013,2.025
13806,6/21/2026 9:00,15.1812,71.856,14.3032,2.03
13807,6/21/2026 9:15,15.1795,71.856,14.302,2.029
13808,6/21/2026 9:30,15.1766,72.028,14.2993,2.028
13809,6/21/2026 9:45,15.177,72.199,14.3001,2.027
13810,6/21/2026 10:00,15.1753,72.199,14.2981,2.028
13811,6/21/2026 10:15,15.1775,72.372,14.2997,2.029
13812,6/21/2026 10:30,15.1733,72.718,14.2983,2.023
13813,6/21/2026 10:45,15.1721,72.891,14.2975,2.022
13814,6/21/2026 11:00,15.1708,73.062,14.2961,2.023
13815,6/21/2026 11:15,15.1695,73.234,14.2954,2.021
13816,6/21/2026 11:30,15.1688,73.58,14.2985,2.012
13817,6/21/2026 11:45,15.168,73.926,14.2956,2.017
13818,6/21/2026 12:00,15.1634,74.098,14.2927,2.013
13819,6/21/2026 12:15,15.166,74.446,14.2914,2.023
13820,6/21/2026 12:30,15.1653,74.791,14.2926,2.018
13821,6/21/2026 12:45,15.164,74.964,14.2891,2.023
13822,6/21/2026 13:00,15.1633,75.312,14.2872,2.026
13823,6/21/2026 13:15,15.1569,75.484,14.2846,2.018
13824,6/21/2026 13:30,15.156,75.832,14.2836,2.018
13825,6/21/2026 13:45,15.1531,76.006,14.2848,2.009
13826,6/21/2026 14:00,15.1541,76.354,14.2806,2.021
13827,6/21/2026 14:15,15.1495,76.528,14.275,2.023
13828,6/21/2026 14:30,15.1464,76.703,14.2771,2.011
13829,6/21/2026 14:45,15.1414,76.703,14.2739,2.007
13830,6/21/2026 15:00,15.1418,76.876,14.2729,2.01
13831,6/21/2026 15:15,15.1401,76.876,14.2719,2.009
13832,6/21/2026 15:30,15.1367,76.876,14.2687,2.008
13833,6/21/2026 15:45,15.1363,76.703,14.2716,2
13834,6/21/2026 16:00,15.1363,76.703,14.2692,2.006
13835,6/21/2026 16:15,15.1363,76.703,14.2677,2.009
13836,6/21/2026 16:30,15.1306,76.528,14.2675,1.997
13837,6/21/2026 16:45,15.1306,76.528,14.2665,1.999
13838,6/21/2026 17:00,15.1319,76.354,14.2687,1.997
13839,6/21/2026 17:15,15.1331,76.181,14.2671,2.003
13840,6/21/2026 17:30,15.1327,76.006,14.2671,2.002
13841,6/21/2026 17:45,15.1344,76.006,14.2713,1.997
13842,6/21/2026 18:00,15.1356,75.832,14.2721,1.997
13843,6/21/2026 18:15,15.1334,75.659,14.2721,1.992
13844,6/21/2026 18:30,15.1363,75.484,14.2739,1.995
13845,6/21/2026 18:45,15.1376,75.312,14.2736,1.998
13846,6/21/2026 19:00,15.1372,75.139,14.2737,1.997
13847,6/21/2026 19:15,15.1367,74.964,14.2771,1.988
13848,6/21/2026 19:30,15.1414,74.791,14.2803,1.992
13849,6/21/2026 19:45,15.1392,74.619,14.2811,1.984
13850,6/21/2026 20:00,15.1421,74.446,14.2849,1.982
13851,6/21/2026 20:15,15.1446,74.098,14.284,1.99
13852,6/21/2026 20:30,15.1441,73.926,14.288,1.98
13853,6/21/2026 20:45,15.1453,73.753,14.2888,1.98
13854,6/21/2026 21:00,15.1466,73.58,14.2898,1.981
13855,6/21/2026 21:15,15.1501,73.58,14.2916,1.985
13856,6/21/2026 21:30,15.1479,73.407,14.2949,1.972
13857,6/21/2026 21:45,15.1473,73.234,14.2938,1.974
13858,6/21/2026 22:00,15.1469,73.062,14.2955,1.969
13859,6/21/2026 22:15,15.1499,72.891,14.2974,1.971
13860,6/21/2026 22:30,15.1515,72.891,14.2977,1.974
13861,6/21/2026 22:45,15.1477,72.718,14.2949,1.972
13862,6/21/2026 23:00,15.1489,72.545,14.2958,1.972
13863,6/21/2026 23:15,15.1472,72.545,14.293,1.975
13864,6/21/2026 23:30,15.145,72.372,14.2949,1.965
13865,6/21/2026 23:45,15.1434,72.372,14.2911,1.97
13866,6/22/2026 0:00,15.1412,72.199,14.2875,1.974
13867,6/22/2026 0:15,15.136,72.199,14.2839,1.97
13868,6/22/2026 0:30,15.1356,72.028,14.2817,1.974
13869,6/22/2026 0:45,15.1305,72.028,14.279,1.969
13870,6/22/2026 1:00,15.1248,71.856,14.2768,1.961
13871,6/22/2026 1:15,15.1266,71.856,14.2762,1.966
13872,6/22/2026 1:30,15.1226,71.683,14.2724,1.966
13873,6/22/2026 1:45,15.1193,71.683,14.271,1.961
13874,6/22/2026 2:00,15.1211,71.683,14.2719,1.963
13875,6/22/2026 2:15,15.1189,71.512,14.2697,1.963
13876,6/22/2026 2:30,15.1171,71.512,14.2691,1.96
13877,6/22/2026 2:45,15.1189,71.512,14.2691,1.965
13878,6/22/2026 3:00,15.1167,71.339,14.2677,1.963
13879,6/22/2026 3:15,15.1184,71.339,14.2669,1.968
13880,6/22/2026 3:30,15.1167,71.339,14.2655,1.968
13881,6/22/2026 3:45,15.1184,71.339,14.2679,1.966
13882,6/22/2026 4:00,15.1179,71.168,14.2663,1.968
13883,6/22/2026 4:15,15.111,71.168,14.2627,1.961
13884,6/22/2026 4:30,15.1128,71.168,14.2658,1.958
13885,6/22/2026 4:45,15.1128,71.168,14.2642,1.962
13886,6/22/2026 5:00,15.1141,70.995,14.2621,1.969
13887,6/22/2026 5:15,15.1174,70.995,14.2697,1.96
13888,6/22/2026 5:30,15.1192,70.995,14.2691,1.965
13889,6/22/2026 5:45,15.1209,70.995,14.2737,1.958
13890,6/22/2026 6:00,15.1221,70.824,14.2716,1.966
13891,6/22/2026 6:15,15.1238,70.824,14.274,1.964
13892,6/22/2026 6:30,15.1256,70.824,14.2771,1.961
13893,6/22/2026 6:45,15.1269,70.651,14.2771,1.964
13894,6/22/2026 7:00,15.1251,70.651,14.2778,1.959
13895,6/22/2026 7:15,15.1302,70.651,14.282,1.961
13896,6/22/2026 7:30,15.1269,70.651,14.2811,1.955
13897,6/22/2026 7:45,15.1269,70.651,14.2839,1.949
13898,6/22/2026 8:00,15.1269,70.651,14.2804,1.957
13899,6/22/2026 8:15,15.1285,70.651,14.2839,1.952
13900,6/22/2026 8:30,15.1285,70.651,14.282,1.957
13901,6/22/2026 8:45,15.1273,70.824,14.2839,1.95
13902,6/22/2026 9:00,15.1324,70.824,14.2856,1.957
13903,6/22/2026 9:15,15.1328,70.995,14.2881,1.953
13904,6/22/2026 9:30,15.1345,70.995,14.2884,1.956
13905,6/22/2026 9:45,15.1332,71.168,14.2894,1.951
13906,6/22/2026 10:00,15.1303,71.339,14.2904,1.942
13907,6/22/2026 10:15,15.129,71.512,14.2888,1.942
13908,6/22/2026 10:30,15.1296,71.683,14.2874,1.947
13909,6/22/2026 10:45,15.1283,71.856,14.2859,1.947
13910,6/22/2026 11:00,15.1305,72.028,14.2891,1.945
13911,6/22/2026 11:15,15.1296,72.372,14.2893,1.943
13912,6/22/2026 11:30,15.1306,72.718,14.2894,1.945
13913,6/22/2026 11:45,15.1282,73.062,14.288,1.943
13914,6/22/2026 12:00,15.1257,73.407,14.2861,1.942
13915,6/22/2026 12:15,15.1231,73.753,14.2832,1.942
13916,6/22/2026 12:30,15.1195,74.271,14.2811,1.939
13917,6/22/2026 12:45,15.1153,74.619,14.2761,1.941
13918,6/22/2026 13:00,15.1183,75.139,14.2787,1.942
13919,6/22/2026 13:15,15.1158,75.484,14.2777,1.939
13920,6/22/2026 13:30,15.1219,75.832,14.2772,1.954
13921,6/22/2026 13:45,15.1263,76.181,14.2746,1.97
13922,6/22/2026 14:00,15.1256,76.528,14.2721,1.974
13923,6/22/2026 14:15,15.1192,76.703,14.2674,1.971
13924,6/22/2026 14:30,15.1213,76.876,14.2687,1.973
13925,6/22/2026 14:45,15.1218,77.05,14.2685,1.974
13926,6/22/2026 15:00,15.1171,77.225,14.2668,1.967
13927,6/22/2026 15:15,15.1154,77.225,14.2666,1.964
13928,6/22/2026 15:30,15.1103,77.225,14.2626,1.961
13929,6/22/2026 15:45,15.1103,77.225,14.2624,1.962
13930,6/22/2026 16:00,15.1086,77.225,14.2623,1.958
13931,6/22/2026 16:15,15.1081,77.05,14.2643,1.952
13932,6/22/2026 16:30,15.1077,76.876,14.2619,1.957
13933,6/22/2026 16:45,15.1071,76.703,14.2646,1.949
13934,6/22/2026 17:00,15.1084,76.528,14.2658,1.949
13935,6/22/2026 17:15,15.108,76.354,14.2632,1.954
13936,6/22/2026 17:30,15.1092,76.181,14.2624,1.959
13937,6/22/2026 17:45,15.1052,76.006,14.2646,1.945
13938,6/22/2026 18:00,15.1083,75.832,14.2652,1.95
13939,6/22/2026 18:15,15.1077,75.659,14.2698,1.938
13940,6/22/2026 18:30,15.109,75.484,14.2713,1.938
13941,6/22/2026 18:45,15.1103,75.312,14.2723,1.938
13942,6/22/2026 19:00,15.1081,75.139,14.2745,1.928
13943,6/22/2026 19:15,15.111,74.964,14.2721,1.94
13944,6/22/2026 19:30,15.1139,74.791,14.2797,1.929
13945,6/22/2026 19:45,15.1186,74.619,14.2803,1.939
13946,6/22/2026 20:00,15.1164,74.446,14.2839,1.925
13947,6/22/2026 20:15,15.1177,74.271,14.2836,1.929
13948,6/22/2026 20:30,15.1155,74.098,14.2845,1.922
13949,6/22/2026 20:45,15.1184,73.926,14.2875,1.922
13950,6/22/2026 21:00,15.1215,73.753,14.29,1.923
13951,6/22/2026 21:15,15.1209,73.58,14.294,1.912
13952,6/22/2026 21:30,15.1257,73.407,14.2965,1.917
13953,6/22/2026 21:45,15.1235,73.234,14.2943,1.917
13954,6/22/2026 22:00,15.1264,73.062,14.2999,1.911
13955,6/22/2026 22:15,15.1247,73.062,14.2985,1.91
13956,6/22/2026 22:30,15.126,72.891,14.298,1.915
13957,6/22/2026 22:45,15.1242,72.891,14.2958,1.916
13958,6/22/2026 23:00,15.1221,72.718,14.2922,1.919
13959,6/22/2026 23:15,15.1238,72.718,14.2922,1.923
13960,6/22/2026 23:30,15.1216,72.545,14.29,1.923
13961,6/22/2026 23:45,15.1182,72.545,14.2878,1.92
13962,6/23/2026 0:00,15.1199,72.545,14.2862,1.928
13963,6/23/2026 0:15,15.116,72.372,14.2856,1.92
13964,6/23/2026 0:30,15.1126,72.372,14.2842,1.915
13965,6/23/2026 0:45,15.1177,72.372,14.282,1.932
13966,6/23/2026 1:00,15.1177,72.372,14.279,1.939
13967,6/23/2026 1:15,15.1155,72.199,14.2774,1.938
13968,6/23/2026 1:30,15.1155,72.199,14.2782,1.936
13969,6/23/2026 1:45,15.119,72.199,14.2737,1.954
13970,6/23/2026 2:00,15.1224,72.199,14.2721,1.966
13971,6/23/2026 2:15,15.1258,72.199,14.2721,1.974
13972,6/23/2026 2:30,15.1327,72.199,14.2716,1.991
13973,6/23/2026 2:45,15.1395,72.199,14.2716,2.007
13974,6/23/2026 3:00,15.1412,72.199,14.2716,2.011
13975,6/23/2026 3:15,15.1459,72.028,14.2716,2.021
13976,6/23/2026 3:30,15.1509,72.028,14.2716,2.033
13977,6/23/2026 3:45,15.1577,72.028,14.2694,2.054
13978,6/23/2026 4:00,15.1595,72.028,14.271,2.054
13979,6/23/2026 4:15,15.168,72.028,14.271,2.074
13980,6/23/2026 4:30,15.1731,72.028,14.2694,2.089
13981,6/23/2026 4:45,15.1834,72.028,14.2703,2.111
13982,6/23/2026 5:00,15.1988,72.028,14.2703,2.147
13983,6/23/2026 5:15,15.2124,72.028,14.2735,2.171
13984,6/23/2026 5:30,15.2295,72.028,14.2749,2.207
13985,6/23/2026 5:45,15.2427,71.856,14.2749,2.238
13986,6/23/2026 6:00,15.2529,71.856,14.2759,2.259
13987,6/23/2026 6:15,15.2735,71.856,14.2759,2.306
13988,6/23/2026 6:30,15.3076,71.856,14.2804,2.375
13989,6/23/2026 6:45,15.3298,71.856,14.2795,2.428
13990,6/23/2026 7:00,15.3533,71.683,14.2826,2.475
13991,6/23/2026 7:15,15.3669,71.683,14.2826,2.507
13992,6/23/2026 7:30,15.3772,71.683,14.2832,2.529
13993,6/23/2026 7:45,15.3891,71.683,14.2839,2.555
13994,6/23/2026 8:00,15.3873,71.683,14.2835,2.552
13995,6/23/2026 8:15,15.3908,71.683,14.2842,2.558
13996,6/23/2026 8:30,15.3891,71.683,14.2839,2.555
13997,6/23/2026 8:45,15.3891,71.683,14.2859,2.55
13998,6/23/2026 9:00,15.3891,71.683,14.2842,2.554
13999,6/23/2026 9:15,15.3895,71.856,14.2832,2.558
14000,6/23/2026 9:30,15.3981,71.856,14.2851,2.573
14001,6/23/2026 9:45,15.4037,72.028,14.2864,2.583
14002,6/23/2026 10:00,15.4156,72.028,14.2861,2.611
14003,6/23/2026 10:15,15.4314,72.199,14.2833,2.654
14004,6/23/2026 10:30,15.4354,72.372,14.2843,2.661
14005,6/23/2026 10:45,15.4494,72.545,14.2816,2.7
14006,6/23/2026 11:00,15.4636,72.718,14.2871,2.72
14007,6/23/2026 11:15,15.4863,72.891,14.2842,2.779
14008,6/23/2026 11:30,15.4935,73.062,14.2865,2.791
14009,6/23/2026 11:45,15.5064,73.407,14.2851,2.824
14010,6/23/2026 12:00,15.507,73.58,14.2813,2.834
14011,6/23/2026 12:15,15.4954,73.753,14.282,2.806
14012,6/23/2026 12:30,15.4892,73.926,14.2798,2.797
14013,6/23/2026 12:45,15.4861,74.098,14.28,2.789
14014,6/23/2026 13:00,15.4622,74.098,14.2787,2.737
14015,6/23/2026 13:15,15.452,74.098,14.279,2.713
14016,6/23/2026 13:30,15.4439,74.271,14.278,2.696
14017,6/23/2026 13:45,15.4406,74.271,14.2784,2.688
14018,6/23/2026 14:00,15.4349,74.098,14.2766,2.679
14019,6/23/2026 14:15,15.4281,74.098,14.2774,2.661
14020,6/23/2026 14:30,15.423,74.098,14.2766,2.651
14021,6/23/2026 14:45,15.4092,74.098,14.2752,2.623
14022,6/23/2026 15:00,15.4046,74.271,14.2752,2.612
14023,6/23/2026 15:15,15.4081,74.271,14.2735,2.624
14024,6/23/2026 15:30,15.3927,74.271,14.2708,2.594
14025,6/23/2026 15:45,15.3881,74.446,14.2721,2.581
14026,6/23/2026 16:00,15.3828,74.446,14.2694,2.575
14027,6/23/2026 16:15,15.3744,74.446,14.2666,2.562
14028,6/23/2026 16:30,15.371,74.446,14.2679,2.551
14029,6/23/2026 16:45,15.3641,74.446,14.2655,2.541
14030,6/23/2026 17:00,15.3602,74.271,14.2691,2.523
14031,6/23/2026 17:15,15.3551,74.271,14.2666,2.517
14032,6/23/2026 17:30,15.3477,74.098,14.2695,2.493
14033,6/23/2026 17:45,15.3512,74.098,14.274,2.491
14034,6/23/2026 18:00,15.3456,73.926,14.2772,2.471
14035,6/23/2026 18:15,15.3473,73.926,14.2766,2.476
14036,6/23/2026 18:30,15.3434,73.753,14.2787,2.462
14037,6/23/2026 18:45,15.3396,73.58,14.2826,2.444
14038,6/23/2026 19:00,15.3464,73.58,14.2856,2.453
14039,6/23/2026 19:15,15.343,73.58,14.2872,2.441
14040,6/23/2026 19:30,15.339,73.407,14.288,2.43
14041,6/23/2026 19:45,15.3476,73.407,14.2896,2.447
14042,6/23/2026 20:00,15.3522,73.234,14.2932,2.449
14043,6/23/2026 20:15,15.3489,73.234,14.2939,2.439
14044,6/23/2026 20:30,15.3586,73.062,14.2968,2.455
14045,6/23/2026 20:45,15.3621,73.062,14.2983,2.46
14046,6/23/2026 21:00,15.3753,72.891,14.2972,2.493
14047,6/23/2026 21:15,15.3821,72.891,14.2999,2.502
14048,6/23/2026 21:30,15.3936,72.718,14.3004,2.528
14049,6/23/2026 21:45,15.4072,72.718,14.3032,2.553
14050,6/23/2026 22:00,15.4204,72.545,14.3058,2.577
14051,6/23/2026 22:15,15.4358,72.545,14.3039,2.617
14052,6/23/2026 22:30,15.4558,72.372,14.3028,2.666
14053,6/23/2026 22:45,15.4848,72.372,14.303,2.732
14054,6/23/2026 23:00,15.5122,72.372,14.3078,2.785
14055,6/23/2026 23:15,15.5083,72.199,14.3036,2.785
14056,6/23/2026 23:30,15.5305,72.199,14.3045,2.835
14057,6/23/2026 23:45,15.5459,72.199,14.3062,2.866
14058,6/24/2026 0:00,15.5437,72.028,14.3042,2.866
14059,6/24/2026 0:15,15.5351,72.028,14.299,2.858
14060,6/24/2026 0:30,15.5334,72.028,14.2977,2.857
14061,6/24/2026 0:45,15.5398,71.856,14.2971,2.873
14062,6/24/2026 1:00,15.5466,71.856,14.2949,2.894
14063,6/24/2026 1:15,15.5393,71.683,14.2897,2.889
14064,6/24/2026 1:30,15.5462,71.683,14.2859,2.913
14065,6/24/2026 1:45,15.5615,71.683,14.2869,2.947
14066,6/24/2026 2:00,15.5718,71.683,14.2853,2.974
14067,6/24/2026 2:15,15.5855,71.683,14.2817,3.014
14068,6/24/2026 2:30,15.5888,71.683,14.2801,3.025
14069,6/24/2026 2:45,15.5782,71.512,14.2826,2.995
14070,6/24/2026 3:00,15.5969,71.512,14.2842,3.035
14071,6/24/2026 3:15,15.5936,71.512,14.282,3.032
14072,6/24/2026 3:30,15.5879,71.339,14.279,3.026
14073,6/24/2026 3:45,15.5879,71.339,14.2814,3.02
14074,6/24/2026 4:00,15.5811,71.339,14.2839,2.999
14075,6/24/2026 4:15,15.5858,71.168,14.2848,3.007
14076,6/24/2026 4:30,15.5755,71.168,14.2848,2.984
14077,6/24/2026 4:45,15.5755,71.168,14.2842,2.985
14078,6/24/2026 5:00,15.5665,70.995,14.2835,2.966
14079,6/24/2026 5:15,15.5682,70.995,14.2859,2.964
14080,6/24/2026 5:30,15.5699,70.995,14.2839,2.973
14081,6/24/2026 5:45,15.5649,70.995,14.2884,2.951
14082,6/24/2026 6:00,15.5524,70.824,14.2925,2.912
14083,6/24/2026 6:15,15.5711,70.824,14.2955,2.949
14084,6/24/2026 6:30,15.5507,70.824,14.2994,2.892
14085,6/24/2026 6:45,15.566,70.824,14.3001,2.926
14086,6/24/2026 7:00,15.557,70.651,14.3001,2.905
14087,6/24/2026 7:15,15.5605,70.651,14.3016,2.91
14088,6/24/2026 7:30,15.5588,70.651,14.3001,2.909
14089,6/24/2026 7:45,15.5588,70.651,14.3001,2.909
14090,6/24/2026 8:00,15.552,70.651,14.2977,2.899
14091,6/24/2026 8:15,15.5502,70.651,14.3004,2.889
14092,6/24/2026 8:30,15.5537,70.651,14.3016,2.894
14093,6/24/2026 8:45,15.5348,70.651,14.3019,2.85
14094,6/24/2026 9:00,15.5383,70.651,14.3038,2.854
14095,6/24/2026 9:15,15.5245,70.651,14.3035,2.823
14096,6/24/2026 9:30,15.537,70.824,14.3054,2.847
14097,6/24/2026 9:45,15.5324,70.995,14.3051,2.837
14098,6/24/2026 10:00,15.5346,71.168,14.3029,2.847
14099,6/24/2026 10:15,15.5247,71.339,14.3048,2.82
14100,6/24/2026 10:30,15.5179,71.339,14.3058,2.802
14101,6/24/2026 10:45,15.5154,71.683,14.3043,2.8
14102,6/24/2026 11:00,15.5158,71.856,14.3043,2.801
14103,6/24/2026 11:15,15.5147,72.028,14.3045,2.798
14104,6/24/2026 11:30,15.5173,72.372,14.3055,2.802
14105,6/24/2026 11:45,15.5161,72.545,14.3057,2.799
14106,6/24/2026 12:00,15.508,72.718,14.3022,2.788
14107,6/24/2026 12:15,15.5115,72.718,14.3016,2.797
14108,6/24/2026 12:30,15.517,72.891,14.3004,2.813
14109,6/24/2026 12:45,15.5106,73.062,14.2985,2.803
14110,6/24/2026 13:00,15.5111,73.234,14.2965,2.808
14111,6/24/2026 13:15,15.5048,73.407,14.3007,2.784
14112,6/24/2026 13:30,15.5031,73.407,14.2972,2.788
14113,6/24/2026 13:45,15.4967,73.58,14.2952,2.778
14114,6/24/2026 14:00,15.4881,73.58,14.2942,2.761
14115,6/24/2026 14:15,15.4932,73.58,14.2932,2.775
14116,6/24/2026 14:30,15.4848,73.58,14.2898,2.763
14117,6/24/2026 14:45,15.4831,73.58,14.2888,2.762
14118,6/24/2026 15:00,15.4813,73.58,14.284,2.769
14119,6/24/2026 15:15,15.4728,73.58,14.2846,2.747
14120,6/24/2026 15:30,15.4677,73.58,14.2813,2.743
14121,6/24/2026 15:45,15.4625,73.58,14.2795,2.735
14122,6/24/2026 16:00,15.4535,73.407,14.2787,2.717
14123,6/24/2026 16:15,15.4433,73.407,14.2769,2.697
14124,6/24/2026 16:30,15.4427,73.234,14.2743,2.702
14125,6/24/2026 16:45,15.4287,73.062,14.2781,2.66
14126,6/24/2026 17:00,15.4322,73.062,14.2771,2.671
14127,6/24/2026 17:15,15.423,72.891,14.2755,2.653
14128,6/24/2026 17:30,15.4214,72.891,14.2772,2.646
14129,6/24/2026 17:45,15.4261,72.718,14.2781,2.654
14130,6/24/2026 18:00,15.4226,72.718,14.2777,2.647
14131,6/24/2026 18:15,15.4239,72.545,14.2782,2.649
14132,6/24/2026 18:30,15.4171,72.545,14.2795,2.63
14133,6/24/2026 18:45,15.4132,72.372,14.2758,2.63
14134,6/24/2026 19:00,15.4127,72.199,14.2778,2.624
14135,6/24/2026 19:15,15.4075,72.199,14.2769,2.614
14136,6/24/2026 19:30,15.3952,72.028,14.2761,2.587
14137,6/24/2026 19:45,15.3985,72.028,14.2845,2.576
14138,6/24/2026 20:00,15.3981,71.856,14.2852,2.573
14139,6/24/2026 20:15,15.3947,71.856,14.2851,2.565
14140,6/24/2026 20:30,15.3959,71.683,14.2849,2.568
14141,6/24/2026 20:45,15.3942,71.683,14.2869,2.56
14142,6/24/2026 21:00,15.3891,71.683,14.2845,2.554
14143,6/24/2026 21:15,15.3852,71.512,14.2871,2.539
14144,6/24/2026 21:30,15.3818,71.512,14.289,2.526
14145,6/24/2026 21:45,15.3801,71.512,14.2901,2.52
14146,6/24/2026 22:00,15.3728,71.339,14.2888,2.506
14147,6/24/2026 22:15,15.3711,71.339,14.2907,2.498
14148,6/24/2026 22:30,15.3728,71.339,14.2925,2.498
14149,6/24/2026 22:45,15.366,71.339,14.2913,2.484
14150,6/24/2026 23:00,15.3643,71.339,14.2938,2.475
14151,6/24/2026 23:15,15.3621,71.168,14.291,2.476
14152,6/24/2026 23:30,15.3535,71.168,14.2872,2.465
14153,6/24/2026 23:45,15.3485,71.168,14.2845,2.46
14154,6/25/2026 0:00,15.3467,71.168,14.2793,2.468
14155,6/25/2026 0:15,15.3399,71.168,14.2832,2.443
14156,6/25/2026 0:30,15.3382,71.168,14.2795,2.447
14157,6/25/2026 0:45,15.336,70.995,14.2759,2.451
14158,6/25/2026 1:00,15.3395,70.995,14.2768,2.457
14159,6/25/2026 1:15,15.3446,70.995,14.2762,2.47
14160,6/25/2026 1:30,15.3496,70.995,14.2732,2.488
14161,6/25/2026 1:45,15.3531,70.995,14.2755,2.491
14162,6/25/2026 2:00,15.3617,70.995,14.2719,2.519
14163,6/25/2026 2:15,15.365,70.995,14.2697,2.532
14164,6/25/2026 2:30,15.3749,70.824,14.2675,2.56
14165,6/25/2026 2:45,15.3749,70.824,14.2655,2.564
14166,6/25/2026 3:00,15.3782,70.824,14.2663,2.57
14167,6/25/2026 3:15,15.3795,70.651,14.2642,2.578
14168,6/25/2026 3:30,15.3813,70.651,14.265,2.58
14169,6/25/2026 3:45,15.3828,70.651,14.265,2.584
14170,6/25/2026 4:00,15.3875,70.48,14.2645,2.596
14171,6/25/2026 4:15,15.3978,70.48,14.2639,2.621
14172,6/25/2026 4:30,15.4081,70.48,14.2655,2.641
14173,6/25/2026 4:45,15.4281,70.308,14.2611,2.697
14174,6/25/2026 5:00,15.4503,70.308,14.2605,2.75
14175,6/25/2026 5:15,15.4929,70.308,14.2584,2.854
14176,6/25/2026 5:30,15.5129,70.137,14.2608,2.894
14177,6/25/2026 5:45,15.5232,70.137,14.2603,2.919
14178,6/25/2026 6:00,15.533,69.964,14.2611,2.94
14179,6/25/2026 6:15,15.5382,69.964,14.2666,2.939
14180,6/25/2026 6:30,15.545,69.964,14.2666,2.955
14181,6/25/2026 6:45,15.5466,69.964,14.2697,2.951
14182,6/25/2026 7:00,15.5382,69.964,14.2759,2.918
14183,6/25/2026 7:15,15.5347,69.964,14.2704,2.922
14184,6/25/2026 7:30,15.5244,69.964,14.2716,2.896
14185,6/25/2026 7:45,15.5074,69.964,14.2752,2.848
14186,6/25/2026 8:00,15.5108,69.964,14.2743,2.858
14187,6/25/2026 8:15,15.509,69.964,14.2765,2.849
14188,6/25/2026 8:30,15.4971,69.964,14.2771,2.82
14189,6/25/2026 8:45,15.4903,69.964,14.2793,2.799
14190,6/25/2026 9:00,15.4886,69.964,14.2768,2.801
14191,6/25/2026 9:15,15.4868,69.964,14.2749,2.801
14192,6/25/2026 9:30,15.48,69.964,14.2691,2.799
14193,6/25/2026 9:45,15.472,70.137,14.271,2.776
14194,6/25/2026 10:00,15.481,70.308,14.2727,2.793
14195,6/25/2026 10:15,15.4712,70.48,14.2721,2.772
14196,6/25/2026 10:30,15.47,70.651,14.2716,2.77
14197,6/25/2026 10:45,15.4722,70.824,14.2732,2.772
14198,6/25/2026 11:00,15.4641,70.995,14.2701,2.76
14199,6/25/2026 11:15,15.4719,71.339,14.2687,2.782
14200,6/25/2026 11:30,15.4625,71.683,14.2691,2.759
14201,6/25/2026 11:45,15.4549,72.028,14.2694,2.741
14202,6/25/2026 12:00,15.4536,72.199,14.2668,2.744
14203,6/25/2026 12:15,15.4525,72.372,14.264,2.748
14204,6/25/2026 12:30,15.4393,72.545,14.2607,2.725
14205,6/25/2026 12:45,15.4401,72.891,14.2574,2.735
14206,6/25/2026 13:00,15.4201,73.062,14.254,2.696
14207,6/25/2026 13:15,15.4194,73.407,14.2529,2.697
14208,6/25/2026 13:30,15.4211,73.407,14.2533,2.7
14209,6/25/2026 13:45,15.4181,73.58,14.2533,2.693
14210,6/25/2026 14:00,15.413,73.58,14.25,2.689
14211,6/25/2026 14:15,15.4045,73.58,14.2513,2.667
14212,6/25/2026 14:30,15.4033,73.753,14.2465,2.675
14213,6/25/2026 14:45,15.3963,73.753,14.2456,2.661
14214,6/25/2026 15:00,15.3879,73.753,14.2439,2.646
14215,6/25/2026 15:15,15.3844,73.753,14.2439,2.638
14216,6/25/2026 15:30,15.3873,73.58,14.2482,2.634
14217,6/25/2026 15:45,15.3823,73.58,14.2423,2.636
14218,6/25/2026 16:00,15.3698,73.407,14.2407,2.611
14219,6/25/2026 16:15,15.3715,73.407,14.2429,2.61
14220,6/25/2026 16:30,15.3694,73.234,14.2436,2.603
14221,6/25/2026 16:45,15.3654,73.062,14.2427,2.596
14222,6/25/2026 17:00,15.3633,72.891,14.2449,2.586
14223,6/25/2026 17:15,15.3549,72.891,14.2449,2.566
14224,6/25/2026 17:30,15.3543,72.718,14.2436,2.568
14225,6/25/2026 17:45,15.3457,72.718,14.2462,2.542
14226,6/25/2026 18:00,15.3475,72.718,14.2491,2.54
14227,6/25/2026 18:15,15.3521,72.545,14.2527,2.542
14228,6/25/2026 18:30,15.3505,72.545,14.2507,2.543
14229,6/25/2026 18:45,15.3567,72.372,14.2568,2.543
14230,6/25/2026 19:00,15.3546,72.199,14.2582,2.535
14231,6/25/2026 19:15,15.3524,72.028,14.259,2.528
14232,6/25/2026 19:30,15.3541,72.028,14.2629,2.523
14233,6/25/2026 19:45,15.3605,71.856,14.2637,2.536
14234,6/25/2026 20:00,15.364,71.856,14.2658,2.539
14235,6/25/2026 20:15,15.3634,71.683,14.2694,2.529
14236,6/25/2026 20:30,15.3686,71.683,14.2697,2.541
14237,6/25/2026 20:45,15.3665,71.512,14.2732,2.527
14238,6/25/2026 21:00,15.3715,71.512,14.2735,2.539
14239,6/25/2026 21:15,15.3728,71.339,14.2784,2.53
14240,6/25/2026 21:30,15.3694,71.339,14.2774,2.524
14241,6/25/2026 21:45,15.3744,71.339,14.279,2.532
14242,6/25/2026 22:00,15.3707,71.168,14.2829,2.515
14243,6/25/2026 22:15,15.3689,71.168,14.2859,2.504
14244,6/25/2026 22:30,15.3654,71.168,14.2807,2.508
14245,6/25/2026 22:45,15.3586,71.168,14.2787,2.497
14246,6/25/2026 23:00,15.3582,70.995,14.2801,2.492
14247,6/25/2026 23:15,15.3582,70.995,14.2795,2.493
14248,6/25/2026 23:30,15.3565,70.995,14.2795,2.489
14249,6/25/2026 23:45,15.3531,70.995,14.2759,2.49
14250,6/26/2026 0:00,15.3496,70.995,14.2768,2.48
14251,6/26/2026 0:15,15.3531,70.995,14.2752,2.492
14252,6/26/2026 0:30,15.3446,70.995,14.273,2.477
14253,6/26/2026 0:45,15.3406,70.824,14.2716,2.471
14254,6/26/2026 1:00,15.3424,70.824,14.2694,2.48
14255,6/26/2026 1:15,15.3373,70.824,14.2658,2.477
14256,6/26/2026 1:30,15.3305,70.824,14.265,2.463
14257,6/26/2026 1:45,15.3373,70.824,14.2645,2.48
14258,6/26/2026 2:00,15.3299,70.651,14.2639,2.464
14259,6/26/2026 2:15,15.3248,70.651,14.2617,2.457
14260,6/26/2026 2:30,15.3295,70.48,14.2611,2.469
14261,6/26/2026 2:45,15.3244,70.48,14.2605,2.459
14262,6/26/2026 3:00,15.3277,70.48,14.2645,2.458
14263,6/26/2026 3:15,15.324,70.308,14.2608,2.457
14264,6/26/2026 3:30,15.324,70.308,14.2608,2.457
14265,6/26/2026 3:45,15.3187,70.308,14.2592,2.449
14266,6/26/2026 4:00,15.3103,70.308,14.2639,2.419
14267,6/26/2026 4:15,15.3183,70.137,14.2639,2.437
14268,6/26/2026 4:30,15.3183,70.137,14.2633,2.439
14269,6/26/2026 4:45,15.32,70.137,14.2617,2.446
14270,6/26/2026 5:00,15.3183,70.137,14.2642,2.437
14271,6/26/2026 5:15,15.3218,70.137,14.2672,2.438
14272,6/26/2026 5:30,15.3269,70.137,14.2672,2.449
14273,6/26/2026 5:45,15.32,70.137,14.2682,2.431
14274,6/26/2026 6:00,15.3269,70.137,14.2697,2.444
14275,6/26/2026 6:15,15.3319,70.137,14.2713,2.452
14276,6/26/2026 6:30,15.3315,69.964,14.2729,2.447
14277,6/26/2026 6:45,15.3383,69.964,14.2765,2.454
14278,6/26/2026 7:00,15.3418,69.964,14.2826,2.448
14279,6/26/2026 7:15,15.3457,70.137,14.2832,2.456
14280,6/26/2026 7:30,15.3451,69.964,14.2832,2.455
14281,6/26/2026 7:45,15.3422,70.137,14.2869,2.439
14282,6/26/2026 8:00,15.3457,70.137,14.2897,2.441
14283,6/26/2026 8:15,15.3508,70.137,14.2909,2.45
14284,6/26/2026 8:30,15.3491,70.137,14.2927,2.442
14285,6/26/2026 8:45,15.3547,70.308,14.2939,2.452
14286,6/26/2026 9:00,15.3598,70.308,14.2967,2.457
14287,6/26/2026 9:15,15.362,70.48,14.2933,2.47
14288,6/26/2026 9:30,15.362,70.48,14.2903,2.477
14289,6/26/2026 9:45,15.3692,70.651,14.2913,2.492
14290,6/26/2026 10:00,15.3681,70.824,14.2907,2.49
14291,6/26/2026 10:15,15.3736,70.995,14.2916,2.501
14292,6/26/2026 10:30,15.3757,71.168,14.2888,2.513
14293,6/26/2026 10:45,15.3852,71.512,14.288,2.537
14294,6/26/2026 11:00,15.393,71.856,14.2904,2.549
14295,6/26/2026 11:15,15.3969,72.028,14.291,2.557
14296,6/26/2026 11:30,15.3995,72.372,14.2885,2.569
14297,6/26/2026 11:45,15.3931,72.545,14.2852,2.562
14298,6/26/2026 12:00,15.3953,72.718,14.289,2.558
14299,6/26/2026 12:15,15.3936,72.718,14.2829,2.568
14300,6/26/2026 12:30,15.3833,72.718,14.2826,2.545
14301,6/26/2026 12:45,15.3833,72.718,14.2785,2.554
14302,6/26/2026 13:00,15.3881,72.545,14.2785,2.565
14303,6/26/2026 13:15,15.3859,72.372,14.2774,2.563
14304,6/26/2026 13:30,15.3807,72.372,14.2756,2.555
14305,6/26/2026 13:45,15.3739,72.372,14.2735,2.544
14306,6/26/2026 14:00,15.3743,72.545,14.2736,2.545
14307,6/26/2026 14:15,15.3628,72.718,14.2737,2.518
14308,6/26/2026 14:30,15.3617,72.891,14.2698,2.525
14309,6/26/2026 14:45,15.3535,73.062,14.2672,2.512
14310,6/26/2026 15:00,15.3535,73.062,14.2662,2.514
14311,6/26/2026 15:15,15.3485,73.062,14.2678,2.499
14312,6/26/2026 15:30,15.3485,73.062,14.2682,2.498
14313,6/26/2026 15:45,15.3428,72.891,14.2636,2.495
14314,6/26/2026 16:00,15.3406,72.718,14.264,2.489
14315,6/26/2026 16:15,15.3385,72.545,14.2616,2.49
14316,6/26/2026 16:30,15.3316,72.545,14.2587,2.481
14317,6/26/2026 16:45,15.3277,72.372,14.2572,2.475
14318,6/26/2026 17:00,15.329,72.199,14.2611,2.469
14319,6/26/2026 17:15,15.3308,72.199,14.2611,2.473
14320,6/26/2026 17:30,15.3302,72.028,14.2595,2.475
14321,6/26/2026 17:45,15.3319,72.028,14.2621,2.473
14322,6/26/2026 18:00,15.3298,71.856,14.2616,2.47
14323,6/26/2026 18:15,15.3315,71.856,14.262,2.473
14324,6/26/2026 18:30,15.3293,71.683,14.265,2.46
14325,6/26/2026 18:45,15.3276,71.683,14.2656,2.455
14326,6/26/2026 19:00,15.3276,71.683,14.2627,2.462
14327,6/26/2026 19:15,15.3272,71.512,14.2646,2.456
14328,6/26/2026 19:30,15.3272,71.512,14.264,2.458
14329,6/26/2026 19:45,15.3335,71.339,14.2695,2.46
14330,6/26/2026 20:00,15.3353,71.339,14.2704,2.462
14331,6/26/2026 20:15,15.3433,71.168,14.2768,2.465
14332,6/26/2026 20:30,15.3553,71.168,14.2762,2.494
14333,6/26/2026 20:45,15.3599,70.995,14.2781,2.501
14334,6/26/2026 21:00,15.3633,70.995,14.2798,2.505
14335,6/26/2026 21:15,15.3617,70.995,14.2793,2.502
14336,6/26/2026 21:30,15.3663,70.824,14.2817,2.507
14337,6/26/2026 21:45,15.3595,70.824,14.2804,2.494
14338,6/26/2026 22:00,15.3628,70.824,14.2839,2.494
14339,6/26/2026 22:15,15.3607,70.651,14.2801,2.498
14340,6/26/2026 22:30,15.3573,70.651,14.2826,2.484
14341,6/26/2026 22:45,15.3607,70.651,14.2851,2.486
14342,6/26/2026 23:00,15.3607,70.651,14.2814,2.495
14343,6/26/2026 23:15,15.3591,70.651,14.2801,2.494
14344,6/26/2026 23:30,15.3591,70.651,14.2801,2.494
14345,6/26/2026 23:45,15.3569,70.48,14.281,2.487
14346,6/27/2026 0:00,15.3551,70.48,14.2795,2.486
14347,6/27/2026 0:15,15.3534,70.48,14.2774,2.487
14348,6/27/2026 0:30,15.3501,70.48,14.2743,2.487
14349,6/27/2026 0:45,15.3501,70.48,14.2737,2.488
14350,6/27/2026 1:00,15.3483,70.48,14.2752,2.481
14351,6/27/2026 1:15,15.3501,70.48,14.2737,2.488
14352,6/27/2026 1:30,15.3462,70.308,14.2732,2.48
14353,6/27/2026 1:45,15.3444,70.308,14.2694,2.485
14354,6/27/2026 2:00,15.3427,70.308,14.2672,2.486
14355,6/27/2026 2:15,15.3393,70.308,14.2652,2.483
14356,6/27/2026 2:30,15.3376,70.308,14.2645,2.48
14357,6/27/2026 2:45,15.3372,70.137,14.2624,2.484
14358,6/27/2026 3:00,15.3303,70.137,14.2624,2.468
14359,6/27/2026 3:15,15.3337,70.137,14.2608,2.48
14360,6/27/2026 3:30,15.3286,70.137,14.2592,2.472
14361,6/27/2026 3:45,15.3269,70.137,14.2572,2.472
14362,6/27/2026 4:00,15.3286,70.137,14.2587,2.473
14363,6/27/2026 4:15,15.3235,70.137,14.2617,2.454
14364,6/27/2026 4:30,15.3247,69.964,14.2603,2.46
14365,6/27/2026 4:45,15.3229,69.964,14.2617,2.453
14366,6/27/2026 5:00,15.3264,69.964,14.2649,2.454
14367,6/27/2026 5:15,15.3332,69.964,14.2658,2.467
14368,6/27/2026 5:30,15.3299,69.964,14.2666,2.458
14369,6/27/2026 5:45,15.335,69.964,14.2697,2.462
14370,6/27/2026 6:00,15.3315,69.964,14.2691,2.456
14371,6/27/2026 6:15,15.3361,69.793,14.2721,2.459
14372,6/27/2026 6:30,15.3431,69.793,14.2762,2.466
14373,6/27/2026 6:45,15.3414,69.793,14.2732,2.469
14374,6/27/2026 7:00,15.3379,69.793,14.2778,2.45
14375,6/27/2026 7:15,15.3414,69.793,14.2784,2.457
14376,6/27/2026 7:30,15.3482,69.793,14.2814,2.466
14377,6/27/2026 7:45,15.3482,69.793,14.2836,2.461
14378,6/27/2026 8:00,15.3447,69.793,14.2842,2.451
14379,6/27/2026 8:15,15.3482,69.793,14.2839,2.46
14380,6/27/2026 8:30,15.3464,69.793,14.2856,2.452
14381,6/27/2026 8:45,15.3431,69.793,14.2862,2.443
14382,6/27/2026 9:00,15.3418,69.964,14.2848,2.443
14383,6/27/2026 9:15,15.3401,69.964,14.2848,2.439
14384,6/27/2026 9:30,15.3401,69.964,14.2869,2.434
14385,6/27/2026 9:45,15.3422,70.137,14.2867,2.44
14386,6/27/2026 10:00,15.3462,70.308,14.2823,2.459
14387,6/27/2026 10:15,15.3462,70.308,14.29,2.441
14388,6/27/2026 10:30,15.3448,70.48,14.2888,2.441
14389,6/27/2026 10:45,15.3488,70.651,14.2903,2.447
14390,6/27/2026 11:00,15.3463,70.995,14.2919,2.437
14391,6/27/2026 11:15,15.3467,71.168,14.2913,2.44
14392,6/27/2026 11:30,15.3425,71.512,14.2893,2.435
14393,6/27/2026 11:45,15.3451,71.856,14.2887,2.442
14394,6/27/2026 12:00,15.3359,72.199,14.2867,2.426
14395,6/27/2026 12:15,15.3334,72.545,14.2869,2.419
14396,6/27/2026 12:30,15.3356,72.718,14.2874,2.424
14397,6/27/2026 12:45,15.3343,72.891,14.2871,2.421
14398,6/27/2026 13:00,15.3296,73.062,14.2843,2.417
14399,6/27/2026 13:15,15.3289,73.407,14.2826,2.419
14400,6/27/2026 13:30,15.319,73.58,14.2839,2.394
14401,6/27/2026 13:45,15.3243,73.58,14.2778,2.42
14402,6/27/2026 14:00,15.3196,73.753,14.2778,2.409
14403,6/27/2026 14:15,15.3161,73.753,14.2745,2.409
14404,6/27/2026 14:30,15.3148,73.926,14.2733,2.409
14405,6/27/2026 14:45,15.3166,73.926,14.27,2.42
14406,6/27/2026 15:00,15.3102,74.098,14.2661,2.415
14407,6/27/2026 15:15,15.3029,73.926,14.2652,2.4
14408,6/27/2026 15:30,15.308,73.926,14.2658,2.41
14409,6/27/2026 15:45,15.3008,73.753,14.2643,2.397
14410,6/27/2026 16:00,15.3025,73.753,14.2627,2.404
14411,6/27/2026 16:15,15.3021,73.58,14.2619,2.405
14412,6/27/2026 16:30,15.2878,73.407,14.2569,2.384
14413,6/27/2026 16:45,15.2892,73.234,14.2576,2.385
14414,6/27/2026 17:00,15.287,73.062,14.2555,2.385
14415,6/27/2026 17:15,15.2899,72.891,14.2569,2.388
14416,6/27/2026 17:30,15.2844,72.718,14.2547,2.381
14417,6/27/2026 17:45,15.2826,72.718,14.2579,2.369
14418,6/27/2026 18:00,15.2855,72.545,14.2581,2.376
14419,6/27/2026 18:15,15.2834,72.372,14.2585,2.369
14420,6/27/2026 18:30,15.2829,72.199,14.2578,2.37
14421,6/27/2026 18:45,15.2829,72.199,14.2601,2.365
14422,6/27/2026 19:00,15.2825,72.028,14.2595,2.365
14423,6/27/2026 19:15,15.2825,72.028,14.261,2.362
14424,6/27/2026 19:30,15.2803,71.856,14.2627,2.353
14425,6/27/2026 19:45,15.2786,71.856,14.2674,2.338
14426,6/27/2026 20:00,15.2799,71.683,14.2658,2.344
14427,6/27/2026 20:15,15.2781,71.683,14.2655,2.341
14428,6/27/2026 20:30,15.2793,71.512,14.2697,2.334
14429,6/27/2026 20:45,15.281,71.512,14.273,2.33
14430,6/27/2026 21:00,15.2806,71.339,14.2755,2.324
14431,6/27/2026 21:15,15.2789,71.339,14.2798,2.309
14432,6/27/2026 21:30,15.2806,71.339,14.2804,2.312
14433,6/27/2026 21:45,15.2819,71.168,14.2774,2.322
14434,6/27/2026 22:00,15.2767,71.168,14.2804,2.303
14435,6/27/2026 22:15,15.2767,71.168,14.282,2.299
14436,6/27/2026 22:30,15.2762,70.995,14.2814,2.3
14437,6/27/2026 22:45,15.2729,70.995,14.2823,2.29
14438,6/27/2026 23:00,15.2694,70.995,14.2817,2.283
14439,6/27/2026 23:15,15.2694,70.995,14.2765,2.295
14440,6/27/2026 23:30,15.2655,70.824,14.2774,2.284
14441,6/27/2026 23:45,15.2655,70.824,14.2737,2.293
14442,6/28/2026 0:00,15.2639,70.824,14.2732,2.29
14443,6/28/2026 0:15,15.2604,70.824,14.271,2.287
14444,6/28/2026 0:30,15.26,70.651,14.2663,2.297
14445,6/28/2026 0:45,15.2565,70.651,14.2688,2.283
14446,6/28/2026 1:00,15.2532,70.651,14.2652,2.284
14447,6/28/2026 1:15,15.2497,70.651,14.2614,2.284
14448,6/28/2026 1:30,15.2458,70.48,14.2608,2.277
14449,6/28/2026 1:45,15.2475,70.48,14.2617,2.279
14450,6/28/2026 2:00,15.2493,70.48,14.2617,2.283
14451,6/28/2026 2:15,15.2475,70.48,14.2581,2.287
14452,6/28/2026 2:30,15.2471,70.308,14.2565,2.29
14453,6/28/2026 2:45,15.2454,70.308,14.2575,2.283
14454,6/28/2026 3:00,15.2506,70.308,14.2553,2.3
14455,6/28/2026 3:15,15.2449,70.137,14.2547,2.289
14456,6/28/2026 3:30,15.2449,70.137,14.2572,2.283
14457,6/28/2026 3:45,15.2432,70.137,14.2566,2.28
14458,6/28/2026 4:00,15.2462,69.964,14.256,2.289
14459,6/28/2026 4:15,15.2445,69.964,14.2545,2.288
14460,6/28/2026 4:30,15.2394,69.964,14.2545,2.277
14461,6/28/2026 4:45,15.2406,69.793,14.2569,2.273
14462,6/28/2026 5:00,15.2406,69.793,14.26,2.266
14463,6/28/2026 5:15,15.2406,69.793,14.2585,2.27
14464,6/28/2026 5:30,15.2423,69.793,14.2616,2.267
14465,6/28/2026 5:45,15.2423,69.793,14.2616,2.267
14466,6/28/2026 6:00,15.244,69.793,14.263,2.267
14467,6/28/2026 6:15,15.2452,69.622,14.2646,2.266
14468,6/28/2026 6:30,15.2469,69.622,14.2677,2.263
14469,6/28/2026 6:45,15.2555,69.622,14.2723,2.272
14470,6/28/2026 7:00,15.2572,69.622,14.2707,2.28
14471,6/28/2026 7:15,15.2572,69.622,14.2743,2.272
14472,6/28/2026 7:30,15.2612,69.793,14.2775,2.273
14473,6/28/2026 7:45,15.2612,69.793,14.275,2.279
14474,6/28/2026 8:00,15.2662,69.793,14.2771,2.286
14475,6/28/2026 8:15,15.2713,69.793,14.2778,2.296
14476,6/28/2026 8:30,15.2748,69.793,14.2811,2.297
14477,6/28/2026 8:45,15.2816,69.793,14.2817,2.311
14478,6/28/2026 9:00,15.2854,69.964,14.2814,2.32
14479,6/28/2026 9:15,15.2923,69.964,14.2832,2.333
14480,6/28/2026 9:30,15.2974,69.964,14.2817,2.348
14481,6/28/2026 9:45,15.2974,69.964,14.2848,2.341
14482,6/28/2026 10:00,15.3047,70.137,14.2848,2.357
14483,6/28/2026 10:15,15.3103,70.308,14.2833,2.374
14484,6/28/2026 10:30,15.3141,70.48,14.2826,2.384
14485,6/28/2026 10:45,15.3108,70.48,14.2848,2.372
14486,6/28/2026 11:00,15.3134,70.824,14.2882,2.37
14487,6/28/2026 11:15,15.3173,70.995,14.2858,2.384
14488,6/28/2026 11:30,15.3142,71.168,14.2904,2.367
14489,6/28/2026 11:45,15.3113,71.339,14.289,2.363
14490,6/28/2026 12:00,15.3135,71.512,14.2867,2.374
14491,6/28/2026 12:15,15.3071,71.683,14.2846,2.364
14492,6/28/2026 12:30,15.3042,71.856,14.2804,2.367
14493,6/28/2026 12:45,15.3029,72.028,14.2787,2.368
14494,6/28/2026 13:00,15.3016,72.199,14.2746,2.374
14495,6/28/2026 13:15,15.3022,72.372,14.2778,2.368
14496,6/28/2026 13:30,15.2954,72.372,14.2771,2.354
14497,6/28/2026 13:45,15.2936,72.372,14.2746,2.356
14498,6/28/2026 14:00,15.2919,72.372,14.2724,2.357
14499,6/28/2026 14:15,15.2855,72.545,14.269,2.35
14500,6/28/2026 14:30,15.2822,72.545,14.2662,2.349
14501,6/28/2026 14:45,15.2805,72.545,14.2713,2.333
14502,6/28/2026 15:00,15.2787,72.545,14.2737,2.324
14503,6/28/2026 15:15,15.2787,72.545,14.2691,2.334
14504,6/28/2026 15:30,15.2741,72.718,14.2627,2.338
14505,6/28/2026 15:45,15.2719,72.545,14.2597,2.34
14506,6/28/2026 16:00,15.2668,72.545,14.2581,2.332
14507,6/28/2026 16:15,15.2616,72.545,14.2624,2.31
14508,6/28/2026 16:30,15.2651,72.545,14.2616,2.32
14509,6/28/2026 16:45,15.2565,72.545,14.2546,2.317
14510,6/28/2026 17:00,15.2612,72.372,14.259,2.317
14511,6/28/2026 17:15,15.259,72.199,14.261,2.307
14512,6/28/2026 17:30,15.2572,72.199,14.2605,2.304
14513,6/28/2026 17:45,15.2586,72.028,14.26,2.309
14514,6/28/2026 18:00,15.2603,72.028,14.2661,2.299
14515,6/28/2026 18:15,15.2564,71.856,14.2653,2.291
14516,6/28/2026 18:30,15.2632,71.856,14.2668,2.304
14517,6/28/2026 18:45,15.261,71.683,14.2687,2.294
14518,6/28/2026 19:00,15.2628,71.683,14.2682,2.299
14519,6/28/2026 19:15,15.2623,71.512,14.2661,2.303
14520,6/28/2026 19:30,15.2657,71.512,14.2691,2.304
14521,6/28/2026 19:45,15.267,71.339,14.2719,2.3
14522,6/28/2026 20:00,15.272,71.339,14.2716,2.313
14523,6/28/2026 20:15,15.2738,71.339,14.2759,2.307
14524,6/28/2026 20:30,15.2738,71.339,14.274,2.311
14525,6/28/2026 20:45,15.2716,71.168,14.2774,2.298
14526,6/28/2026 21:00,15.2835,71.168,14.2762,2.329
14527,6/28/2026 21:15,15.287,71.168,14.279,2.33
14528,6/28/2026 21:30,15.3024,71.168,14.2832,2.356
14529,6/28/2026 21:45,15.307,70.995,14.2807,2.372
14530,6/28/2026 22:00,15.3189,70.995,14.2807,2.4
14531,6/28/2026 22:15,15.3274,70.995,14.2793,2.423
14532,6/28/2026 22:30,15.3406,70.824,14.2853,2.439
14533,6/28/2026 22:45,15.3459,70.824,14.2839,2.455
14534,6/28/2026 23:00,15.3611,70.824,14.2862,2.485
14535,6/28/2026 23:15,15.3714,70.824,14.2817,2.519
14536,6/28/2026 23:30,15.3834,70.824,14.2817,2.547
14537,6/28/2026 23:45,15.3885,70.824,14.2787,2.565
14538,6/29/2026 0:00,15.3953,70.824,14.278,2.583
14539,6/29/2026 0:15,15.4226,70.824,14.2774,2.647
14540,6/29/2026 0:30,15.4632,70.651,14.2774,2.741
14541,6/29/2026 0:45,15.4836,70.651,14.2752,2.793
14542,6/29/2026 1:00,15.5314,70.651,14.2707,2.914
14543,6/29/2026 1:15,15.586,70.651,14.2661,3.051
14544,6/29/2026 1:30,15.6065,70.651,14.2669,3.096
14545,6/29/2026 1:45,15.6271,70.651,14.2685,3.14
14546,6/29/2026 2:00,15.6458,70.651,14.2669,3.187
14547,6/29/2026 2:15,15.6612,70.651,14.2655,3.226
14548,6/29/2026 2:30,15.6557,70.48,14.2648,3.215
14549,6/29/2026 2:45,15.6573,70.48,14.2648,3.219
14550,6/29/2026 3:00,15.6607,70.48,14.2663,3.223
14551,6/29/2026 3:15,15.6676,70.48,14.2617,3.25
14552,6/29/2026 3:30,15.6926,70.308,14.2648,3.3
14553,6/29/2026 3:45,15.7115,70.308,14.2648,3.344
14554,6/29/2026 4:00,15.7798,70.308,14.2617,3.509
14555,6/29/2026 4:15,15.7934,70.308,14.2595,3.546
14556,6/29/2026 4:30,15.819,70.308,14.2595,3.605
14557,6/29/2026 4:45,15.8634,70.308,14.2581,3.711
14558,6/29/2026 5:00,15.8754,70.308,14.259,3.736
14559,6/29/2026 5:15,15.8958,70.308,14.2605,3.78
14560,6/29/2026 5:30,15.909,70.137,14.262,3.807
14561,6/29/2026 5:45,15.9449,70.137,14.2614,3.891
14562,6/29/2026 6:00,15.9295,70.137,14.2645,3.849
14563,6/29/2026 6:15,15.9398,70.137,14.2645,3.872
14564,6/29/2026 6:30,15.9552,70.137,14.2666,3.903
14565,6/29/2026 6:45,15.9141,70.137,14.2697,3.801
14566,6/29/2026 7:00,15.9312,70.137,14.2735,3.832
14567,6/29/2026 7:15,15.9295,70.137,14.2749,3.824
14568,6/29/2026 7:30,15.9415,70.137,14.2771,3.847
14569,6/29/2026 7:45,15.9363,70.137,14.2807,3.827
14570,6/29/2026 8:00,15.8766,70.137,14.2814,3.687
14571,6/29/2026 8:15,15.8796,69.964,14.2804,3.696
14572,6/29/2026 8:30,15.9034,69.964,14.2801,3.752
14573,6/29/2026 8:45,15.8471,69.964,14.2829,3.615
14574,6/29/2026 9:00,15.8834,70.137,14.2826,3.7
14575,6/29/2026 9:15,15.8818,70.137,14.2845,3.692
14576,6/29/2026 9:30,15.8919,70.137,14.2848,3.715
14577,6/29/2026 9:45,15.8954,70.137,14.2829,3.727
14578,6/29/2026 10:00,15.8851,70.137,14.2858,3.697
14579,6/29/2026 10:15,15.884,70.308,14.2836,3.699
14580,6/29/2026 10:30,15.8855,70.308,14.288,3.693
14581,6/29/2026 10:45,15.8686,70.308,14.2861,3.658
14582,6/29/2026 11:00,15.8873,70.308,14.2865,3.7
14583,6/29/2026 11:15,15.8703,70.308,14.2877,3.658
14584,6/29/2026 11:30,15.8549,70.308,14.2881,3.622
14585,6/29/2026 11:45,15.8314,70.48,14.2869,3.57
14586,6/29/2026 12:00,15.8639,70.48,14.2856,3.648
14587,6/29/2026 12:15,15.8336,70.651,14.2823,3.586
14588,6/29/2026 12:30,15.8114,70.651,14.2772,3.546
14589,6/29/2026 12:45,15.8171,70.824,14.2769,3.56
14590,6/29/2026 13:00,15.8136,70.824,14.2761,3.554
14591,6/29/2026 13:15,15.7949,70.824,14.2752,3.513
14592,6/29/2026 13:30,15.7727,70.824,14.2777,3.456
14593,6/29/2026 13:45,15.7624,70.824,14.2769,3.434
14594,6/29/2026 14:00,15.7692,70.824,14.2798,3.443
14595,6/29/2026 14:15,15.7288,70.995,14.2749,3.361
14596,6/29/2026 14:30,15.7356,70.995,14.2724,3.382
14597,6/29/2026 14:45,15.6945,70.995,14.274,3.284
14598,6/29/2026 15:00,15.7048,70.995,14.274,3.307
14599,6/29/2026 15:15,15.6877,70.995,14.2737,3.269
14600,6/29/2026 15:30,15.6882,71.168,14.2753,3.266
14601,6/29/2026 15:45,15.6813,71.168,14.2698,3.263
14602,6/29/2026 16:00,15.6609,71.168,14.2703,3.215
14603,6/29/2026 16:15,15.6558,71.168,14.2671,3.21
14604,6/29/2026 16:30,15.6523,71.168,14.2691,3.198
14605,6/29/2026 16:45,15.6268,71.168,14.2669,3.144
14606,6/29/2026 17:00,15.6062,71.168,14.2698,3.089
14607,6/29/2026 17:15,15.6352,71.168,14.2707,3.154
14608,6/29/2026 17:30,15.6114,71.168,14.2756,3.088
14609,6/29/2026 17:45,15.6029,71.168,14.2721,3.076
14610,6/29/2026 18:00,15.5955,70.995,14.2742,3.054
14611,6/29/2026 18:15,15.5887,70.995,14.2775,3.031
14612,6/29/2026 18:30,15.5939,70.995,14.2803,3.037
14613,6/29/2026 18:45,15.5939,70.995,14.2797,3.038
14614,6/29/2026 19:00,15.5921,70.995,14.2814,3.03
14615,6/29/2026 19:15,15.5904,70.995,14.2849,3.018
14616,6/29/2026 19:30,15.5939,70.995,14.2845,3.027
14617,6/29/2026 19:45,15.5904,70.995,14.2888,3.009
14618,6/29/2026 20:00,15.5853,70.995,14.2875,3
14619,6/29/2026 20:15,15.5836,70.995,14.2925,2.985
14620,6/29/2026 20:30,15.5814,70.824,14.2949,2.974
14621,6/29/2026 20:45,15.5865,70.824,14.2958,2.984
14622,6/29/2026 21:00,15.5746,70.824,14.2949,2.958
14623,6/29/2026 21:15,15.595,70.824,14.2971,3
14624,6/29/2026 21:30,15.6036,70.824,14.2985,3.017
14625,6/29/2026 21:45,15.6156,70.824,14.3016,3.038
14626,6/29/2026 22:00,15.6309,70.824,14.3016,3.073
14627,6/29/2026 22:15,15.6412,70.824,14.3032,3.093
14628,6/29/2026 22:30,15.6309,70.824,14.3057,3.063
14629,6/29/2026 22:45,15.6378,70.824,14.301,3.09
14630,6/29/2026 23:00,15.6394,70.824,14.3004,3.095
14631,6/29/2026 23:15,15.619,70.824,14.302,3.044
14632,6/29/2026 23:30,15.6275,70.824,14.3013,3.066
14633,6/29/2026 23:45,15.6732,70.651,14.2983,3.178
14634,6/30/2026 0:00,15.6884,70.651,14.2961,3.218
14635,6/30/2026 0:15,15.7209,70.651,14.2946,3.297
14636,6/30/2026 0:30,15.7159,70.651,14.2925,3.29
14637,6/30/2026 0:45,15.7466,70.651,14.2925,3.361
14638,6/30/2026 1:00,15.726,70.651,14.2919,3.315
14639,6/30/2026 1:15,15.7482,70.651,14.2903,3.37
14640,6/30/2026 1:30,15.738,70.651,14.2903,3.347
14641,6/30/2026 1:45,15.7376,70.48,14.2881,3.351
14642,6/30/2026 2:00,15.746,70.48,14.2897,3.366
14643,6/30/2026 2:15,15.7273,70.48,14.2897,3.323
14644,6/30/2026 2:30,15.7119,70.48,14.2891,3.289
14645,6/30/2026 2:45,15.7256,70.48,14.2869,3.325
14646,6/30/2026 3:00,15.7273,70.48,14.2853,3.333
14647,6/30/2026 3:15,15.7205,70.48,14.2848,3.319
14648,6/30/2026 3:30,15.7148,70.308,14.2862,3.302
14649,6/30/2026 3:45,15.7098,70.308,14.2842,3.295
14650,6/30/2026 4:00,15.7148,70.308,14.2835,3.309
14651,6/30/2026 4:15,15.6858,70.308,14.2835,3.241
14652,6/30/2026 4:30,15.6603,70.308,14.2814,3.187
14653,6/30/2026 4:45,15.6718,70.137,14.2839,3.208
14654,6/30/2026 5:00,15.6597,70.137,14.2817,3.185
14655,6/30/2026 5:15,15.6445,70.137,14.2826,3.148
14656,6/30/2026 5:30,15.6513,70.137,14.2826,3.164
14657,6/30/2026 5:45,15.6375,70.137,14.2851,3.126
14658,6/30/2026 6:00,15.641,70.137,14.2881,3.127
14659,6/30/2026 6:15,15.6137,70.137,14.2891,3.062
14660,6/30/2026 6:30,15.6017,70.137,14.2922,3.027
14661,6/30/2026 6:45,15.6098,69.964,14.2936,3.042
14662,6/30/2026 7:00,15.5962,69.964,14.2983,3
14663,6/30/2026 7:15,15.603,69.964,14.3004,3.011
14664,6/30/2026 7:30,15.5945,69.964,14.301,2.99
14665,6/30/2026 7:45,15.5744,70.137,14.3016,2.942
14666,6/30/2026 8:00,15.5727,70.137,14.3013,2.939
14667,6/30/2026 8:15,15.5641,70.137,14.3016,2.918
14668,6/30/2026 8:30,15.5698,70.308,14.2983,2.939
14669,6/30/2026 8:45,15.5646,70.308,14.3026,2.917
14670,6/30/2026 9:00,15.5634,70.48,14.3007,2.919
14671,6/30/2026 9:15,15.5531,70.48,14.2996,2.898
14672,6/30/2026 9:30,15.5467,70.651,14.2983,2.886
14673,6/30/2026 9:45,15.5421,70.824,14.2993,2.873
14674,6/30/2026 10:00,15.537,70.824,14.3009,2.857
14675,6/30/2026 10:15,15.5306,70.995,14.3009,2.843
14676,6/30/2026 10:30,15.5311,71.168,14.3025,2.84
14677,6/30/2026 10:45,15.5304,71.512,14.3026,2.838
14678,6/30/2026 11:00,15.524,71.683,14.3014,2.826
14679,6/30/2026 11:15,15.5108,71.856,14.3049,2.788
14680,6/30/2026 11:30,15.5112,72.028,14.3007,2.799
14681,6/30/2026 11:45,15.5083,72.199,14.3017,2.79
14682,6/30/2026 12:00,15.5054,72.372,14.3006,2.786
14683,6/30/2026 12:15,15.4955,72.545,14.2964,2.773
14684,6/30/2026 12:30,15.4858,72.718,14.2917,2.761
14685,6/30/2026 12:45,15.4777,72.891,14.2853,2.757
14686,6/30/2026 13:00,15.4783,73.062,14.2861,2.757
14687,6/30/2026 13:15,15.4684,73.234,14.2851,2.736
14688,6/30/2026 13:30,15.4723,73.407,14.2827,2.751
14689,6/30/2026 13:45,15.4609,73.58,14.2811,2.728
14690,6/30/2026 14:00,15.4562,73.753,14.2816,2.716
14691,6/30/2026 14:15,15.4477,73.753,14.279,2.703
14692,6/30/2026 14:30,15.4442,73.753,14.2787,2.695
14693,6/30/2026 14:45,15.4378,73.926,14.2777,2.683
14694,6/30/2026 15:00,15.4396,73.926,14.2735,2.697
14695,6/30/2026 15:15,15.431,73.926,14.2724,2.679
14696,6/30/2026 15:30,15.434,73.753,14.2716,2.688
14697,6/30/2026 15:45,15.4237,73.753,14.2704,2.667
14698,6/30/2026 16:00,15.4233,73.58,14.272,2.662
14699,6/30/2026 16:15,15.4198,73.58,14.269,2.661
14700,6/30/2026 16:30,15.4216,73.58,14.2719,2.659
14701,6/30/2026 16:45,15.4143,73.407,14.2707,2.644
14702,6/30/2026 17:00,15.4126,73.407,14.2694,2.643
14703,6/30/2026 17:15,15.4126,73.407,14.2733,2.634
14704,6/30/2026 17:30,15.4137,73.234,14.2729,2.638
14705,6/30/2026 17:45,15.4069,73.234,14.2733,2.621
14706,6/30/2026 18:00,15.4036,73.234,14.2761,2.607
14707,6/30/2026 18:15,15.4047,73.062,14.2765,2.609
14708,6/30/2026 18:30,15.4065,73.062,14.2761,2.614
14709,6/30/2026 18:45,15.4014,73.062,14.2759,2.602
14710,6/30/2026 19:00,15.403,73.062,14.2806,2.595
14711,6/30/2026 19:15,15.4061,72.891,14.281,2.601
14712,6/30/2026 19:30,15.4094,72.891,14.2826,2.605
14713,6/30/2026 19:45,15.4072,72.718,14.2819,2.602
14714,6/30/2026 20:00,15.4072,72.718,14.2849,2.595
14715,6/30/2026 20:15,15.4072,72.718,14.2891,2.585
14716,6/30/2026 20:30,15.4107,72.718,14.2904,2.59
14717,6/30/2026 20:45,15.4034,72.545,14.2922,2.569
14718,6/30/2026 21:00,15.4085,72.545,14.2925,2.58
14719,6/30/2026 21:15,15.4119,72.545,14.2943,2.584
14720,6/30/2026 21:30,15.4085,72.545,14.2968,2.57
14721,6/30/2026 21:45,15.4068,72.545,14.2993,2.561
14722,6/30/2026 22:00,15.4153,72.545,14.3007,2.577
14723,6/30/2026 22:15,15.4171,72.545,14.3016,2.579
14724,6/30/2026 22:30,15.4272,72.545,14.3041,2.597
14725,6/30/2026 22:45,15.4235,72.372,14.3065,2.582
14726,6/30/2026 23:00,15.4268,72.372,14.3059,2.591
14727,6/30/2026 23:15,15.4285,72.372,14.3054,2.597
14728,6/30/2026 23:30,15.4319,72.372,14.3046,2.606
14729,6/30/2026 23:45,15.4388,72.372,14.3032,2.626
14730,7/1/2026 0:00,15.4388,72.372,14.2994,2.634
14731,7/1/2026 0:15,15.4319,72.372,14.2942,2.63
14732,7/1/2026 0:30,15.4319,72.372,14.2922,2.635
14733,7/1/2026 0:45,15.4388,72.372,14.2891,2.658
14734,7/1/2026 1:00,15.4367,72.199,14.2884,2.655
14735,7/1/2026 1:15,15.4383,72.199,14.2869,2.662
14736,7/1/2026 1:30,15.4554,72.199,14.2832,2.71
14737,7/1/2026 1:45,15.4776,72.199,14.2826,2.763
14738,7/1/2026 2:00,15.5202,72.199,14.2826,2.861
14739,7/1/2026 2:15,15.5476,72.199,14.2842,2.921
14740,7/1/2026 2:30,15.706,72.028,14.281,3.295
14741,7/1/2026 2:45,15.8152,72.028,14.281,3.547
14742,7/1/2026 3:00,15.8613,72.028,14.2795,3.657
14743,7/1/2026 3:15,15.895,71.856,14.2774,3.74
14744,7/1/2026 3:30,15.8985,71.856,14.2768,3.749
14745,7/1/2026 3:45,15.9508,71.683,14.2737,3.877
14746,7/1/2026 4:00,15.9965,71.512,14.2746,3.981
14747,7/1/2026 4:15,15.9721,71.339,14.2724,3.929
14748,7/1/2026 4:30,15.9823,71.339,14.2724,3.953
14749,7/1/2026 4:45,15.9871,71.168,14.2765,3.954
14750,7/1/2026 5:00,16.0484,71.168,14.2749,4.1
14751,7/1/2026 5:15,16.0058,71.168,14.2795,3.991
14752,7/1/2026 5:30,16.0071,70.995,14.279,3.995
14753,7/1/2026 5:45,15.9985,70.995,14.2804,3.972
14754,7/1/2026 6:00,16.0223,70.995,14.2835,4.02
14755,7/1/2026 6:15,16.0565,70.995,14.2835,4.099
14756,7/1/2026 6:30,16.0684,70.995,14.2911,4.108
14757,7/1/2026 6:45,16.1124,70.824,14.2919,4.208
14758,7/1/2026 7:00,16.0322,70.824,14.2894,4.029
14759,7/1/2026 7:15,16.0083,70.824,14.29,3.972
14760,7/1/2026 7:30,16.0236,70.824,14.2936,3.999
14761,7/1/2026 7:45,16.0693,70.651,14.2952,4.101
14762,7/1/2026 8:00,16.0795,70.651,14.3004,4.112
14763,7/1/2026 8:15,16.1221,70.651,14.3001,4.212
14764,7/1/2026 8:30,16.0744,70.651,14.3013,4.099
14765,7/1/2026 8:45,16.0744,70.651,14.301,4.099
14766,7/1/2026 9:00,15.9736,70.651,14.3023,3.863
14767,7/1/2026 9:15,16.0065,70.824,14.301,3.942
14768,7/1/2026 9:30,15.998,70.824,14.3045,3.915
14769,7/1/2026 9:45,15.9468,70.824,14.3032,3.799
14770,7/1/2026 10:00,15.9536,70.824,14.3039,3.813
14771,7/1/2026 10:15,15.9349,70.824,14.3067,3.764
14772,7/1/2026 10:30,15.8738,70.995,14.3009,3.636
14773,7/1/2026 10:45,15.9098,70.995,14.302,3.717
14774,7/1/2026 11:00,15.8977,70.995,14.3006,3.692
14775,7/1/2026 11:15,15.8874,70.995,14.2999,3.67
14776,7/1/2026 11:30,15.8841,70.995,14.2962,3.671
14777,7/1/2026 11:45,15.8504,71.168,14.2975,3.59
14778,7/1/2026 12:00,15.8555,71.168,14.2948,3.608
14779,7/1/2026 12:15,15.847,71.168,14.2969,3.583
14780,7/1/2026 12:30,15.8219,71.339,14.2955,3.529
14781,7/1/2026 12:45,15.8082,71.339,14.2967,3.494
14782,7/1/2026 13:00,15.812,71.512,14.294,3.509
14783,7/1/2026 13:15,15.7887,71.683,14.2942,3.455
14784,7/1/2026 13:30,15.7904,71.683,14.2932,3.461
14785,7/1/2026 13:45,15.7887,71.683,14.2939,3.456
14786,7/1/2026 14:00,15.7665,71.683,14.2881,3.418
14787,7/1/2026 14:15,15.7614,71.683,14.2872,3.408
14788,7/1/2026 14:30,15.7328,71.856,14.2845,3.348
14789,7/1/2026 14:45,15.7225,71.856,14.2813,3.332
14790,7/1/2026 15:00,15.7214,72.028,14.2826,3.326
14791,7/1/2026 15:15,15.7282,72.028,14.2764,3.357
14792,7/1/2026 15:30,15.6821,72.028,14.275,3.253
14793,7/1/2026 15:45,15.6906,72.028,14.2772,3.268
14794,7/1/2026 16:00,15.6854,72.028,14.2749,3.261
14795,7/1/2026 16:15,15.6599,72.028,14.2748,3.202
14796,7/1/2026 16:30,15.661,71.856,14.2726,3.21
14797,7/1/2026 16:45,15.6491,71.856,14.275,3.177
14798,7/1/2026 17:00,15.6491,71.856,14.2707,3.187
14799,7/1/2026 17:15,15.6355,71.856,14.2716,3.153
14800,7/1/2026 17:30,15.6338,71.856,14.2724,3.147
14801,7/1/2026 17:45,15.6269,71.856,14.2746,3.126
14802,7/1/2026 18:00,15.623,71.683,14.2733,3.12
14803,7/1/2026 18:15,15.6281,71.683,14.2714,3.136
14804,7/1/2026 18:30,15.6195,71.683,14.272,3.115
14805,7/1/2026 18:45,15.614,71.512,14.2756,3.094
14806,7/1/2026 19:00,15.5969,71.512,14.2753,3.055
14807,7/1/2026 19:15,15.6037,71.512,14.2743,3.073
14808,7/1/2026 19:30,15.6084,71.339,14.2811,3.068
14809,7/1/2026 19:45,15.6101,71.339,14.2823,3.07
14810,7/1/2026 20:00,15.6204,71.339,14.2809,3.097
14811,7/1/2026 20:15,15.6084,71.339,14.2839,3.062
14812,7/1/2026 20:30,15.6062,71.168,14.2869,3.05
14813,7/1/2026 20:45,15.6114,71.168,14.2894,3.056
14814,7/1/2026 21:00,15.5994,71.168,14.2919,3.023
14815,7/1/2026 21:15,15.5976,71.168,14.2943,3.013
14816,7/1/2026 21:30,15.5939,70.995,14.2952,3.002
14817,7/1/2026 21:45,15.5802,70.995,14.2946,2.972
14818,7/1/2026 22:00,15.6108,70.995,14.2971,3.037
14819,7/1/2026 22:15,15.6007,70.995,14.2964,3.015
14820,7/1/2026 22:30,15.5904,70.995,14.2958,2.993
14821,7/1/2026 22:45,15.595,70.824,14.2983,2.998
14822,7/1/2026 23:00,15.5985,70.824,14.2977,3.007
14823,7/1/2026 23:15,15.5814,70.824,14.293,2.978
14824,7/1/2026 23:30,15.5781,70.824,14.2939,2.968
14825,7/1/2026 23:45,15.5627,70.824,14.2925,2.936
14826,7/2/2026 0:00,15.5621,70.651,14.2887,2.944
14827,7/2/2026 0:15,15.5588,70.651,14.2903,2.932
14828,7/2/2026 0:30,15.5588,70.651,14.2881,2.937
14829,7/2/2026 0:45,15.5502,70.651,14.2875,2.919
14830,7/2/2026 1:00,15.5395,70.48,14.2869,2.895
14831,7/2/2026 1:15,15.5395,70.48,14.2848,2.9
14832,7/2/2026 1:30,15.5377,70.48,14.2826,2.901
14833,7/2/2026 1:45,15.5395,70.48,14.2835,2.903
14834,7/2/2026 2:00,15.5305,70.308,14.2804,2.889
14835,7/2/2026 2:15,15.5288,70.308,14.2782,2.89
14836,7/2/2026 2:30,15.5202,70.308,14.2746,2.879
14837,7/2/2026 2:45,15.5169,70.308,14.2755,2.869
14838,7/2/2026 3:00,15.5079,70.137,14.2735,2.853
14839,7/2/2026 3:15,15.4993,70.137,14.2713,2.838
14840,7/2/2026 3:30,15.4958,70.137,14.2721,2.828
14841,7/2/2026 3:45,15.4942,70.137,14.2716,2.826
14842,7/2/2026 4:00,15.4771,70.137,14.271,2.788
14843,7/2/2026 4:15,15.4749,69.964,14.2704,2.784
14844,7/2/2026 4:30,15.4749,69.964,14.2719,2.781
14845,7/2/2026 4:45,15.4596,69.964,14.2682,2.754
14846,7/2/2026 5:00,15.4578,69.964,14.2691,2.748
14847,7/2/2026 5:15,15.4455,69.793,14.2701,2.717
14848,7/2/2026 5:30,15.4403,69.793,14.2663,2.713
14849,7/2/2026 5:45,15.4438,69.793,14.2704,2.712
14850,7/2/2026 6:00,15.4416,69.622,14.2735,2.7
14851,7/2/2026 6:15,15.4365,69.622,14.2729,2.689
14852,7/2/2026 6:30,15.4313,69.622,14.2743,2.674
14853,7/2/2026 6:45,15.4275,69.449,14.2743,2.665
14854,7/2/2026 7:00,15.4207,69.449,14.2743,2.65
14855,7/2/2026 7:15,15.4155,69.449,14.2765,2.632
14856,7/2/2026 7:30,15.4172,69.449,14.2771,2.635
14857,7/2/2026 7:45,15.4087,69.449,14.2768,2.616
14858,7/2/2026 8:00,15.4001,69.449,14.2765,2.597
14859,7/2/2026 8:15,15.3985,69.449,14.2746,2.598
14860,7/2/2026 8:30,15.3985,69.449,14.2765,2.593
14861,7/2/2026 8:45,15.3904,69.622,14.2746,2.579
14862,7/2/2026 9:00,15.3904,69.622,14.2749,2.578
14863,7/2/2026 9:15,15.3755,69.793,14.2762,2.541
14864,7/2/2026 9:30,15.3691,69.964,14.278,2.522
14865,7/2/2026 9:45,15.3679,70.137,14.2743,2.528
14866,7/2/2026 10:00,15.358,70.308,14.2798,2.492
14867,7/2/2026 10:15,15.3448,70.48,14.2793,2.463
14868,7/2/2026 10:30,15.3475,70.824,14.2756,2.478
14869,7/2/2026 10:45,15.336,70.995,14.2772,2.448
14870,7/2/2026 11:00,15.3369,71.339,14.2774,2.449
14871,7/2/2026 11:15,15.3344,71.683,14.279,2.44
14872,7/2/2026 11:30,15.3218,72.028,14.279,2.411
14873,7/2/2026 11:45,15.3187,72.199,14.2761,2.411
14874,7/2/2026 12:00,15.3112,72.545,14.2732,2.4
14875,7/2/2026 12:15,15.3031,72.718,14.2695,2.39
14876,7/2/2026 12:30,15.3006,73.062,14.2713,2.38
14877,7/2/2026 12:45,15.2942,73.234,14.2678,2.373
14878,7/2/2026 13:00,15.2883,73.58,14.2658,2.364
14879,7/2/2026 13:15,15.2871,73.753,14.2633,2.368
14880,7/2/2026 13:30,15.2757,73.926,14.2601,2.348
14881,7/2/2026 13:45,15.2658,74.098,14.2572,2.332
14882,7/2/2026 14:00,15.2641,74.098,14.2572,2.328
14883,7/2/2026 14:15,15.2612,74.271,14.2542,2.329
14884,7/2/2026 14:30,15.2583,74.446,14.2526,2.326
14885,7/2/2026 14:45,15.2514,74.446,14.2511,2.313
14886,7/2/2026 15:00,15.248,74.446,14.2517,2.304
14887,7/2/2026 15:15,15.2446,74.446,14.2555,2.288
14888,7/2/2026 15:30,15.2377,74.446,14.2484,2.288
14889,7/2/2026 15:45,15.2394,74.446,14.2529,2.282
14890,7/2/2026 16:00,15.2343,74.446,14.2482,2.281
14891,7/2/2026 16:15,15.2355,74.271,14.2497,2.28
14892,7/2/2026 16:30,15.2333,74.098,14.252,2.269
14893,7/2/2026 16:45,15.2295,73.926,14.2495,2.266
14894,7/2/2026 17:00,15.2206,73.753,14.2508,2.242
14895,7/2/2026 17:15,15.22,73.58,14.2517,2.239
14896,7/2/2026 17:30,15.2166,73.58,14.2514,2.232
14897,7/2/2026 17:45,15.2145,73.407,14.2552,2.218
14898,7/2/2026 18:00,15.2156,73.234,14.2565,2.218
14899,7/2/2026 18:15,15.2134,73.062,14.2582,2.209
14900,7/2/2026 18:30,15.2097,72.891,14.2587,2.199
14901,7/2/2026 18:45,15.2029,72.891,14.261,2.178
14902,7/2/2026 19:00,15.204,72.718,14.2637,2.174
14903,7/2/2026 19:15,15.2058,72.718,14.2692,2.165
14904,7/2/2026 19:30,15.2071,72.545,14.2694,2.168
14905,7/2/2026 19:45,15.2049,72.372,14.2706,2.16
14906,7/2/2026 20:00,15.2049,72.372,14.2716,2.158
14907,7/2/2026 20:15,15.206,72.199,14.2777,2.146
14908,7/2/2026 20:30,15.2078,72.199,14.278,2.15
14909,7/2/2026 20:45,15.2089,72.028,14.2813,2.145
14910,7/2/2026 21:00,15.2056,72.028,14.2816,2.136
14911,7/2/2026 21:15,15.2039,72.028,14.2819,2.132
14912,7/2/2026 21:30,15.2052,71.856,14.2852,2.127
14913,7/2/2026 21:45,15.2069,71.856,14.2839,2.134
14914,7/2/2026 22:00,15.2069,71.856,14.2842,2.133
14915,7/2/2026 22:15,15.2034,71.856,14.2852,2.123
14916,7/2/2026 22:30,15.2081,71.683,14.2885,2.126
14917,7/2/2026 22:45,15.2063,71.683,14.2864,2.127
14918,7/2/2026 23:00,15.2047,71.683,14.2858,2.124
14919,7/2/2026 23:15,15.2013,71.683,14.2829,2.123
14920,7/2/2026 23:30,15.1978,71.683,14.2839,2.113
14921,7/2/2026 23:45,15.1962,71.683,14.2832,2.111
14922,7/3/2026 0:00,15.1973,71.512,14.2804,2.12
14923,7/3/2026 0:15,15.1957,71.512,14.2814,2.114
14924,7/3/2026 0:30,15.194,71.512,14.2793,2.115
14925,7/3/2026 0:45,15.1923,71.512,14.2755,2.119
14926,7/3/2026 1:00,15.1888,71.512,14.2749,2.113
14927,7/3/2026 1:15,15.1884,71.339,14.2727,2.117
14928,7/3/2026 1:30,15.185,71.339,14.2707,2.114
14929,7/3/2026 1:45,15.1782,71.339,14.2655,2.11
14930,7/3/2026 2:00,15.1747,71.339,14.2663,2.1
14931,7/3/2026 2:15,15.173,71.339,14.2642,2.101
14932,7/3/2026 2:30,15.173,71.339,14.2672,2.094
14933,7/3/2026 2:45,15.1725,71.168,14.2658,2.096
14934,7/3/2026 3:00,15.176,71.168,14.265,2.106
14935,7/3/2026 3:15,15.1776,71.168,14.2666,2.106
14936,7/3/2026 3:30,15.1914,71.168,14.2661,2.139
14937,7/3/2026 3:45,15.2046,70.995,14.2623,2.178
14938,7/3/2026 4:00,15.2233,70.995,14.2639,2.218
14939,7/3/2026 4:15,15.2369,70.995,14.2633,2.251
14940,7/3/2026 4:30,15.2472,70.995,14.2642,2.272
14941,7/3/2026 4:45,15.257,70.824,14.2672,2.288
14942,7/3/2026 5:00,15.2604,70.824,14.2636,2.304
14943,7/3/2026 5:15,15.2655,70.824,14.2636,2.316
14944,7/3/2026 5:30,15.2791,70.824,14.2661,2.342
14945,7/3/2026 5:45,15.2873,70.651,14.2677,2.357
14946,7/3/2026 6:00,15.2941,70.651,14.2685,2.371
14947,7/3/2026 6:15,15.2976,70.651,14.27,2.375
14948,7/3/2026 6:30,15.3095,70.651,14.2746,2.392
14949,7/3/2026 6:45,15.3227,70.48,14.274,2.424
14950,7/3/2026 7:00,15.3261,70.48,14.2777,2.424
14951,7/3/2026 7:15,15.3277,70.48,14.2746,2.434
14952,7/3/2026 7:30,15.3261,70.48,14.2777,2.424
14953,7/3/2026 7:45,15.3261,70.48,14.279,2.421
14954,7/3/2026 8:00,15.3244,70.48,14.278,2.419
14955,7/3/2026 8:15,15.3163,70.651,14.2782,2.399
14956,7/3/2026 8:30,15.3129,70.651,14.2817,2.384
14957,7/3/2026 8:45,15.3129,70.651,14.2829,2.381
14958,7/3/2026 9:00,15.3099,70.824,14.2823,2.375
14959,7/3/2026 9:15,15.3013,70.824,14.2856,2.348
14960,7/3/2026 9:30,15.3013,70.824,14.2829,2.354
14961,7/3/2026 9:45,15.2967,70.995,14.2855,2.338
14962,7/3/2026 10:00,15.2887,71.168,14.2833,2.324
14963,7/3/2026 10:15,15.2892,71.339,14.2858,2.32
14964,7/3/2026 10:30,15.281,71.512,14.283,2.307
14965,7/3/2026 10:45,15.2781,71.683,14.2807,2.306
14966,7/3/2026 11:00,15.279,72.028,14.2801,2.309
14967,7/3/2026 11:15,15.2757,72.028,14.282,2.297
14968,7/3/2026 11:30,15.2748,72.372,14.2793,2.302
14969,7/3/2026 11:45,15.2684,72.545,14.2753,2.296
14970,7/3/2026 12:00,15.2655,72.718,14.2772,2.285
14971,7/3/2026 12:15,15.2596,73.062,14.2764,2.273
14972,7/3/2026 12:30,15.2562,73.062,14.2761,2.266
14973,7/3/2026 12:45,15.2498,73.234,14.2752,2.254
14974,7/3/2026 13:00,15.2417,73.407,14.274,2.238
14975,7/3/2026 13:15,15.2353,73.58,14.2707,2.231
14976,7/3/2026 13:30,15.2324,73.753,14.272,2.221
14977,7/3/2026 13:45,15.2261,73.926,14.2704,2.21
14978,7/3/2026 14:00,15.2197,74.098,14.2717,2.192
14979,7/3/2026 14:15,15.2146,74.098,14.2707,2.183
14980,7/3/2026 14:30,15.2082,74.271,14.2674,2.176
14981,7/3/2026 14:45,15.1997,74.271,14.2658,2.16
14982,7/3/2026 15:00,15.1968,74.446,14.2633,2.159
14983,7/3/2026 15:15,15.1886,74.619,14.261,2.145
14984,7/3/2026 15:30,15.1886,74.619,14.2623,2.142
14985,7/3/2026 15:45,15.1853,74.619,14.2659,2.126
14986,7/3/2026 16:00,15.1814,74.446,14.2658,2.118
14987,7/3/2026 16:15,15.1814,74.446,14.2666,2.116
14988,7/3/2026 16:30,15.1775,74.271,14.265,2.11
14989,7/3/2026 16:45,15.1792,74.271,14.2666,2.11
14990,7/3/2026 17:00,15.1788,74.098,14.2678,2.107
14991,7/3/2026 17:15,15.1766,73.926,14.2684,2.1
14992,7/3/2026 17:30,15.1749,73.926,14.2692,2.094
14993,7/3/2026 17:45,15.1709,73.753,14.2727,2.077
14994,7/3/2026 18:00,15.167,73.58,14.2743,2.064
14995,7/3/2026 18:15,15.167,73.58,14.2739,2.065
14996,7/3/2026 18:30,15.1683,73.407,14.2785,2.058
14997,7/3/2026 18:45,15.1679,73.234,14.2798,2.053
14998,7/3/2026 19:00,15.1679,73.234,14.28,2.053
14999,7/3/2026 19:15,15.1657,73.062,14.2807,2.046
15000,7/3/2026 19:30,15.1669,72.891,14.2807,2.049
15001,7/3/2026 19:45,15.1653,72.891,14.2836,2.039
15002,7/3/2026 20:00,15.1682,72.718,14.2858,2.04
15003,7/3/2026 20:15,15.1665,72.718,14.2855,2.037
15004,7/3/2026 20:30,15.1678,72.545,14.2851,2.041
15005,7/3/2026 20:45,15.1673,72.372,14.2878,2.033
15006,7/3/2026 21:00,15.1673,72.372,14.2906,2.027
15007,7/3/2026 21:15,15.1651,72.199,14.2971,2.007
15008,7/3/2026 21:30,15.1634,72.199,14.2952,2.007
15009,7/3/2026 21:45,15.163,72.028,14.2977,2.001
15010,7/3/2026 22:00,15.1646,72.028,14.3001,1.998
15011,7/3/2026 22:15,15.1676,71.856,14.3019,2.001
15012,7/3/2026 22:30,15.1659,71.856,14.3013,1.999
15013,7/3/2026 22:45,15.1659,71.856,14.2991,2.004
15014,7/3/2026 23:00,15.1637,71.683,14.2991,1.999
15015,7/3/2026 23:15,15.1586,71.683,14.2985,1.988
15016,7/3/2026 23:30,15.1564,71.512,14.298,1.985
15017,7/3/2026 23:45,15.1582,71.512,14.2958,1.994
15018,7/4/2026 0:00,15.1564,71.512,14.2943,1.993
15019,7/4/2026 0:15,15.156,71.339,14.2906,2.001
15020,7/4/2026 0:30,15.1475,71.339,14.2894,1.984
15021,7/4/2026 0:45,15.1475,71.339,14.2872,1.989
15022,7/4/2026 1:00,15.1435,71.168,14.2851,1.985
15023,7/4/2026 1:15,15.1435,71.168,14.2845,1.986
15024,7/4/2026 1:30,15.1435,71.168,14.2829,1.99
15025,7/4/2026 1:45,15.1414,70.995,14.2809,1.989
15026,7/4/2026 2:00,15.1396,70.995,14.2762,1.996
15027,7/4/2026 2:15,15.1414,70.995,14.2771,1.998
15028,7/4/2026 2:30,15.1495,70.824,14.2771,2.017
15029,7/4/2026 2:45,15.1546,70.824,14.2765,2.03
15030,7/4/2026 3:00,15.1631,70.824,14.2729,2.058
15031,7/4/2026 3:15,15.1695,70.651,14.2723,2.074
15032,7/4/2026 3:30,15.1746,70.651,14.2671,2.098
15033,7/4/2026 3:45,15.1741,70.48,14.2679,2.095
15034,7/4/2026 4:00,15.181,70.48,14.271,2.103
15035,7/4/2026 4:15,15.1827,70.48,14.2726,2.104
15036,7/4/2026 4:30,15.1856,70.308,14.275,2.105
15037,7/4/2026 4:45,15.1873,70.308,14.275,2.109
15038,7/4/2026 5:00,15.1856,70.308,14.2765,2.101
15039,7/4/2026 5:15,15.1852,70.137,14.275,2.104
15040,7/4/2026 5:30,15.1869,70.137,14.2759,2.106
15041,7/4/2026 5:45,15.192,70.137,14.2806,2.107
15042,7/4/2026 6:00,15.2005,70.137,14.2822,2.123
15043,7/4/2026 6:15,15.2001,69.964,14.2814,2.123
15044,7/4/2026 6:30,15.2052,69.964,14.2877,2.121
15045,7/4/2026 6:45,15.2087,69.964,14.2882,2.127
15046,7/4/2026 7:00,15.2069,69.964,14.2913,2.116
15047,7/4/2026 7:15,15.2069,69.964,14.2904,2.118
15048,7/4/2026 7:30,15.2018,69.964,14.29,2.108
15049,7/4/2026 7:45,15.2018,69.964,14.2933,2.1
15050,7/4/2026 8:00,15.2018,69.964,14.2952,2.096
15051,7/4/2026 8:15,15.1984,69.964,14.298,2.081
15052,7/4/2026 8:30,15.195,69.964,14.2983,2.073
15053,7/4/2026 8:45,15.1933,69.964,14.2977,2.07
15054,7/4/2026 9:00,15.1915,69.964,14.2964,2.069
15055,7/4/2026 9:15,15.1834,70.137,14.2967,2.05
15056,7/4/2026 9:30,15.1823,70.308,14.2961,2.048
15057,7/4/2026 9:45,15.1844,70.48,14.2985,2.048
15058,7/4/2026 10:00,15.1827,70.48,14.2987,2.043
15059,7/4/2026 10:15,15.1831,70.651,14.299,2.044
15060,7/4/2026 10:30,15.1802,70.824,14.2956,2.045
15061,7/4/2026 10:45,15.1794,71.168,14.2975,2.039
15062,7/4/2026 11:00,15.1815,71.339,14.2956,2.048
15063,7/4/2026 11:15,15.1791,71.683,14.2958,2.042
15064,7/4/2026 11:30,15.1749,72.028,14.293,2.039
15065,7/4/2026 11:45,15.1711,72.545,14.2949,2.026
15066,7/4/2026 12:00,15.1669,72.891,14.2922,2.023
15067,7/4/2026 12:15,15.1662,73.234,14.2929,2.019
15068,7/4/2026 12:30,15.162,73.58,14.2896,2.017
15069,7/4/2026 12:45,15.1595,73.926,14.2898,2.011
15070,7/4/2026 13:00,15.1553,74.271,14.2881,2.005
15071,7/4/2026 13:15,15.1546,74.619,14.2885,2.003
15072,7/4/2026 13:30,15.1504,74.964,14.2877,1.995
15073,7/4/2026 13:45,15.149,75.139,14.2843,2
15074,7/4/2026 14:00,15.1411,75.312,14.2827,1.985
15075,7/4/2026 14:15,15.1363,75.484,14.278,1.985
15076,7/4/2026 14:30,15.127,75.832,14.278,1.964
15077,7/4/2026 14:45,15.1237,75.832,14.2785,1.955
15078,7/4/2026 15:00,15.1202,75.832,14.2764,1.952
15079,7/4/2026 15:15,15.1151,75.832,14.2788,1.934
15080,7/4/2026 15:30,15.1099,75.832,14.2793,1.921
15081,7/4/2026 15:45,15.1061,75.659,14.2806,1.91
15082,7/4/2026 16:00,15.098,75.832,14.2759,1.902
15083,7/4/2026 16:15,15.0936,75.484,14.2765,1.89
15084,7/4/2026 16:30,15.0919,75.484,14.2752,1.889
15085,7/4/2026 16:45,15.0897,75.312,14.2739,1.887
15086,7/4/2026 17:00,15.088,75.312,14.2739,1.883
15087,7/4/2026 17:15,15.0893,75.139,14.2755,1.882
15088,7/4/2026 17:30,15.0858,75.139,14.2771,1.871
15089,7/4/2026 17:45,15.0871,74.964,14.281,1.864
15090,7/4/2026 18:00,15.0884,74.791,14.278,1.874
15091,7/4/2026 18:15,15.09,74.791,14.2806,1.872
15092,7/4/2026 18:30,15.0931,74.619,14.2835,1.872
15093,7/4/2026 18:45,15.0942,74.446,14.2849,1.872
15094,7/4/2026 19:00,15.096,74.446,14.2881,1.868
15095,7/4/2026 19:15,15.0955,74.271,14.2884,1.867
15096,7/4/2026 19:30,15.1019,74.098,14.2923,1.872
15097,7/4/2026 19:45,15.1087,74.098,14.2927,1.887
15098,7/4/2026 20:00,15.1134,73.926,14.2956,1.891
15099,7/4/2026 20:15,15.1163,73.753,14.2962,1.896
15100,7/4/2026 20:30,15.1226,73.58,14.2962,1.911
15101,7/4/2026 20:45,15.1308,73.407,14.2981,1.925
15102,7/4/2026 21:00,15.144,73.234,14.3004,1.951
15103,7/4/2026 21:15,15.2204,73.062,14.3007,2.127
15104,7/4/2026 21:30,15.2916,72.891,14.3042,2.283
15105,7/4/2026 21:45,15.3295,72.372,14.3045,2.37
15106,7/4/2026 22:00,15.3491,72.028,14.31,2.402
15107,7/4/2026 22:15,15.3566,71.683,14.3103,2.419
15108,7/4/2026 22:30,15.3612,71.512,14.3128,2.424
15109,7/4/2026 22:45,15.3608,71.339,14.312,2.424
15110,7/4/2026 23:00,15.3518,71.168,14.3109,2.406
15111,7/4/2026 23:15,15.3496,70.995,14.3117,2.399
15112,7/4/2026 23:30,15.3441,70.824,14.3074,2.396
15113,7/4/2026 23:45,15.3402,70.651,14.3084,2.385
15114,7/5/2026 0:00,15.3334,70.651,14.3062,2.374
15115,7/5/2026 0:15,15.3248,70.651,14.3051,2.357
15116,7/5/2026 0:30,15.3209,70.48,14.3029,2.353
15117,7/5/2026 0:45,15.3125,70.48,14.2977,2.346
15118,7/5/2026 1:00,15.3051,70.308,14.2971,2.33
15119,7/5/2026 1:15,15.295,70.308,14.2919,2.319
15120,7/5/2026 1:30,15.286,70.137,14.2897,2.303
15121,7/5/2026 1:45,15.286,70.137,14.2936,2.294
15122,7/5/2026 2:00,15.2825,70.137,14.2916,2.29
15123,7/5/2026 2:15,15.2752,69.964,14.2894,2.279
15124,7/5/2026 2:30,15.2752,69.964,14.2919,2.273
15125,7/5/2026 2:45,15.2713,69.793,14.2897,2.269
15126,7/5/2026 3:00,15.2645,69.793,14.2851,2.264
15127,7/5/2026 3:15,15.2577,69.793,14.2845,2.249
15128,7/5/2026 3:30,15.2522,69.622,14.2845,2.237
15129,7/5/2026 3:45,15.2487,69.622,14.2853,2.227
15130,7/5/2026 4:00,15.2401,69.622,14.2853,2.207
15131,7/5/2026 4:15,15.2346,69.449,14.2848,2.195
15132,7/5/2026 4:30,15.2261,69.449,14.2864,2.172
15133,7/5/2026 4:45,15.2226,69.449,14.2858,2.165
15134,7/5/2026 5:00,15.2171,69.278,14.2851,2.154
15135,7/5/2026 5:15,15.2136,69.278,14.2851,2.146
15136,7/5/2026 5:30,15.2103,69.278,14.2875,2.133
15137,7/5/2026 5:45,15.2068,69.278,14.2875,2.125
15138,7/5/2026 6:00,15.2068,69.278,14.2932,2.111
15139,7/5/2026 6:15,15.2046,69.107,14.2946,2.103
15140,7/5/2026 6:30,15.1995,69.107,14.2977,2.084
15141,7/5/2026 6:45,15.1995,69.107,14.2983,2.083
15142,7/5/2026 7:00,15.1995,69.107,14.3014,2.076
15143,7/5/2026 7:15,15.1944,69.107,14.3057,2.054
15144,7/5/2026 7:30,15.1927,69.107,14.3062,2.049
15145,7/5/2026 7:45,15.1927,69.107,14.3075,2.046
15146,7/5/2026 8:00,15.1927,69.107,14.3093,2.042
15147,7/5/2026 8:15,15.1892,69.107,14.3112,2.029
15148,7/5/2026 8:30,15.1897,69.278,14.3099,2.033
15149,7/5/2026 8:45,15.1863,69.278,14.3109,2.023
15150,7/5/2026 9:00,15.1828,69.278,14.312,2.013
15151,7/5/2026 9:15,15.1782,69.449,14.312,2.002
15152,7/5/2026 9:30,15.1749,69.449,14.3117,1.995
15153,7/5/2026 9:45,15.1702,69.622,14.3158,1.975
15154,7/5/2026 10:00,15.1654,69.793,14.317,1.961
15155,7/5/2026 10:15,15.1638,69.793,14.3136,1.965
15156,7/5/2026 10:30,15.1643,69.964,14.3161,1.96
15157,7/5/2026 10:45,15.1612,70.137,14.3161,1.953
15158,7/5/2026 11:00,15.1638,70.48,14.3168,1.958
15159,7/5/2026 11:15,15.166,70.651,14.3158,1.965
15160,7/5/2026 11:30,15.1682,70.824,14.313,1.977
15161,7/5/2026 11:45,15.1704,70.995,14.3097,1.99
15162,7/5/2026 12:00,15.1675,71.168,14.311,1.98
15163,7/5/2026 12:15,15.1765,71.339,14.3091,2.005
15164,7/5/2026 12:30,15.1791,71.683,14.308,2.014
15165,7/5/2026 12:45,15.183,71.856,14.3032,2.034
15166,7/5/2026 13:00,15.1788,72.199,14.3029,2.025
15167,7/5/2026 13:15,15.1746,72.545,14.3039,2.013
15168,7/5/2026 13:30,15.1733,72.718,14.3041,2.01
15169,7/5/2026 13:45,15.1721,72.891,14.3029,2.01
15170,7/5/2026 14:00,15.1675,73.062,14.301,2.003
15171,7/5/2026 14:15,15.1627,73.234,14.3009,1.993
15172,7/5/2026 14:30,15.158,73.407,14.3006,1.983
15173,7/5/2026 14:45,15.1534,73.58,14.2981,1.978
15174,7/5/2026 15:00,15.1466,73.58,14.298,1.962
15175,7/5/2026 15:15,15.147,73.753,14.2961,1.968
15176,7/5/2026 15:30,15.1459,73.926,14.2977,1.961
15177,7/5/2026 15:45,15.1424,73.926,14.2938,1.962
15178,7/5/2026 16:00,15.1424,73.926,14.2935,1.963
15179,7/5/2026 16:15,15.1402,73.753,14.2896,1.967
15180,7/5/2026 16:30,15.1402,73.753,14.2917,1.962
15181,7/5/2026 16:45,15.1363,73.58,14.2887,1.96
15182,7/5/2026 17:00,15.1325,73.407,14.2901,1.948
15183,7/5/2026 17:15,15.1341,73.407,14.293,1.945
15184,7/5/2026 17:30,15.1337,73.234,14.2969,1.935
15185,7/5/2026 17:45,15.1319,73.234,14.2969,1.931
15186,7/5/2026 18:00,15.1264,73.062,14.294,1.925
15187,7/5/2026 18:15,15.1242,72.891,14.2965,1.914
15188,7/5/2026 18:30,15.1225,72.891,14.2927,1.919
15189,7/5/2026 18:45,15.1186,72.718,14.298,1.897
15190,7/5/2026 19:00,15.1186,72.718,14.2988,1.895
15191,7/5/2026 19:15,15.1199,72.545,14.3014,1.892
15192,7/5/2026 19:30,15.1212,72.372,14.3025,1.893
15193,7/5/2026 19:45,15.1206,72.199,14.3058,1.884
15194,7/5/2026 20:00,15.1173,72.199,14.3028,1.883
15195,7/5/2026 20:15,15.1186,72.028,14.3036,1.884
15196,7/5/2026 20:30,15.1164,71.856,14.3071,1.871
15197,7/5/2026 20:45,15.1147,71.856,14.3072,1.867
15198,7/5/2026 21:00,15.1211,71.683,14.307,1.882
15199,7/5/2026 21:15,15.1206,71.512,14.3088,1.877
15200,7/5/2026 21:30,15.12,71.339,14.3075,1.878
15201,7/5/2026 21:45,15.12,71.339,14.3094,1.874
15202,7/5/2026 22:00,15.1213,71.168,14.3122,1.871
15203,7/5/2026 22:15,15.1231,71.168,14.313,1.873
15204,7/5/2026 22:30,15.1209,70.995,14.3148,1.863
15205,7/5/2026 22:45,15.1226,70.995,14.3142,1.869
15206,7/5/2026 23:00,15.1187,70.824,14.309,1.872
15207,7/5/2026 23:15,15.1205,70.824,14.3115,1.87
15208,7/5/2026 23:30,15.1187,70.824,14.3109,1.867
15209,7/5/2026 23:45,15.1148,70.651,14.3071,1.867
15210,7/6/2026 0:00,15.1115,70.651,14.3081,1.857
15211,7/6/2026 0:15,15.1076,70.48,14.3022,1.862
15212,7/6/2026 0:30,15.1025,70.48,14.3016,1.851
15213,7/6/2026 0:45,15.1007,70.48,14.2994,1.852
15214,7/6/2026 1:00,15.0957,70.48,14.298,1.844
15215,7/6/2026 1:15,15.0968,70.308,14.2958,1.852
15216,7/6/2026 1:30,15.0935,70.308,14.2974,1.84
15217,7/6/2026 1:45,15.09,70.308,14.2952,1.837
15218,7/6/2026 2:00,15.09,70.308,14.2946,1.838
15219,7/6/2026 2:15,15.0883,70.308,14.2939,1.836
15220,7/6/2026 2:30,15.0845,70.137,14.2919,1.832
15221,7/6/2026 2:45,15.081,70.137,14.2881,1.833
15222,7/6/2026 3:00,15.0793,70.137,14.2875,1.83
15223,7/6/2026 3:15,15.0777,70.137,14.2869,1.828
15224,7/6/2026 3:30,15.0738,69.964,14.2864,1.82
15225,7/6/2026 3:45,15.0738,69.964,14.2864,1.82
15226,7/6/2026 4:00,15.0738,69.964,14.2878,1.817
15227,7/6/2026 4:15,15.0755,69.964,14.2888,1.818
15228,7/6/2026 4:30,15.072,69.964,14.2903,1.807
15229,7/6/2026 4:45,15.072,69.964,14.2913,1.805
15230,7/6/2026 5:00,15.0733,69.793,14.2913,1.808
15231,7/6/2026 5:15,15.0733,69.793,14.2943,1.8
15232,7/6/2026 5:30,15.0751,69.793,14.2952,1.803
15233,7/6/2026 5:45,15.0733,69.793,14.2999,1.788
15234,7/6/2026 6:00,15.0716,69.793,14.3023,1.778
15235,7/6/2026 6:15,15.0733,69.793,14.3017,1.783
15236,7/6/2026 6:30,15.0729,69.622,14.3026,1.78
15237,7/6/2026 6:45,15.0745,69.622,14.3072,1.773
15238,7/6/2026 7:00,15.0712,69.622,14.3097,1.76
15239,7/6/2026 7:15,15.0729,69.622,14.3097,1.764
15240,7/6/2026 7:30,15.0712,69.622,14.3087,1.762
15241,7/6/2026 7:45,15.0694,69.622,14.3093,1.757
15242,7/6/2026 8:00,15.078,69.622,14.3115,1.772
15243,7/6/2026 8:15,15.0797,69.622,14.3136,1.771
15244,7/6/2026 8:30,15.0852,69.793,14.3128,1.785
15245,7/6/2026 8:45,15.0852,69.793,14.3139,1.783
15246,7/6/2026 9:00,15.0852,69.793,14.3142,1.782
15247,7/6/2026 9:15,15.0841,69.964,14.3115,1.786
15248,7/6/2026 9:30,15.0857,69.964,14.3139,1.784
15249,7/6/2026 9:45,15.0845,70.137,14.312,1.785
15250,7/6/2026 10:00,15.0867,70.308,14.3109,1.793
15251,7/6/2026 10:15,15.0832,70.308,14.3151,1.775
15252,7/6/2026 10:30,15.0871,70.48,14.3155,1.784
15253,7/6/2026 10:45,15.0773,70.651,14.3136,1.765
15254,7/6/2026 11:00,15.0794,70.824,14.3122,1.774
15255,7/6/2026 11:15,15.0783,70.995,14.3091,1.778
15256,7/6/2026 11:30,15.0752,71.168,14.3099,1.769
15257,7/6/2026 11:45,15.0728,71.512,14.3099,1.764
15258,7/6/2026 12:00,15.0699,71.683,14.3091,1.759
15259,7/6/2026 12:15,15.0707,72.028,14.3096,1.76
15260,7/6/2026 12:30,15.0683,72.372,14.3055,1.764
15261,7/6/2026 12:45,15.0691,72.718,14.3046,1.768
15262,7/6/2026 13:00,15.0645,72.891,14.3026,1.762
15263,7/6/2026 13:15,15.0654,73.234,14.3014,1.766
15264,7/6/2026 13:30,15.0642,73.407,14.3023,1.762
15265,7/6/2026 13:45,15.0633,73.753,14.3014,1.762
15266,7/6/2026 14:00,15.0604,73.926,14.299,1.761
15267,7/6/2026 14:15,15.0591,74.098,14.3012,1.753
15268,7/6/2026 14:30,15.058,74.271,14.2985,1.756
15269,7/6/2026 14:45,15.0567,74.446,14.298,1.755
15270,7/6/2026 15:00,15.0516,74.446,14.293,1.754
15271,7/6/2026 15:15,15.0452,74.619,14.2938,1.738
15272,7/6/2026 15:30,15.0456,74.791,14.293,1.741
15273,7/6/2026 15:45,15.0423,74.791,14.293,1.733
15274,7/6/2026 16:00,15.0406,74.791,14.2942,1.726
15275,7/6/2026 16:15,15.0349,74.619,14.294,1.713
15276,7/6/2026 16:30,15.0366,74.619,14.2936,1.718
15277,7/6/2026 16:45,15.0316,74.619,14.292,1.71
15278,7/6/2026 17:00,15.0298,74.619,14.2913,1.708
15279,7/6/2026 17:15,15.0263,74.619,14.29,1.703
15280,7/6/2026 17:30,15.023,74.619,14.291,1.693
15281,7/6/2026 17:45,15.0208,74.446,14.2911,1.688
15282,7/6/2026 18:00,15.0174,74.446,14.293,1.675
15283,7/6/2026 18:15,15.0191,74.446,14.2917,1.682
15284,7/6/2026 18:30,15.0158,74.446,14.2951,1.667
15285,7/6/2026 18:45,15.0174,74.446,14.2954,1.67
15286,7/6/2026 19:00,15.0187,74.271,14.2965,1.67
15287,7/6/2026 19:15,15.0169,74.271,14.2987,1.661
15288,7/6/2026 19:30,15.0237,74.271,14.2965,1.682
15289,7/6/2026 19:45,15.0233,74.098,14.2971,1.679
15290,7/6/2026 20:00,15.0268,74.098,14.3007,1.679
15291,7/6/2026 20:15,15.0268,74.098,14.3007,1.679
15292,7/6/2026 20:30,15.0262,73.926,14.3001,1.679
15293,7/6/2026 20:45,15.0314,73.926,14.301,1.689
15294,7/6/2026 21:00,15.0326,73.753,14.302,1.689
15295,7/6/2026 21:15,15.0308,73.753,14.3013,1.687
15296,7/6/2026 21:30,15.0361,73.753,14.3038,1.693
15297,7/6/2026 21:45,15.0356,73.58,14.3016,1.697
15298,7/6/2026 22:00,15.0407,73.58,14.3035,1.705
15299,7/6/2026 22:15,15.0493,73.58,14.3051,1.721
15300,7/6/2026 22:30,15.0607,73.407,14.3043,1.749
15301,7/6/2026 22:45,15.071,73.407,14.3022,1.778
15302,7/6/2026 23:00,15.0825,73.234,14.3046,1.799
15303,7/6/2026 23:15,15.086,73.234,14.3041,1.808
15304,7/6/2026 23:30,15.0889,73.062,14.3026,1.818
15305,7/6/2026 23:45,15.0935,72.891,14.3004,1.834
15306,7/7/2026 0:00,15.0986,72.891,14.2977,1.852
15307,7/7/2026 0:15,15.1102,72.718,14.2925,1.891
15308,7/7/2026 0:30,15.1592,72.545,14.2919,2.005
15309,7/7/2026 0:45,15.2031,72.372,14.2867,2.119
15310,7/7/2026 1:00,15.2261,72.028,14.2906,2.163
15311,7/7/2026 1:15,15.2406,71.683,14.2869,2.205
15312,7/7/2026 1:30,15.2498,71.339,14.2878,2.224
15313,7/7/2026 1:45,15.2545,71.168,14.2856,2.24
15314,7/7/2026 2:00,15.2519,70.824,14.2867,2.231
15315,7/7/2026 2:15,15.2532,70.651,14.2861,2.236
15316,7/7/2026 2:30,15.2596,70.48,14.2848,2.253
15317,7/7/2026 2:45,15.2715,70.48,14.2872,2.275
15318,7/7/2026 3:00,15.271,70.308,14.2826,2.285
15319,7/7/2026 3:15,15.2688,70.137,14.282,2.281
15320,7/7/2026 3:30,15.2688,70.137,14.2851,2.274
15321,7/7/2026 3:45,15.2752,69.964,14.2836,2.292
15322,7/7/2026 4:00,15.2786,69.964,14.2845,2.298
15323,7/7/2026 4:15,15.2799,69.793,14.2845,2.301
15324,7/7/2026 4:30,15.2799,69.793,14.283,2.304
15325,7/7/2026 4:45,15.2812,69.622,14.2869,2.298
15326,7/7/2026 5:00,15.2744,69.622,14.2869,2.282
15327,7/7/2026 5:15,15.2726,69.622,14.2839,2.285
15328,7/7/2026 5:30,15.2636,69.449,14.2869,2.257
15329,7/7/2026 5:45,15.2601,69.449,14.29,2.242
15330,7/7/2026 6:00,15.2516,69.449,14.2855,2.233
15331,7/7/2026 6:15,15.2483,69.449,14.2925,2.209
15332,7/7/2026 6:30,15.2516,69.449,14.2932,2.215
15333,7/7/2026 6:45,15.2432,69.449,14.2977,2.185
15334,7/7/2026 7:00,15.238,69.449,14.2952,2.179
15335,7/7/2026 7:15,15.2362,69.449,14.2996,2.165
15336,7/7/2026 7:30,15.238,69.449,14.3001,2.167
15337,7/7/2026 7:45,15.2346,69.449,14.3013,2.157
15338,7/7/2026 8:00,15.2362,69.449,14.2996,2.165
15339,7/7/2026 8:15,15.238,69.449,14.3023,2.162
15340,7/7/2026 8:30,15.2351,69.622,14.3035,2.153
15341,7/7/2026 8:45,15.2384,69.622,14.3016,2.165
15342,7/7/2026 9:00,15.2401,69.622,14.3043,2.163
15343,7/7/2026 9:15,15.2406,69.793,14.3019,2.17
15344,7/7/2026 9:30,15.2372,69.793,14.3032,2.159
15345,7/7/2026 9:45,15.2394,69.964,14.3059,2.158
15346,7/7/2026 10:00,15.2359,69.964,14.3019,2.159
15347,7/7/2026 10:15,15.2364,70.137,14.3046,2.154
15348,7/7/2026 10:30,15.2352,70.308,14.3013,2.159
15349,7/7/2026 10:45,15.2335,70.308,14.3026,2.152
15350,7/7/2026 11:00,15.2356,70.48,14.3007,2.161
15351,7/7/2026 11:15,15.2374,70.48,14.302,2.162
15352,7/7/2026 11:30,15.2396,70.651,14.3017,2.168
15353,7/7/2026 11:45,15.2438,70.995,14.3014,2.178
15354,7/7/2026 12:00,15.2391,71.168,14.2971,2.178
15355,7/7/2026 12:15,15.2396,71.339,14.299,2.174
15356,7/7/2026 12:30,15.2384,71.512,14.2969,2.176
15357,7/7/2026 12:45,15.2427,71.856,14.2994,2.181
15358,7/7/2026 13:00,15.2483,72.028,14.3004,2.191
15359,7/7/2026 13:15,15.2526,72.372,14.2975,2.208
15360,7/7/2026 13:30,15.2548,72.545,14.2969,2.215
15361,7/7/2026 13:45,15.2604,72.718,14.2996,2.222
15362,7/7/2026 14:00,15.2655,72.718,14.299,2.235
15363,7/7/2026 14:15,15.2706,72.718,14.2948,2.256
15364,7/7/2026 14:30,15.2774,72.718,14.2961,2.269
15365,7/7/2026 14:45,15.2809,72.718,14.2943,2.281
15366,7/7/2026 15:00,15.2855,72.545,14.2935,2.294
15367,7/7/2026 15:15,15.2855,72.545,14.2927,2.295
15368,7/7/2026 15:30,15.2941,72.545,14.2913,2.319
15369,7/7/2026 15:45,15.3055,72.372,14.2927,2.342
15370,7/7/2026 16:00,15.3086,72.199,14.2914,2.352
15371,7/7/2026 16:15,15.3234,72.028,14.2926,2.383
15372,7/7/2026 16:30,15.3388,72.028,14.2913,2.422
15373,7/7/2026 16:45,15.3588,71.856,14.2911,2.468
15374,7/7/2026 17:00,15.384,71.683,14.2909,2.527
15375,7/7/2026 17:15,15.3886,71.512,14.2906,2.539
15376,7/7/2026 17:30,15.419,71.339,14.2904,2.609
15377,7/7/2026 17:45,15.4274,71.339,14.291,2.627
15378,7/7/2026 18:00,15.4287,71.168,14.2913,2.629
15379,7/7/2026 18:15,15.4401,70.995,14.2938,2.65
15380,7/7/2026 18:30,15.4419,70.995,14.2956,2.65
15381,7/7/2026 18:45,15.4551,70.824,14.2971,2.677
15382,7/7/2026 19:00,15.4615,70.651,14.3007,2.683
15383,7/7/2026 19:15,15.4683,70.651,14.3036,2.692
15384,7/7/2026 19:30,15.4626,70.48,14.302,2.683
15385,7/7/2026 19:45,15.4575,70.48,14.3019,2.671
15386,7/7/2026 20:00,15.4588,70.308,14.3039,2.67
15387,7/7/2026 20:15,15.4622,70.308,14.303,2.679
15388,7/7/2026 20:30,15.4583,70.137,14.3051,2.665
15389,7/7/2026 20:45,15.4652,70.137,14.3048,2.682
15390,7/7/2026 21:00,15.4686,70.137,14.3065,2.686
15391,7/7/2026 21:15,15.4646,69.964,14.3084,2.672
15392,7/7/2026 21:30,15.4699,69.964,14.3087,2.684
15393,7/7/2026 21:45,15.4784,69.964,14.309,2.703
15394,7/7/2026 22:00,15.4778,69.793,14.3099,2.7
15395,7/7/2026 22:15,15.4916,69.793,14.3103,2.73
15396,7/7/2026 22:30,15.5018,69.793,14.3126,2.749
15397,7/7/2026 22:45,15.5218,69.622,14.3099,2.801
15398,7/7/2026 23:00,15.5354,69.622,14.3081,2.837
15399,7/7/2026 23:15,15.5457,69.622,14.3054,2.867
15400,7/7/2026 23:30,15.5607,69.449,14.3016,2.91
15401,7/7/2026 23:45,15.5657,69.449,14.2994,2.927
15402,7/8/2026 0:00,15.5624,69.449,14.2988,2.92
15403,7/8/2026 0:15,15.584,69.278,14.3013,2.965
15404,7/8/2026 0:30,15.5807,69.278,14.2977,2.965
15405,7/8/2026 0:45,15.584,69.278,14.2985,2.971
15406,7/8/2026 1:00,15.5939,69.107,14.2949,3.002
15407,7/8/2026 1:15,15.6024,69.107,14.2913,3.03
15408,7/8/2026 1:30,15.6036,68.934,14.2927,3.029
15409,7/8/2026 1:45,15.6036,68.934,14.2906,3.034
15410,7/8/2026 2:00,15.59,68.934,14.29,3.004
15411,7/8/2026 2:15,15.5968,68.934,14.2864,3.028
15412,7/8/2026 2:30,15.5917,68.934,14.2864,3.017
15413,7/8/2026 2:45,15.5849,68.934,14.2894,2.994
15414,7/8/2026 3:00,15.5775,68.763,14.2888,2.978
15415,7/8/2026 3:15,15.5639,68.763,14.2872,2.95
15416,7/8/2026 3:30,15.5627,68.934,14.2867,2.949
15417,7/8/2026 3:45,15.5469,68.763,14.2836,2.919
15418,7/8/2026 4:00,15.5331,68.763,14.2814,2.893
15419,7/8/2026 4:15,15.5366,68.763,14.2861,2.89
15420,7/8/2026 4:30,15.523,68.763,14.2891,2.851
15421,7/8/2026 4:45,15.5109,68.763,14.2885,2.825
15422,7/8/2026 5:00,15.4957,68.763,14.2916,2.783
15423,7/8/2026 5:15,15.4803,68.763,14.291,2.749
15424,7/8/2026 5:30,15.4764,68.592,14.2935,2.734
15425,7/8/2026 5:45,15.4729,68.592,14.2935,2.726
15426,7/8/2026 6:00,15.4713,68.592,14.2959,2.716
15427,7/8/2026 6:15,15.4696,68.592,14.2999,2.703
15428,7/8/2026 6:30,15.4691,68.421,14.2999,2.702
15429,7/8/2026 6:45,15.4707,68.421,14.3023,2.7
15430,7/8/2026 7:00,15.4725,68.421,14.3029,2.703
15431,7/8/2026 7:15,15.4639,68.421,14.3081,2.671
15432,7/8/2026 7:30,15.4584,68.248,14.3119,2.649
15433,7/8/2026 7:45,15.4567,68.248,14.3094,2.651
15434,7/8/2026 8:00,15.4499,68.248,14.3081,2.638
15435,7/8/2026 8:15,15.4448,68.248,14.312,2.618
15436,7/8/2026 8:30,15.4281,68.421,14.3109,2.582
15437,7/8/2026 8:45,15.4264,68.421,14.3117,2.576
15438,7/8/2026 9:00,15.4217,68.592,14.312,2.564
15439,7/8/2026 9:15,15.4081,68.592,14.3123,2.532
15440,7/8/2026 9:30,15.4034,68.763,14.3117,2.523
15441,7/8/2026 9:45,15.4039,68.934,14.3158,2.515
15442,7/8/2026 10:00,15.3873,69.107,14.3167,2.474
15443,7/8/2026 10:15,15.386,69.278,14.3146,2.476
15444,7/8/2026 10:30,15.3814,69.449,14.318,2.458
15445,7/8/2026 10:45,15.3737,69.793,14.3158,2.445
15446,7/8/2026 11:00,15.3708,69.964,14.3177,2.434
15447,7/8/2026 11:15,15.3644,70.137,14.3157,2.424
15448,7/8/2026 11:30,15.3534,70.48,14.3129,2.405
15449,7/8/2026 11:45,15.347,70.651,14.3132,2.39
15450,7/8/2026 12:00,15.3428,70.995,14.3112,2.385
15451,7/8/2026 12:15,15.3263,71.168,14.3109,2.347
15452,7/8/2026 12:30,15.3216,71.339,14.3086,2.342
15453,7/8/2026 12:45,15.3135,71.512,14.3087,2.323
15454,7/8/2026 13:00,15.3037,71.683,14.3094,2.299
15455,7/8/2026 13:15,15.299,71.856,14.3103,2.286
15456,7/8/2026 13:30,15.2926,72.028,14.3086,2.275
15457,7/8/2026 13:45,15.2876,72.028,14.3058,2.27
15458,7/8/2026 14:00,15.2794,72.199,14.309,2.244
15459,7/8/2026 14:15,15.2794,72.199,14.3065,2.249
15460,7/8/2026 14:30,15.2693,72.199,14.3052,2.229
15461,7/8/2026 14:45,15.2646,72.372,14.3026,2.224
15462,7/8/2026 15:00,15.2583,72.545,14.3009,2.214
15463,7/8/2026 15:15,15.2565,72.545,14.3003,2.211
15464,7/8/2026 15:30,15.253,72.545,14.2965,2.212
15465,7/8/2026 15:45,15.2629,72.372,14.2977,2.232
15466,7/8/2026 16:00,15.2662,72.372,14.2994,2.235
15467,7/8/2026 16:15,15.2658,72.199,14.2951,2.244
15468,7/8/2026 16:30,15.2625,72.199,14.2943,2.238
15469,7/8/2026 16:45,15.2619,72.028,14.2949,2.236
15470,7/8/2026 17:00,15.2671,72.028,14.2916,2.255
15471,7/8/2026 17:15,15.2683,71.856,14.2875,2.267
15472,7/8/2026 17:30,15.2683,71.856,14.2864,2.27
15473,7/8/2026 17:45,15.2849,71.683,14.2881,2.305
15474,7/8/2026 18:00,15.2896,71.512,14.2909,2.309
15475,7/8/2026 18:15,15.31,71.512,14.2897,2.359
15476,7/8/2026 18:30,15.3369,71.339,14.2922,2.415
15477,7/8/2026 18:45,15.4133,71.168,14.2925,2.591
15478,7/8/2026 19:00,15.4675,70.995,14.2933,2.714
15479,7/8/2026 19:15,15.5085,70.995,14.2974,2.8
15480,7/8/2026 19:30,15.5643,70.824,14.2949,2.934
15481,7/8/2026 19:45,15.5678,70.824,14.2985,2.934
15482,7/8/2026 20:00,15.6032,70.651,14.2991,3.014
15483,7/8/2026 20:15,15.6236,70.651,14.3007,3.058
15484,7/8/2026 20:30,15.6544,70.651,14.3038,3.122
15485,7/8/2026 20:45,15.68,70.651,14.3046,3.179
15486,7/8/2026 21:00,15.6983,70.48,14.3046,3.221
15487,7/8/2026 21:15,15.7324,70.48,14.3078,3.293
15488,7/8/2026 21:30,15.7666,70.48,14.3087,3.37
15489,7/8/2026 21:45,15.8122,70.308,14.3117,3.468
15490,7/8/2026 22:00,15.8343,70.308,14.3126,3.517
15491,7/8/2026 22:15,15.8497,70.308,14.3136,3.551
15492,7/8/2026 22:30,15.8561,70.137,14.3145,3.563
15493,7/8/2026 22:45,15.8596,70.137,14.317,3.566
15494,7/8/2026 23:00,15.8407,70.137,14.3164,3.523
15495,7/8/2026 23:15,15.8607,69.964,14.3164,3.57
15496,7/8/2026 23:30,15.8146,69.964,14.3158,3.464
15497,7/8/2026 23:45,15.8262,69.793,14.3167,3.489
15498,7/9/2026 0:00,15.8177,69.793,14.3136,3.476
15499,7/9/2026 0:15,15.7903,69.793,14.3099,3.422
15500,7/9/2026 0:30,15.7847,69.622,14.313,3.401
15501,7/9/2026 0:45,15.7659,69.622,14.3109,3.363
15502,7/9/2026 1:00,15.7626,69.622,14.3093,3.359
15503,7/9/2026 1:15,15.7351,69.622,14.3057,3.304
15504,7/9/2026 1:30,15.7024,69.449,14.3035,3.233
15505,7/9/2026 1:45,15.6818,69.449,14.3035,3.186
15506,7/9/2026 2:00,15.6613,69.449,14.2983,3.15
15507,7/9/2026 2:15,15.6613,69.449,14.2999,3.147
15508,7/9/2026 2:30,15.6306,69.449,14.2993,3.077
15509,7/9/2026 2:45,15.6169,69.449,14.2985,3.047
15510,7/9/2026 3:00,15.6084,69.449,14.2985,3.027
15511,7/9/2026 3:15,15.5879,69.449,14.3001,2.976
15512,7/9/2026 3:30,15.5772,69.278,14.2965,2.96
15513,7/9/2026 3:45,15.5602,69.278,14.2933,2.928
15514,7/9/2026 4:00,15.5482,69.278,14.2933,2.9
15515,7/9/2026 4:15,15.5328,69.278,14.2974,2.855
15516,7/9/2026 4:30,15.5205,69.107,14.2968,2.828
15517,7/9/2026 4:45,15.517,69.107,14.2983,2.817
15518,7/9/2026 5:00,15.5067,69.107,14.3014,2.785
15519,7/9/2026 5:15,15.4983,69.107,14.3039,2.76
15520,7/9/2026 5:30,15.4966,69.107,14.3054,2.753
15521,7/9/2026 5:45,15.4841,68.934,14.3084,2.717
15522,7/9/2026 6:00,15.4773,68.934,14.3109,2.696
15523,7/9/2026 6:15,15.4705,68.934,14.3125,2.676
15524,7/9/2026 6:30,15.4586,68.934,14.3155,2.642
15525,7/9/2026 6:45,15.4586,68.934,14.3177,2.637
15526,7/9/2026 7:00,15.4487,69.107,14.3229,2.602
15527,7/9/2026 7:15,15.4401,69.107,14.3249,2.577
15528,7/9/2026 7:30,15.4385,69.107,14.3247,2.574
15529,7/9/2026 7:45,15.4304,69.278,14.3244,2.556
15530,7/9/2026 8:00,15.4236,69.278,14.3255,2.538
15531,7/9/2026 8:15,15.4201,69.278,14.3268,2.527
15532,7/9/2026 8:30,15.419,69.449,14.3255,2.527
15533,7/9/2026 8:45,15.4155,69.449,14.3315,2.505
15534,7/9/2026 9:00,15.4229,69.622,14.331,2.524
15535,7/9/2026 9:15,15.4262,69.622,14.3338,2.525
15536,7/9/2026 9:30,15.4301,69.793,14.3367,2.527
15537,7/9/2026 9:45,15.4352,69.793,14.3379,2.536
15538,7/9/2026 10:00,15.434,69.964,14.337,2.536
15539,7/9/2026 10:15,15.4459,69.964,14.3367,2.564
15540,7/9/2026 10:30,15.4732,69.964,14.3379,2.624
15541,7/9/2026 10:45,15.5215,70.137,14.3361,2.74
15542,7/9/2026 11:00,15.5641,70.137,14.3348,2.841
15543,7/9/2026 11:15,15.5847,70.137,14.3339,2.891
15544,7/9/2026 11:30,15.6048,69.964,14.3323,2.941
15545,7/9/2026 11:45,15.6285,69.964,14.3306,3
15546,7/9/2026 12:00,15.6423,69.964,14.3312,3.03
15547,7/9/2026 12:15,15.6764,69.964,14.3265,3.12
15548,7/9/2026 12:30,15.7003,69.964,14.3276,3.173
15549,7/9/2026 12:45,15.7157,69.964,14.33,3.203
15550,7/9/2026 13:00,15.7656,70.137,14.33,3.318
15551,7/9/2026 13:15,15.81,70.137,14.3268,3.428
15552,7/9/2026 13:30,15.86,70.308,14.3238,3.551
15553,7/9/2026 13:45,15.8958,70.308,14.3191,3.644
15554,7/9/2026 14:00,15.9646,70.48,14.3177,3.807
15555,7/9/2026 14:15,16.0197,70.651,14.3183,3.933
15556,7/9/2026 14:30,16.01,70.824,14.3144,3.92
15557,7/9/2026 14:45,16.0748,70.824,14.3158,4.066
15558,7/9/2026 15:00,16.0834,70.824,14.3152,4.087
15559,7/9/2026 15:15,16.077,70.995,14.313,4.078
15560,7/9/2026 15:30,16.048,70.995,14.3139,4.009
15561,7/9/2026 15:45,16.0383,71.168,14.3133,3.988
15562,7/9/2026 16:00,16.0143,71.168,14.3142,3.93
15563,7/9/2026 16:15,15.9836,71.168,14.3136,3.86
15564,7/9/2026 16:30,16.004,71.168,14.3136,3.908
15565,7/9/2026 16:45,15.9711,70.995,14.3122,3.835
15566,7/9/2026 17:00,15.9746,70.995,14.309,3.85
15567,7/9/2026 17:15,15.9797,70.995,14.3075,3.865
15568,7/9/2026 17:30,16.0407,70.824,14.3125,3.995
15569,7/9/2026 17:45,16.0748,70.824,14.3148,4.068
15570,7/9/2026 18:00,16.0509,70.824,14.3151,4.012
15571,7/9/2026 18:15,16.068,70.824,14.3161,4.05
15572,7/9/2026 18:30,16.0748,70.824,14.3186,4.06
15573,7/9/2026 18:45,16.0219,70.824,14.3173,3.94
15574,7/9/2026 19:00,16.0544,70.824,14.3183,4.013
15575,7/9/2026 19:15,16.0185,70.824,14.3161,3.935
15576,7/9/2026 19:30,16.0577,70.824,14.32,4.017
15577,7/9/2026 19:45,16.0709,70.651,14.3216,4.044
15578,7/9/2026 20:00,16.0164,70.651,14.3241,3.912
15579,7/9/2026 20:15,16.0265,70.651,14.3265,3.93
15580,7/9/2026 20:30,16.0112,70.651,14.3249,3.898
15581,7/9/2026 20:45,15.9953,70.48,14.3258,3.859
15582,7/9/2026 21:00,15.9698,70.48,14.329,3.793
15583,7/9/2026 21:15,15.9459,70.48,14.3268,3.742
15584,7/9/2026 21:30,15.9782,70.48,14.3283,3.814
15585,7/9/2026 21:45,15.9385,70.308,14.3315,3.715
15586,7/9/2026 22:00,15.947,70.308,14.3315,3.734
15587,7/9/2026 22:15,15.9283,70.308,14.3329,3.688
15588,7/9/2026 22:30,15.9453,70.308,14.3329,3.727
15589,7/9/2026 22:45,15.9279,70.137,14.3315,3.69
15590,7/9/2026 23:00,15.9415,70.137,14.3345,3.714
15591,7/9/2026 23:15,15.9279,70.137,14.3323,3.688
15592,7/9/2026 23:30,15.9381,70.137,14.3277,3.722
15593,7/9/2026 23:45,15.9034,69.964,14.3293,3.638
15594,7/10/2026 0:00,15.8898,69.964,14.3262,3.614
15595,7/10/2026 0:15,15.8847,69.964,14.3194,3.618
15596,7/10/2026 0:30,15.8728,69.964,14.3194,3.59
15597,7/10/2026 0:45,15.8728,69.964,14.3164,3.597
15598,7/10/2026 1:00,15.8774,69.793,14.3133,3.615
15599,7/10/2026 1:15,15.886,69.793,14.3117,3.639
15600,7/10/2026 1:30,15.8586,69.793,14.3103,3.579
15601,7/10/2026 1:45,15.886,69.793,14.3065,3.651
15602,7/10/2026 2:00,15.8496,69.622,14.3035,3.573
15603,7/10/2026 2:15,15.865,69.622,14.3051,3.605
15604,7/10/2026 2:30,15.8462,69.622,14.3051,3.562
15605,7/10/2026 2:45,15.8496,69.622,14.3019,3.577
15606,7/10/2026 3:00,15.8581,69.622,14.3051,3.59
15607,7/10/2026 3:15,15.8478,69.622,14.3035,3.569
15608,7/10/2026 3:30,15.8735,69.622,14.3013,3.634
15609,7/10/2026 3:45,15.8581,69.622,14.3029,3.595
15610,7/10/2026 4:00,15.8547,69.622,14.3013,3.59
15611,7/10/2026 4:15,15.8747,69.449,14.3029,3.633
15612,7/10/2026 4:30,15.8832,69.449,14.3054,3.647
15613,7/10/2026 4:45,15.8731,69.449,14.3084,3.616
15614,7/10/2026 5:00,15.89,69.449,14.3109,3.65
15615,7/10/2026 5:15,15.8884,69.449,14.3109,3.646
15616,7/10/2026 5:30,15.8674,69.278,14.3117,3.595
15617,7/10/2026 5:45,15.8725,69.278,14.3112,3.608
15618,7/10/2026 6:00,15.8725,69.278,14.3142,3.601
15619,7/10/2026 6:15,15.8692,69.278,14.312,3.599
15620,7/10/2026 6:30,15.847,69.278,14.3191,3.531
15621,7/10/2026 6:45,15.8606,69.278,14.3164,3.569
15622,7/10/2026 7:00,15.8333,69.278,14.3167,3.505
15623,7/10/2026 7:15,15.847,69.278,14.3197,3.53
15624,7/10/2026 7:30,15.8589,69.278,14.3225,3.551
15625,7/10/2026 7:45,15.8402,69.278,14.3213,3.51
15626,7/10/2026 8:00,15.8026,69.278,14.3247,3.416
15627,7/10/2026 8:15,15.8423,69.449,14.3265,3.503
15628,7/10/2026 8:30,15.8252,69.449,14.329,3.458
15629,7/10/2026 8:45,15.7962,69.449,14.3299,3.389
15630,7/10/2026 9:00,15.8103,69.622,14.3339,3.412
15631,7/10/2026 9:15,15.7847,69.622,14.3364,3.347
15632,7/10/2026 9:30,15.7865,69.622,14.3376,3.349
15633,7/10/2026 9:45,15.7597,69.793,14.341,3.279
15634,7/10/2026 10:00,15.7494,69.793,14.3408,3.256
15635,7/10/2026 10:15,15.7344,69.964,14.3419,3.219
15636,7/10/2026 10:30,15.7362,69.964,14.3416,3.223
15637,7/10/2026 10:45,15.7212,70.137,14.3392,3.194
15638,7/10/2026 11:00,15.7025,70.137,14.3413,3.146
15639,7/10/2026 11:15,15.6961,70.308,14.3396,3.136
15640,7/10/2026 11:30,15.6926,70.308,14.3371,3.133
15641,7/10/2026 11:45,15.6722,70.308,14.3368,3.087
15642,7/10/2026 12:00,15.6773,70.308,14.3354,3.102
15643,7/10/2026 12:15,15.6517,70.308,14.3329,3.048
15644,7/10/2026 12:30,15.6471,70.48,14.3299,3.045
15645,7/10/2026 12:45,15.6403,70.48,14.3283,3.033
15646,7/10/2026 13:00,15.6368,70.48,14.3242,3.034
15647,7/10/2026 13:15,15.6249,70.48,14.3255,3.004
15648,7/10/2026 13:30,15.6181,70.48,14.3178,3.006
15649,7/10/2026 13:45,15.6151,70.651,14.3203,2.993
15650,7/10/2026 14:00,15.6117,70.651,14.3178,2.991
15651,7/10/2026 14:15,15.6065,70.651,14.3186,2.977
15652,7/10/2026 14:30,15.5981,70.651,14.3115,2.974
15653,7/10/2026 14:45,15.5843,70.651,14.3145,2.935
15654,7/10/2026 15:00,15.5865,70.824,14.3101,2.95
15655,7/10/2026 15:15,15.5814,70.824,14.3112,2.936
15656,7/10/2026 15:30,15.5746,70.824,14.309,2.926
15657,7/10/2026 15:45,15.5831,70.824,14.303,2.959
15658,7/10/2026 16:00,15.5763,70.824,14.3042,2.941
15659,7/10/2026 16:15,15.5728,70.824,14.3036,2.934
15660,7/10/2026 16:30,15.5763,70.824,14.3009,2.948
15661,7/10/2026 16:45,15.5678,70.824,14.3012,2.928
15662,7/10/2026 17:00,15.5728,70.824,14.3014,2.939
15663,7/10/2026 17:15,15.5695,70.824,14.3039,2.926
15664,7/10/2026 17:30,15.5781,70.824,14.3026,2.948
15665,7/10/2026 17:45,15.5882,70.824,14.3013,2.975
15666,7/10/2026 18:00,15.5827,70.651,14.3068,2.949
15667,7/10/2026 18:15,15.5981,70.651,14.3041,2.991
15668,7/10/2026 18:30,15.61,70.651,14.3081,3.009
15669,7/10/2026 18:45,15.6082,70.651,14.3075,3.007
15670,7/10/2026 19:00,15.6287,70.651,14.3078,3.053
15671,7/10/2026 19:15,15.6647,70.651,14.3103,3.131
15672,7/10/2026 19:30,15.6829,70.48,14.3126,3.167
15673,7/10/2026 19:45,15.7016,70.48,14.3136,3.208
15674,7/10/2026 20:00,15.7085,70.48,14.3139,3.223
15675,7/10/2026 20:15,15.7188,70.48,14.3154,3.244
15676,7/10/2026 20:30,15.7512,70.48,14.3173,3.315
15677,7/10/2026 20:45,15.7563,70.48,14.3183,3.324
15678,7/10/2026 21:00,15.7734,70.48,14.3213,3.357
15679,7/10/2026 21:15,15.7763,70.308,14.3189,3.369
15680,7/10/2026 21:30,15.7832,70.308,14.3194,3.383
15681,7/10/2026 21:45,15.802,70.308,14.321,3.423
15682,7/10/2026 22:00,15.8036,70.308,14.3225,3.424
15683,7/10/2026 22:15,15.8258,70.308,14.3235,3.472
15684,7/10/2026 22:30,15.8378,70.308,14.3219,3.504
15685,7/10/2026 22:45,15.8396,70.308,14.3235,3.504
15686,7/10/2026 23:00,15.8464,70.308,14.3183,3.532
15687,7/10/2026 23:15,15.8458,70.137,14.3228,3.52
15688,7/10/2026 23:30,15.8458,70.137,14.3167,3.534
15689,7/10/2026 23:45,15.8168,70.137,14.3161,3.469
15690,7/11/2026 0:00,15.8578,70.137,14.3161,3.564
15691,7/11/2026 0:15,15.842,69.964,14.3145,3.531
15692,7/11/2026 0:30,15.8386,69.964,14.3109,3.531
15693,7/11/2026 0:45,15.8317,69.964,14.3109,3.515
15694,7/11/2026 1:00,15.8317,69.964,14.3062,3.526
15695,7/11/2026 1:15,15.8095,69.964,14.3057,3.476
15696,7/11/2026 1:30,15.8193,69.793,14.3026,3.505
15697,7/11/2026 1:45,15.8023,69.793,14.3026,3.466
15698,7/11/2026 2:00,15.8346,69.793,14.301,3.545
15699,7/11/2026 2:15,15.7971,69.793,14.301,3.458
15700,7/11/2026 2:30,15.7784,69.793,14.2949,3.429
15701,7/11/2026 2:45,15.792,69.793,14.2964,3.457
15702,7/11/2026 3:00,15.7544,69.793,14.2949,3.373
15703,7/11/2026 3:15,15.7869,69.793,14.2927,3.453
15704,7/11/2026 3:30,15.7579,69.793,14.2911,3.39
15705,7/11/2026 3:45,15.7562,69.793,14.2897,3.389
15706,7/11/2026 4:00,15.7527,69.793,14.2943,3.371
15707,7/11/2026 4:15,15.7101,69.793,14.2927,3.276
15708,7/11/2026 4:30,15.7562,69.793,14.2927,3.382
15709,7/11/2026 4:45,15.7408,69.793,14.2922,3.348
15710,7/11/2026 5:00,15.7169,69.793,14.2936,3.29
15711,7/11/2026 5:15,15.7459,69.793,14.2922,3.36
15712,7/11/2026 5:30,15.7335,69.622,14.293,3.329
15713,7/11/2026 5:45,15.7369,69.622,14.2977,3.326
15714,7/11/2026 6:00,15.7575,69.622,14.2977,3.374
15715,7/11/2026 6:15,15.7386,69.622,14.3016,3.321
15716,7/11/2026 6:30,15.7659,69.622,14.3032,3.381
15717,7/11/2026 6:45,15.7711,69.622,14.3068,3.384
15718,7/11/2026 7:00,15.7966,69.622,14.3068,3.443
15719,7/11/2026 7:15,15.8019,69.622,14.3099,3.448
15720,7/11/2026 7:30,15.7971,69.793,14.3136,3.429
15721,7/11/2026 7:45,15.7749,69.793,14.3158,3.372
15722,7/11/2026 8:00,15.8091,69.793,14.3178,3.447
15723,7/11/2026 8:15,15.7903,69.793,14.3145,3.411
15724,7/11/2026 8:30,15.7937,69.793,14.3183,3.41
15725,7/11/2026 8:45,15.7715,69.793,14.3178,3.36
15726,7/11/2026 9:00,15.7584,69.964,14.3145,3.337
15727,7/11/2026 9:15,15.7447,69.964,14.3178,3.298
15728,7/11/2026 9:30,15.7333,70.137,14.3167,3.274
15729,7/11/2026 9:45,15.7264,70.137,14.3148,3.263
15730,7/11/2026 10:00,15.7166,70.308,14.3125,3.246
15731,7/11/2026 10:15,15.6915,70.48,14.3152,3.181
15732,7/11/2026 10:30,15.6868,70.651,14.3146,3.172
15733,7/11/2026 10:45,15.6937,70.651,14.311,3.196
15734,7/11/2026 11:00,15.6719,70.824,14.3088,3.151
15735,7/11/2026 11:15,15.6558,71.168,14.3052,3.122
15736,7/11/2026 11:30,15.6409,71.339,14.3077,3.082
15737,7/11/2026 11:45,15.6409,71.339,14.3057,3.087
15738,7/11/2026 12:00,15.6191,71.512,14.303,3.042
15739,7/11/2026 12:15,15.6037,71.512,14.3009,3.012
15740,7/11/2026 12:30,15.5958,71.683,14.3029,2.989
15741,7/11/2026 12:45,15.5905,71.683,14.2974,2.99
15742,7/11/2026 13:00,15.5736,71.683,14.2977,2.95
15743,7/11/2026 13:15,15.5808,71.856,14.2929,2.978
15744,7/11/2026 13:30,15.5694,72.028,14.2907,2.956
15745,7/11/2026 13:45,15.5523,72.028,14.2898,2.919
15746,7/11/2026 14:00,15.5476,72.199,14.2861,2.917
15747,7/11/2026 14:15,15.5425,72.199,14.2861,2.905
15748,7/11/2026 14:30,15.5362,72.372,14.2848,2.893
15749,7/11/2026 14:45,15.5293,72.372,14.2784,2.892
15750,7/11/2026 15:00,15.5293,72.372,14.2793,2.89
15751,7/11/2026 15:15,15.5208,72.372,14.2787,2.872
15752,7/11/2026 15:30,15.5173,72.372,14.2804,2.86
15753,7/11/2026 15:45,15.514,72.372,14.2758,2.863
15754,7/11/2026 16:00,15.5083,72.199,14.2748,2.852
15755,7/11/2026 16:15,15.498,72.199,14.2717,2.835
15756,7/11/2026 16:30,15.4947,72.199,14.27,2.831
15757,7/11/2026 16:45,15.4929,72.199,14.2724,2.822
15758,7/11/2026 17:00,15.4947,72.199,14.2745,2.821
15759,7/11/2026 17:15,15.4844,72.199,14.2753,2.795
15760,7/11/2026 17:30,15.4844,72.199,14.278,2.789
15761,7/11/2026 17:45,15.4857,72.028,14.2798,2.788
15762,7/11/2026 18:00,15.4822,72.028,14.2772,2.786
15763,7/11/2026 18:15,15.4822,72.028,14.2833,2.772
15764,7/11/2026 18:30,15.4857,72.028,14.2848,2.776
15765,7/11/2026 18:45,15.4886,71.856,14.2858,2.781
15766,7/11/2026 19:00,15.48,71.856,14.2872,2.758
15767,7/11/2026 19:15,15.4783,71.856,14.2888,2.75
15768,7/11/2026 19:30,15.4761,71.683,14.2916,2.738
15769,7/11/2026 19:45,15.4881,71.683,14.2964,2.755
15770,7/11/2026 20:00,15.4847,71.683,14.2952,2.75
15771,7/11/2026 20:15,15.4831,71.683,14.2985,2.738
15772,7/11/2026 20:30,15.4809,71.512,14.3007,2.728
15773,7/11/2026 20:45,15.4792,71.512,14.2999,2.726
15774,7/11/2026 21:00,15.4774,71.512,14.302,2.717
15775,7/11/2026 21:15,15.486,71.512,14.3065,2.727
15776,7/11/2026 21:30,15.4877,71.512,14.3065,2.731
15777,7/11/2026 21:45,15.4906,71.339,14.3106,2.728
15778,7/11/2026 22:00,15.4974,71.339,14.312,2.74
15779,7/11/2026 22:15,15.4992,71.339,14.3099,2.749
15780,7/11/2026 22:30,15.4974,71.339,14.3123,2.74
15781,7/11/2026 22:45,15.5214,71.339,14.3139,2.791
15782,7/11/2026 23:00,15.5243,71.168,14.3117,2.803
15783,7/11/2026 23:15,15.5346,71.168,14.3112,2.828
15784,7/11/2026 23:30,15.5686,71.168,14.3142,2.9
15785,7/11/2026 23:45,15.6194,70.995,14.309,3.029
15786,7/12/2026 0:00,15.628,70.995,14.3099,3.047
15787,7/12/2026 0:15,15.6634,70.824,14.3099,3.129
15788,7/12/2026 0:30,15.6822,70.824,14.3046,3.184
15789,7/12/2026 0:45,15.7044,70.824,14.2994,3.248
15790,7/12/2026 1:00,15.7192,70.651,14.2974,3.287
15791,7/12/2026 1:15,15.7414,70.651,14.2958,3.342
15792,7/12/2026 1:30,15.7346,70.651,14.2999,3.316
15793,7/12/2026 1:45,15.7721,70.651,14.2983,3.407
15794,7/12/2026 2:00,15.7734,70.48,14.2977,3.411
15795,7/12/2026 2:15,15.811,70.48,14.2977,3.498
15796,7/12/2026 2:30,15.8143,70.48,14.2946,3.513
15797,7/12/2026 2:45,15.8349,70.48,14.2955,3.558
15798,7/12/2026 3:00,15.8464,70.308,14.2971,3.581
15799,7/12/2026 3:15,15.8855,70.308,14.2939,3.679
15800,7/12/2026 3:30,15.8941,70.308,14.2949,3.696
15801,7/12/2026 3:45,15.8993,70.308,14.2919,3.716
15802,7/12/2026 4:00,15.884,70.308,14.2949,3.673
15803,7/12/2026 4:15,15.8993,70.308,14.2964,3.705
15804,7/12/2026 4:30,15.8822,70.308,14.2949,3.669
15805,7/12/2026 4:45,15.9301,70.308,14.2958,3.778
15806,7/12/2026 5:00,15.9552,70.137,14.2958,3.835
15807,7/12/2026 5:15,15.9347,70.137,14.2958,3.788
15808,7/12/2026 5:30,15.9501,70.137,14.2958,3.824
15809,7/12/2026 5:45,15.9615,69.964,14.2983,3.844
15810,7/12/2026 6:00,15.9394,69.964,14.3013,3.786
15811,7/12/2026 6:15,15.941,69.964,14.3013,3.79
15812,7/12/2026 6:30,15.924,69.964,14.2983,3.758
15813,7/12/2026 6:45,15.9051,69.964,14.3043,3.7
15814,7/12/2026 7:00,15.8796,69.964,14.3029,3.644
15815,7/12/2026 7:15,15.8812,69.964,14.3029,3.648
15816,7/12/2026 7:30,15.8966,69.964,14.3051,3.679
15817,7/12/2026 7:45,15.8557,69.964,14.3035,3.588
15818,7/12/2026 8:00,15.8454,69.964,14.3046,3.561
15819,7/12/2026 8:15,15.8693,69.964,14.3029,3.621
15820,7/12/2026 8:30,15.8539,69.964,14.3057,3.579
15821,7/12/2026 8:45,15.8284,69.964,14.3054,3.52
15822,7/12/2026 9:00,15.83,69.964,14.3081,3.518
15823,7/12/2026 9:15,15.8078,69.964,14.3026,3.479
15824,7/12/2026 9:30,15.813,69.964,14.3023,3.492
15825,7/12/2026 9:45,15.7895,70.137,14.3035,3.435
15826,7/12/2026 10:00,15.7981,70.137,14.3032,3.455
15827,7/12/2026 10:15,15.7559,70.308,14.3045,3.355
15828,7/12/2026 10:30,15.7559,70.308,14.3048,3.354
15829,7/12/2026 10:45,15.7473,70.308,14.3045,3.335
15830,7/12/2026 11:00,15.7444,70.48,14.3039,3.33
15831,7/12/2026 11:15,15.7308,70.48,14.3042,3.298
15832,7/12/2026 11:30,15.726,70.651,14.3046,3.286
15833,7/12/2026 11:45,15.7266,70.824,14.3049,3.286
15834,7/12/2026 12:00,15.7116,70.995,14.3007,3.262
15835,7/12/2026 12:15,15.7031,70.995,14.301,3.241
15836,7/12/2026 12:30,15.689,70.824,14.2964,3.219
15837,7/12/2026 12:45,15.6792,70.995,14.2945,3.201
15838,7/12/2026 13:00,15.6758,70.995,14.2952,3.191
15839,7/12/2026 13:15,15.6745,71.168,14.2936,3.192
15840,7/12/2026 13:30,15.6528,71.339,14.2906,3.149
15841,7/12/2026 13:45,15.6494,71.339,14.2939,3.134
15842,7/12/2026 14:00,15.6609,71.168,14.2881,3.173
15843,7/12/2026 14:15,15.6558,71.168,14.2877,3.163
15844,7/12/2026 14:30,15.6512,71.339,14.2884,3.15
15845,7/12/2026 14:45,15.6413,71.512,14.2856,3.134
15846,7/12/2026 15:00,15.6264,71.683,14.2869,3.097
15847,7/12/2026 15:15,15.6298,71.683,14.2881,3.102
15848,7/12/2026 15:30,15.6298,71.683,14.2869,3.105
15849,7/12/2026 15:45,15.6264,71.683,14.2875,3.095
15850,7/12/2026 16:00,15.6145,71.683,14.2862,3.071
15851,7/12/2026 16:15,15.6077,71.683,14.2823,3.064
15852,7/12/2026 16:30,15.6106,71.512,14.2814,3.073
15853,7/12/2026 16:45,15.6123,71.512,14.2814,3.077
15854,7/12/2026 17:00,15.609,71.512,14.2845,3.062
15855,7/12/2026 17:15,15.6037,71.512,14.2845,3.05
15856,7/12/2026 17:30,15.6068,71.339,14.2823,3.062
15857,7/12/2026 17:45,15.6119,71.339,14.2851,3.067
15858,7/12/2026 18:00,15.622,71.339,14.2845,3.092
15859,7/12/2026 18:15,15.6284,71.168,14.2874,3.1
15860,7/12/2026 18:30,15.6198,71.168,14.2846,3.087
15861,7/12/2026 18:45,15.637,71.168,14.288,3.118
15862,7/12/2026 19:00,15.6383,70.995,14.2864,3.125
15863,7/12/2026 19:15,15.6314,70.995,14.2872,3.107
15864,7/12/2026 19:30,15.6326,70.824,14.2894,3.105
15865,7/12/2026 19:45,15.6446,70.824,14.293,3.124
15866,7/12/2026 20:00,15.648,70.824,14.2994,3.117
15867,7/12/2026 20:15,15.6497,70.824,14.2999,3.12
15868,7/12/2026 20:30,15.6425,70.651,14.3054,3.091
15869,7/12/2026 20:45,15.6441,70.651,14.3046,3.096
15870,7/12/2026 21:00,15.6425,70.651,14.3057,3.09
15871,7/12/2026 21:15,15.63,70.48,14.3074,3.057
15872,7/12/2026 21:30,15.6419,70.48,14.3099,3.079
15873,7/12/2026 21:45,15.6283,70.48,14.3123,3.042
15874,7/12/2026 22:00,15.6329,70.308,14.3133,3.05
15875,7/12/2026 22:15,15.6296,70.308,14.3142,3.04
15876,7/12/2026 22:30,15.6142,70.308,14.3117,3.011
15877,7/12/2026 22:45,15.6124,70.308,14.3087,3.014
15878,7/12/2026 23:00,15.6034,70.137,14.3103,2.989
15879,7/12/2026 23:15,15.6052,70.137,14.3081,2.998
15880,7/12/2026 23:30,15.5949,70.137,14.3065,2.978
15881,7/12/2026 23:45,15.5863,70.137,14.3043,2.963
15882,7/13/2026 0:00,15.591,69.964,14.3043,2.974
15883,7/13/2026 0:15,15.5791,69.964,14.3007,2.955
15884,7/13/2026 0:30,15.5688,69.964,14.3001,2.932
15885,7/13/2026 0:45,15.574,69.964,14.3001,2.944
15886,7/13/2026 1:00,15.5547,69.793,14.2985,2.903
15887,7/13/2026 1:15,15.5598,69.793,14.2919,2.931
15888,7/13/2026 1:30,15.5496,69.793,14.2888,2.914
15889,7/13/2026 1:45,15.5615,69.793,14.2897,2.94
15890,7/13/2026 2:00,15.5615,69.793,14.2836,2.954
15891,7/13/2026 2:15,15.5496,69.793,14.2804,2.934
15892,7/13/2026 2:30,15.5594,69.622,14.2798,2.957
15893,7/13/2026 2:45,15.5611,69.622,14.2798,2.961
15894,7/13/2026 3:00,15.5798,69.622,14.2768,3.012
15895,7/13/2026 3:15,15.5884,69.622,14.2778,3.029
15896,7/13/2026 3:30,15.6084,69.449,14.2793,3.072
15897,7/13/2026 3:45,15.5982,69.449,14.2756,3.057
15898,7/13/2026 4:00,15.6101,69.449,14.2787,3.077
15899,7/13/2026 4:15,15.6165,69.278,14.2781,3.093
15900,7/13/2026 4:30,15.6182,69.278,14.2795,3.094
15901,7/13/2026 4:45,15.613,69.278,14.279,3.083
15902,7/13/2026 5:00,15.6079,69.278,14.279,3.071
15903,7/13/2026 5:15,15.6046,69.278,14.2775,3.067
15904,7/13/2026 5:30,15.5875,69.278,14.2806,3.021
15905,7/13/2026 5:45,15.5908,69.278,14.2836,3.021
15906,7/13/2026 6:00,15.5892,69.278,14.2882,3.007
15907,7/13/2026 6:15,15.5904,69.107,14.2891,3.007
15908,7/13/2026 6:30,15.5768,69.107,14.2927,2.968
15909,7/13/2026 6:45,15.5818,69.107,14.2943,2.976
15910,7/13/2026 7:00,15.5887,69.107,14.2943,2.991
15911,7/13/2026 7:15,15.5939,69.107,14.2958,3
15912,7/13/2026 7:30,15.5939,69.107,14.298,2.995
15913,7/13/2026 7:45,15.5972,69.107,14.2965,3.006
15914,7/13/2026 8:00,15.6007,69.107,14.2955,3.016
15915,7/13/2026 8:15,15.6075,69.107,14.2968,3.029
15916,7/13/2026 8:30,15.6007,69.107,14.2996,3.007
15917,7/13/2026 8:45,15.599,69.107,14.2991,3.004
15918,7/13/2026 9:00,15.5871,69.107,14.2988,2.977
15919,7/13/2026 9:15,15.584,69.278,14.3016,2.964
15920,7/13/2026 9:30,15.5943,69.278,14.3029,2.985
15921,7/13/2026 9:45,15.6046,69.278,14.3016,3.011
15922,7/13/2026 10:00,15.6016,69.449,14.298,3.013
15923,7/13/2026 10:15,15.5998,69.449,14.3004,3.003
15924,7/13/2026 10:30,15.5936,69.622,14.2961,2.999
15925,7/13/2026 10:45,15.5987,69.622,14.2974,3.008
15926,7/13/2026 11:00,15.6059,69.793,14.2987,3.021
15927,7/13/2026 11:15,15.6081,69.964,14.299,3.026
15928,7/13/2026 11:30,15.6052,70.137,14.2971,3.024
15929,7/13/2026 11:45,15.5949,70.137,14.2954,3.004
15930,7/13/2026 12:00,15.6017,70.137,14.2956,3.019
15931,7/13/2026 12:15,15.5937,70.308,14.2914,3.01
15932,7/13/2026 12:30,15.5895,70.651,14.2893,3.006
15933,7/13/2026 12:45,15.5763,70.824,14.2835,2.989
15934,7/13/2026 13:00,15.5717,70.995,14.2787,2.989
15935,7/13/2026 13:15,15.5618,71.168,14.2784,2.967
15936,7/13/2026 13:30,15.5453,71.339,14.2775,2.931
15937,7/13/2026 13:45,15.5475,71.512,14.2781,2.935
15938,7/13/2026 14:00,15.5389,71.512,14.2723,2.928
15939,7/13/2026 14:15,15.5354,71.512,14.2678,2.93
15940,7/13/2026 14:30,15.5099,71.512,14.2668,2.874
15941,7/13/2026 14:45,15.5206,71.683,14.2697,2.892
15942,7/13/2026 15:00,15.5086,71.683,14.2626,2.881
15943,7/13/2026 15:15,15.5006,71.856,14.2633,2.861
15944,7/13/2026 15:30,15.4967,71.683,14.2652,2.847
15945,7/13/2026 15:45,15.4903,71.856,14.2619,2.84
15946,7/13/2026 16:00,15.48,71.856,14.2571,2.827
15947,7/13/2026 16:15,15.4783,71.856,14.253,2.833
15948,7/13/2026 16:30,15.4609,71.683,14.2546,2.789
15949,7/13/2026 16:45,15.4539,71.683,14.2559,2.77
15950,7/13/2026 17:00,15.4539,71.683,14.2534,2.775
15951,7/13/2026 17:15,15.4455,71.683,14.2527,2.758
15952,7/13/2026 17:30,15.4488,71.683,14.2543,2.762
15953,7/13/2026 17:45,15.4438,71.683,14.2582,2.741
15954,7/13/2026 18:00,15.4484,71.512,14.2608,2.745
15955,7/13/2026 18:15,15.4449,71.512,14.2617,2.735
15956,7/13/2026 18:30,15.4449,71.512,14.2666,2.724
15957,7/13/2026 18:45,15.4427,71.339,14.269,2.713
15958,7/13/2026 19:00,15.4343,71.339,14.2714,2.688
15959,7/13/2026 19:15,15.4287,71.168,14.2713,2.676
15960,7/13/2026 19:30,15.4322,71.168,14.2729,2.68
15961,7/13/2026 19:45,15.4269,71.168,14.2749,2.663
15962,7/13/2026 20:00,15.423,70.995,14.2798,2.643
15963,7/13/2026 20:15,15.423,70.995,14.2793,2.644
15964,7/13/2026 20:30,15.423,70.995,14.2817,2.638
15965,7/13/2026 20:45,15.421,70.824,14.282,2.633
15966,7/13/2026 21:00,15.4243,70.824,14.2845,2.635
15967,7/13/2026 21:15,15.4124,70.824,14.2869,2.602
15968,7/13/2026 21:30,15.4103,70.651,14.2872,2.596
15969,7/13/2026 21:45,15.4136,70.651,14.2881,2.602
15970,7/13/2026 22:00,15.4119,70.651,14.2884,2.597
15971,7/13/2026 22:15,15.4085,70.651,14.2894,2.587
15972,7/13/2026 22:30,15.4132,70.48,14.2881,2.601
15973,7/13/2026 22:45,15.4046,70.48,14.2906,2.575
15974,7/13/2026 23:00,15.4081,70.48,14.2869,2.592
15975,7/13/2026 23:15,15.4042,70.308,14.2848,2.587
15976,7/13/2026 23:30,15.4059,70.308,14.2842,2.593
15977,7/13/2026 23:45,15.3939,70.308,14.282,2.57
15978,7/14/2026 0:00,15.3917,70.137,14.2784,2.573
15979,7/14/2026 0:15,15.3866,70.137,14.2771,2.565
15980,7/14/2026 0:30,15.3833,70.137,14.275,2.562
15981,7/14/2026 0:45,15.3759,69.964,14.2698,2.556
15982,7/14/2026 1:00,15.3708,69.964,14.2677,2.55
15983,7/14/2026 1:15,15.3704,69.793,14.2624,2.561
15984,7/14/2026 1:30,15.3636,69.793,14.2619,2.546
15985,7/14/2026 1:45,15.3682,69.622,14.2613,2.558
15986,7/14/2026 2:00,15.3665,69.622,14.2613,2.554
15987,7/14/2026 2:15,15.3609,69.449,14.2575,2.55
15988,7/14/2026 2:30,15.3575,69.449,14.2569,2.544
15989,7/14/2026 2:45,15.3575,69.449,14.2563,2.545
15990,7/14/2026 3:00,15.3502,69.278,14.2563,2.528
15991,7/14/2026 3:15,15.3502,69.278,14.2542,2.533
15992,7/14/2026 3:30,15.3434,69.278,14.2552,2.515
15993,7/14/2026 3:45,15.3463,69.107,14.2552,2.522
15994,7/14/2026 4:00,15.3446,69.107,14.2516,2.526
15995,7/14/2026 4:15,15.3412,69.107,14.2516,2.518
15996,7/14/2026 4:30,15.3322,68.934,14.2494,2.503
15997,7/14/2026 4:45,15.334,68.934,14.2508,2.503
15998,7/14/2026 5:00,15.3266,68.763,14.2533,2.48
15999,7/14/2026 5:15,15.3266,68.763,14.2497,2.489
16000,7/14/2026 5:30,15.3279,68.592,14.2521,2.486
16001,7/14/2026 5:45,15.3228,68.592,14.2516,2.476
16002,7/14/2026 6:00,15.3244,68.592,14.2516,2.479
16003,7/14/2026 6:15,15.3206,68.421,14.2546,2.464
16004,7/14/2026 6:30,15.3274,68.421,14.2562,2.476
16005,7/14/2026 6:45,15.324,68.421,14.2592,2.46
16006,7/14/2026 7:00,15.3218,68.248,14.2598,2.454
16007,7/14/2026 7:15,15.3185,68.248,14.2626,2.44
16008,7/14/2026 7:30,15.3218,68.248,14.2613,2.451
16009,7/14/2026 7:45,15.3167,68.248,14.2621,2.437
16010,7/14/2026 8:00,15.315,68.248,14.263,2.431
16011,7/14/2026 8:15,15.3171,68.421,14.2671,2.427
16012,7/14/2026 8:30,15.3171,68.421,14.2649,2.432
16013,7/14/2026 8:45,15.3171,68.421,14.2704,2.419
16014,7/14/2026 9:00,15.3108,68.592,14.265,2.417
16015,7/14/2026 9:15,15.3044,68.763,14.2666,2.398
16016,7/14/2026 9:30,15.3044,68.763,14.2645,2.403
16017,7/14/2026 9:45,15.3015,68.934,14.2661,2.393
16018,7/14/2026 10:00,15.3008,69.278,14.2624,2.4
16019,7/14/2026 10:15,15.2944,69.449,14.2603,2.39
16020,7/14/2026 10:30,15.2935,69.793,14.2621,2.384
16021,7/14/2026 10:45,15.2906,69.964,14.2616,2.378
16022,7/14/2026 11:00,15.2897,70.308,14.2588,2.383
16023,7/14/2026 11:15,15.2787,70.651,14.2576,2.36
16024,7/14/2026 11:30,15.2745,70.995,14.2587,2.348
16025,7/14/2026 11:45,15.2755,71.339,14.2523,2.365
16026,7/14/2026 12:00,15.2713,71.683,14.2498,2.362
16027,7/14/2026 12:15,15.2654,72.028,14.2489,2.35
16028,7/14/2026 12:30,15.2662,72.372,14.2481,2.354
16029,7/14/2026 12:45,15.26,72.545,14.2491,2.337
16030,7/14/2026 13:00,15.2574,72.891,14.2449,2.341
16031,7/14/2026 13:15,15.2527,73.062,14.2446,2.331
16032,7/14/2026 13:30,15.252,73.407,14.2421,2.335
16033,7/14/2026 13:45,15.2406,73.58,14.2413,2.311
16034,7/14/2026 14:00,15.2427,73.753,14.2382,2.323
16035,7/14/2026 14:15,15.2381,73.926,14.2388,2.311
16036,7/14/2026 14:30,15.2364,73.926,14.2357,2.314
16037,7/14/2026 14:45,15.2346,73.926,14.2327,2.317
16038,7/14/2026 15:00,15.2278,73.926,14.2347,2.296
16039,7/14/2026 15:15,15.2243,73.926,14.2323,2.294
16040,7/14/2026 15:30,15.2243,73.926,14.2339,2.29
16041,7/14/2026 15:45,15.2243,73.926,14.2363,2.285
16042,7/14/2026 16:00,15.2171,73.753,14.2352,2.271
16043,7/14/2026 16:15,15.22,73.58,14.2375,2.272
16044,7/14/2026 16:30,15.2217,73.58,14.2375,2.276
16045,7/14/2026 16:45,15.2184,73.58,14.2362,2.271
16046,7/14/2026 17:00,15.2127,73.407,14.2381,2.254
16047,7/14/2026 17:15,15.2174,73.234,14.2407,2.258
16048,7/14/2026 17:30,15.2156,73.234,14.2434,2.248
16049,7/14/2026 17:45,15.2134,73.062,14.2424,2.245
16050,7/14/2026 18:00,15.213,72.891,14.2443,2.24
16051,7/14/2026 18:15,15.2143,72.718,14.2446,2.242
16052,7/14/2026 18:30,15.2139,72.545,14.2473,2.235
16053,7/14/2026 18:45,15.2139,72.545,14.2485,2.232
16054,7/14/2026 19:00,15.2185,72.372,14.2523,2.234
16055,7/14/2026 19:15,15.2335,72.199,14.2466,2.282
16056,7/14/2026 19:30,15.2449,72.028,14.2518,2.296
16057,7/14/2026 19:45,15.2586,72.028,14.2516,2.328
16058,7/14/2026 20:00,15.2957,71.856,14.2572,2.401
16059,7/14/2026 20:15,15.3264,71.856,14.2559,2.475
16060,7/14/2026 20:30,15.3618,71.683,14.2584,2.551
16061,7/14/2026 20:45,15.4045,71.683,14.2587,2.649
16062,7/14/2026 21:00,15.4245,71.512,14.2581,2.696
16063,7/14/2026 21:15,15.4433,71.512,14.2611,2.733
16064,7/14/2026 21:30,15.4467,71.512,14.2624,2.738
16065,7/14/2026 21:45,15.4427,71.339,14.2608,2.732
16066,7/14/2026 22:00,15.4412,71.339,14.263,2.724
16067,7/14/2026 22:15,15.4343,71.339,14.263,2.708
16068,7/14/2026 22:30,15.4343,71.339,14.2639,2.706
16069,7/14/2026 22:45,15.4269,71.168,14.2639,2.689
16070,7/14/2026 23:00,15.4219,71.168,14.2649,2.675
16071,7/14/2026 23:15,15.4098,71.168,14.2611,2.655
16072,7/14/2026 23:30,15.4043,70.995,14.2605,2.644
16073,7/14/2026 23:45,15.4061,70.995,14.2584,2.653
16074,7/15/2026 0:00,15.3971,70.824,14.2562,2.637
16075,7/15/2026 0:15,15.385,70.824,14.2542,2.614
16076,7/15/2026 0:30,15.376,70.651,14.252,2.598
16077,7/15/2026 0:45,15.3727,70.651,14.2529,2.589
16078,7/15/2026 1:00,15.3705,70.48,14.2492,2.592
16079,7/15/2026 1:15,15.3585,70.48,14.2501,2.562
16080,7/15/2026 1:30,15.353,70.308,14.2495,2.551
16081,7/15/2026 1:45,15.3393,70.308,14.2443,2.531
16082,7/15/2026 2:00,15.3337,70.137,14.2468,2.512
16083,7/15/2026 2:15,15.3303,70.137,14.2447,2.509
16084,7/15/2026 2:30,15.3179,69.964,14.2426,2.485
16085,7/15/2026 2:45,15.3128,69.964,14.2404,2.479
16086,7/15/2026 3:00,15.3071,69.793,14.2414,2.463
16087,7/15/2026 3:15,15.3003,69.793,14.2423,2.445
16088,7/15/2026 3:30,15.2966,69.622,14.2417,2.438
16089,7/15/2026 3:45,15.2913,69.622,14.2426,2.424
16090,7/15/2026 4:00,15.2823,69.449,14.2405,2.408
16091,7/15/2026 4:15,15.2823,69.449,14.243,2.402
16092,7/15/2026 4:30,15.2786,69.278,14.2444,2.39
16093,7/15/2026 4:45,15.2751,69.278,14.2485,2.373
16094,7/15/2026 5:00,15.2746,69.107,14.2463,2.377
16095,7/15/2026 5:15,15.2712,69.107,14.2473,2.366
16096,7/15/2026 5:30,15.269,68.934,14.2482,2.359
16097,7/15/2026 5:45,15.2674,68.934,14.2543,2.341
16098,7/15/2026 6:00,15.2639,68.934,14.2584,2.324
16099,7/15/2026 6:15,15.2652,68.763,14.2547,2.335
16100,7/15/2026 6:30,15.2584,68.763,14.2578,2.312
16101,7/15/2026 6:45,15.2596,68.592,14.2584,2.314
16102,7/15/2026 7:00,15.2596,68.592,14.259,2.312
16103,7/15/2026 7:15,15.2648,68.592,14.2601,2.322
16104,7/15/2026 7:30,15.263,68.592,14.2629,2.311
16105,7/15/2026 7:45,15.2596,68.592,14.2626,2.304
16106,7/15/2026 8:00,15.2562,68.592,14.2629,2.296
16107,7/15/2026 8:15,15.2527,68.592,14.2616,2.291
16108,7/15/2026 8:30,15.2494,68.592,14.2619,2.282
16109,7/15/2026 8:45,15.2532,68.763,14.2671,2.279
16110,7/15/2026 9:00,15.2446,68.763,14.2639,2.267
16111,7/15/2026 9:15,15.24,68.934,14.2648,2.254
16112,7/15/2026 9:30,15.2182,69.107,14.2663,2.2
16113,7/15/2026 9:45,15.2017,69.278,14.2614,2.173
16114,7/15/2026 10:00,15.1924,69.622,14.2627,2.149
16115,7/15/2026 10:15,15.1894,69.793,14.2663,2.133
16116,7/15/2026 10:30,15.1869,70.137,14.2661,2.128
16117,7/15/2026 10:45,15.1976,70.308,14.2666,2.152
16118,7/15/2026 11:00,15.4251,70.48,14.2661,2.679
16119,7/15/2026 11:15,15.4333,70.995,14.2652,2.7
16120,7/15/2026 11:30,15.4412,71.339,14.2646,2.72
16121,7/15/2026 11:45,15.433,71.512,14.261,2.71
16122,7/15/2026 12:00,15.4381,71.512,14.2595,2.725
16123,7/15/2026 12:15,15.4335,71.683,14.2575,2.719
16124,7/15/2026 12:30,15.4135,71.856,14.2555,2.677
16125,7/15/2026 12:45,15.4016,71.856,14.2543,2.652
16126,7/15/2026 13:00,15.3917,72.028,14.2523,2.634
16127,7/15/2026 13:15,15.3939,72.199,14.2511,2.642
16128,7/15/2026 13:30,15.3892,72.372,14.25,2.634
16129,7/15/2026 13:45,15.3863,72.545,14.2466,2.635
16130,7/15/2026 14:00,15.3679,72.718,14.2456,2.595
16131,7/15/2026 14:15,15.3578,72.718,14.2439,2.575
16132,7/15/2026 14:30,15.3599,72.891,14.2444,2.579
16133,7/15/2026 14:45,15.3599,72.891,14.2444,2.579
16134,7/15/2026 15:00,15.3531,72.891,14.2436,2.565
16135,7/15/2026 15:15,15.3553,73.062,14.2389,2.581
16136,7/15/2026 15:30,15.3514,72.891,14.2381,2.574
16137,7/15/2026 15:45,15.3463,72.891,14.2365,2.566
16138,7/15/2026 16:00,15.3395,72.891,14.2397,2.543
16139,7/15/2026 16:15,15.3457,72.718,14.2363,2.565
16140,7/15/2026 16:30,15.3441,72.718,14.2339,2.567
16141,7/15/2026 16:45,15.3385,72.545,14.2363,2.548
16142,7/15/2026 17:00,15.3398,72.372,14.2385,2.546
16143,7/15/2026 17:15,15.338,72.372,14.2385,2.542
16144,7/15/2026 17:30,15.3409,72.199,14.2401,2.545
16145,7/15/2026 17:45,15.3392,72.199,14.2394,2.543
16146,7/15/2026 18:00,15.3337,72.028,14.2397,2.529
16147,7/15/2026 18:15,15.3337,72.028,14.2423,2.523
16148,7/15/2026 18:30,15.3383,71.856,14.2465,2.524
16149,7/15/2026 18:45,15.3366,71.856,14.2487,2.515
16150,7/15/2026 19:00,15.3434,71.856,14.2521,2.523
16151,7/15/2026 19:15,15.3412,71.683,14.2556,2.51
16152,7/15/2026 19:30,15.3447,71.683,14.2574,2.514
16153,7/15/2026 19:45,15.346,71.512,14.2597,2.511
16154,7/15/2026 20:00,15.3443,71.512,14.2627,2.5
16155,7/15/2026 20:15,15.346,71.512,14.2649,2.499
16156,7/15/2026 20:30,15.3489,71.339,14.2661,2.503
16157,7/15/2026 20:45,15.3506,71.339,14.2688,2.501
16158,7/15/2026 21:00,15.3489,71.339,14.2721,2.489
16159,7/15/2026 21:15,15.3485,71.168,14.274,2.484
16160,7/15/2026 21:30,15.357,71.168,14.2759,2.499
16161,7/15/2026 21:45,15.3518,71.168,14.2737,2.492
16162,7/15/2026 22:00,15.3514,70.995,14.2782,2.481
16163,7/15/2026 22:15,15.3514,70.995,14.2782,2.481
16164,7/15/2026 22:30,15.3549,70.995,14.2798,2.485
16165,7/15/2026 22:45,15.3565,70.995,14.2793,2.49
16166,7/15/2026 23:00,15.3578,70.824,14.2787,2.494
16167,7/15/2026 23:15,15.356,70.824,14.2765,2.495
16168,7/15/2026 23:30,15.356,70.824,14.2759,2.497
16169,7/15/2026 23:45,15.3505,70.651,14.2752,2.486
16170,7/16/2026 0:00,15.3521,70.651,14.2746,2.491
16171,7/16/2026 0:15,15.3488,70.651,14.271,2.491
16172,7/16/2026 0:30,15.3431,70.48,14.2688,2.483
16173,7/16/2026 0:45,15.3517,70.48,14.2688,2.503
16174,7/16/2026 1:00,15.3466,70.48,14.2682,2.493
16175,7/16/2026 1:15,15.3547,70.308,14.2614,2.527
16176,7/16/2026 1:30,15.3512,70.308,14.2608,2.52
16177,7/16/2026 1:45,15.3512,70.308,14.2556,2.532
16178,7/16/2026 2:00,15.3473,70.137,14.2556,2.523
16179,7/16/2026 2:15,15.3473,70.137,14.2597,2.514
16180,7/16/2026 2:30,15.3405,70.137,14.2565,2.506
16181,7/16/2026 2:45,15.3422,70.137,14.2565,2.51
16182,7/16/2026 3:00,15.3405,70.137,14.2559,2.507
16183,7/16/2026 3:15,15.3435,69.964,14.2559,2.514
16184,7/16/2026 3:30,15.3332,69.964,14.2575,2.486
16185,7/16/2026 3:45,15.3401,69.964,14.2545,2.509
16186,7/16/2026 4:00,15.335,69.964,14.2575,2.49
16187,7/16/2026 4:15,15.3332,69.964,14.2539,2.495
16188,7/16/2026 4:30,15.3367,69.964,14.2547,2.501
16189,7/16/2026 4:45,15.3367,69.964,14.2547,2.501
16190,7/16/2026 5:00,15.3332,69.964,14.2556,2.491
16191,7/16/2026 5:15,15.3345,69.793,14.2566,2.491
16192,7/16/2026 5:30,15.3361,69.793,14.256,2.496
16193,7/16/2026 5:45,15.3361,69.793,14.2553,2.498
16194,7/16/2026 6:00,15.3357,69.622,14.2585,2.49
16195,7/16/2026 6:15,15.3375,69.622,14.2616,2.487
16196,7/16/2026 6:30,15.334,69.622,14.2616,2.479
16197,7/16/2026 6:45,15.3409,69.622,14.2646,2.488
16198,7/16/2026 7:00,15.3375,69.622,14.2674,2.473
16199,7/16/2026 7:15,15.346,69.622,14.2649,2.499
16200,7/16/2026 7:30,15.3409,69.622,14.2682,2.479
16201,7/16/2026 7:45,15.3443,69.622,14.2685,2.486
16202,7/16/2026 8:00,15.3392,69.622,14.2688,2.474
16203,7/16/2026 8:15,15.3477,69.622,14.2707,2.489
16204,7/16/2026 8:30,15.3431,69.793,14.271,2.478
16205,7/16/2026 8:45,15.3447,69.793,14.2697,2.485
16206,7/16/2026 9:00,15.3451,69.964,14.2707,2.483
16207,7/16/2026 9:15,15.3508,70.137,14.2716,2.495
16208,7/16/2026 9:30,15.3479,70.308,14.2726,2.486
16209,7/16/2026 9:45,15.3501,70.48,14.272,2.492
16210,7/16/2026 10:00,15.3488,70.651,14.2714,2.49
16211,7/16/2026 10:15,15.3492,70.824,14.2736,2.486
16212,7/16/2026 10:30,15.3549,70.995,14.2723,2.502
16213,7/16/2026 10:45,15.3489,71.339,14.2717,2.49
16214,7/16/2026 11:00,15.3493,71.512,14.2743,2.485
16215,7/16/2026 11:15,15.3502,71.856,14.2732,2.49
16216,7/16/2026 11:30,15.3462,72.199,14.269,2.49
16217,7/16/2026 11:45,15.3414,72.372,14.27,2.477
16218,7/16/2026 12:00,15.3406,72.718,14.2666,2.483
16219,7/16/2026 12:15,15.336,72.891,14.2659,2.474
16220,7/16/2026 12:30,15.3263,73.062,14.2666,2.45
16221,7/16/2026 12:45,15.3301,73.234,14.2661,2.46
16222,7/16/2026 13:00,15.3289,73.407,14.2649,2.46
16223,7/16/2026 13:15,15.3243,73.58,14.2653,2.449
16224,7/16/2026 13:30,15.3264,73.753,14.2643,2.456
16225,7/16/2026 13:45,15.3183,73.926,14.2633,2.44
16226,7/16/2026 14:00,15.3154,74.098,14.2662,2.426
16227,7/16/2026 14:15,15.3192,74.271,14.2645,2.439
16228,7/16/2026 14:30,15.3095,74.446,14.264,2.418
16229,7/16/2026 14:45,15.3145,74.446,14.2645,2.428
16230,7/16/2026 15:00,15.3077,74.446,14.2611,2.42
16231,7/16/2026 15:15,15.3044,74.446,14.2579,2.42
16232,7/16/2026 15:30,15.3061,74.446,14.2585,2.423
16233,7/16/2026 15:45,15.3077,74.446,14.2576,2.428
16234,7/16/2026 16:00,15.3073,74.271,14.2584,2.426
16235,7/16/2026 16:15,15.2983,74.098,14.2575,2.407
16236,7/16/2026 16:30,15.3047,73.926,14.2559,2.425
16237,7/16/2026 16:45,15.299,73.753,14.255,2.414
16238,7/16/2026 17:00,15.2968,73.58,14.255,2.409
16239,7/16/2026 17:15,15.2947,73.407,14.2553,2.403
16240,7/16/2026 17:30,15.2977,73.234,14.2592,2.401
16241,7/16/2026 17:45,15.3024,73.062,14.2662,2.396
16242,7/16/2026 18:00,15.3018,72.891,14.2665,2.394
16243,7/16/2026 18:15,15.3018,72.891,14.2614,2.406
16244,7/16/2026 18:30,15.3031,72.718,14.2663,2.397
16245,7/16/2026 18:45,15.306,72.545,14.2633,2.411
16246,7/16/2026 19:00,15.3077,72.545,14.2646,2.412
16247,7/16/2026 19:15,15.309,72.372,14.2652,2.413
16248,7/16/2026 19:30,15.3119,72.199,14.27,2.409
16249,7/16/2026 19:45,15.3137,72.199,14.2733,2.405
16250,7/16/2026 20:00,15.3148,72.028,14.2762,2.401
16251,7/16/2026 20:15,15.3148,72.028,14.2775,2.398
16252,7/16/2026 20:30,15.3148,72.028,14.2781,2.397
16253,7/16/2026 20:45,15.3166,72.028,14.2814,2.393
16254,7/16/2026 21:00,15.3161,71.856,14.2832,2.388
16255,7/16/2026 21:15,15.3212,71.856,14.2811,2.405
16256,7/16/2026 21:30,15.3229,71.856,14.2829,2.405
16257,7/16/2026 21:45,15.3264,71.856,14.2836,2.411
16258,7/16/2026 22:00,15.328,71.856,14.2856,2.41
16259,7/16/2026 22:15,15.3276,71.683,14.2864,2.407
16260,7/16/2026 22:30,15.3258,71.683,14.2878,2.4
16261,7/16/2026 22:45,15.3243,71.683,14.2856,2.401
16262,7/16/2026 23:00,15.3225,71.683,14.2881,2.391
16263,7/16/2026 23:15,15.3208,71.683,14.2881,2.387
16264,7/16/2026 23:30,15.3293,71.683,14.2859,2.412
16265,7/16/2026 23:45,15.3243,71.683,14.2845,2.404
16266,7/17/2026 0:00,15.319,71.683,14.2853,2.39
16267,7/17/2026 0:15,15.3174,71.683,14.2823,2.393
16268,7/17/2026 0:30,15.319,71.683,14.2832,2.395
16269,7/17/2026 0:45,15.3208,71.683,14.2832,2.399
16270,7/17/2026 1:00,15.3174,71.683,14.2811,2.396
16271,7/17/2026 1:15,15.3157,71.683,14.2795,2.395
16272,7/17/2026 1:30,15.314,71.683,14.2774,2.396
16273,7/17/2026 1:45,15.314,71.683,14.2759,2.4
16274,7/17/2026 2:00,15.314,71.683,14.2713,2.41
16275,7/17/2026 2:15,15.3157,71.683,14.2707,2.416
16276,7/17/2026 2:30,15.3225,71.683,14.2721,2.428
16277,7/17/2026 2:45,15.3379,71.683,14.2707,2.467
16278,7/17/2026 3:00,15.3533,71.683,14.2675,2.51
16279,7/17/2026 3:15,15.3652,71.683,14.2721,2.527
16280,7/17/2026 3:30,15.3942,71.683,14.2721,2.594
16281,7/17/2026 3:45,15.4587,71.512,14.2752,2.736
16282,7/17/2026 4:00,15.5422,71.512,14.2752,2.929
16283,7/17/2026 4:15,15.6921,71.339,14.2762,3.273
16284,7/17/2026 4:30,15.757,71.339,14.2807,3.413
16285,7/17/2026 4:45,15.7633,71.168,14.2787,3.432
16286,7/17/2026 5:00,15.7771,71.168,14.2826,3.455
16287,7/17/2026 5:15,15.7855,71.168,14.281,3.478
16288,7/17/2026 5:30,15.7565,71.168,14.2835,3.405
16289,7/17/2026 5:45,15.7407,70.995,14.2814,3.373
16290,7/17/2026 6:00,15.7151,70.995,14.2829,3.311
16291,7/17/2026 6:15,15.7266,70.824,14.2814,3.341
16292,7/17/2026 6:30,15.6838,70.824,14.2839,3.236
16293,7/17/2026 6:45,15.6616,70.824,14.2859,3.18
16294,7/17/2026 7:00,15.6531,70.824,14.2891,3.153
16295,7/17/2026 7:15,15.6383,70.995,14.2942,3.107
16296,7/17/2026 7:30,15.6161,70.995,14.2942,3.056
16297,7/17/2026 7:45,15.6024,70.995,14.2939,3.025
16298,7/17/2026 8:00,15.5972,70.995,14.2952,3.01
16299,7/17/2026 8:15,15.5785,70.995,14.2964,2.964
16300,7/17/2026 8:30,15.5686,71.168,14.2955,2.943
16301,7/17/2026 8:45,15.5499,71.168,14.2946,2.902
16302,7/17/2026 9:00,15.5396,71.168,14.2958,2.875
16303,7/17/2026 9:15,15.5299,71.339,14.294,2.857
16304,7/17/2026 9:30,15.5253,71.512,14.2943,2.846
16305,7/17/2026 9:45,15.5189,71.683,14.2993,2.82
16306,7/17/2026 10:00,15.5108,71.856,14.2981,2.804
16307,7/17/2026 10:15,15.5044,72.028,14.3006,2.783
16308,7/17/2026 10:30,15.4925,72.028,14.2991,2.759
16309,7/17/2026 10:45,15.481,72.199,14.2991,2.733
16310,7/17/2026 11:00,15.4747,72.372,14.3009,2.714
16311,7/17/2026 11:15,15.4734,72.545,14.2987,2.716
16312,7/17/2026 11:30,15.4641,72.891,14.2969,2.699
16313,7/17/2026 11:45,15.4616,73.234,14.2958,2.696
16314,7/17/2026 12:00,15.4552,73.407,14.294,2.685
16315,7/17/2026 12:15,15.4523,73.58,14.2913,2.685
16316,7/17/2026 12:30,15.4442,73.753,14.2887,2.672
16317,7/17/2026 12:45,15.4332,74.098,14.2869,2.651
16318,7/17/2026 13:00,15.4268,74.271,14.2867,2.637
16319,7/17/2026 13:15,15.4235,74.271,14.2827,2.638
16320,7/17/2026 13:30,15.4166,74.271,14.284,2.619
16321,7/17/2026 13:45,15.4171,74.446,14.2832,2.622
16322,7/17/2026 14:00,15.4074,74.619,14.2804,2.606
16323,7/17/2026 14:15,15.4043,74.791,14.2778,2.605
16324,7/17/2026 14:30,15.4061,74.791,14.2769,2.611
16325,7/17/2026 14:45,15.3958,74.791,14.2721,2.599
16326,7/17/2026 15:00,15.3924,74.791,14.2726,2.59
16327,7/17/2026 15:15,15.3873,74.791,14.2671,2.591
16328,7/17/2026 15:30,15.377,74.791,14.2692,2.562
16329,7/17/2026 15:45,15.3799,74.619,14.2669,2.574
16330,7/17/2026 16:00,15.3749,74.619,14.2675,2.561
16331,7/17/2026 16:15,15.371,74.446,14.2674,2.552
16332,7/17/2026 16:30,15.3624,74.446,14.2665,2.534
16333,7/17/2026 16:45,15.3569,74.271,14.264,2.527
16334,7/17/2026 17:00,15.3551,74.271,14.2649,2.521
16335,7/17/2026 17:15,15.3499,74.271,14.263,2.514
16336,7/17/2026 17:30,15.3427,74.098,14.2648,2.493
16337,7/17/2026 17:45,15.3477,74.098,14.2679,2.497
16338,7/17/2026 18:00,15.3495,74.098,14.2697,2.497
16339,7/17/2026 18:15,15.3473,73.926,14.2691,2.493
16340,7/17/2026 18:30,15.3491,73.926,14.2687,2.498
16341,7/17/2026 18:45,15.3473,73.926,14.273,2.484
16342,7/17/2026 19:00,15.3486,73.753,14.2724,2.489
16343,7/17/2026 19:15,15.3486,73.753,14.2743,2.484
16344,7/17/2026 19:30,15.3464,73.58,14.2745,2.479
16345,7/17/2026 19:45,15.3498,73.58,14.2737,2.488
16346,7/17/2026 20:00,15.3493,73.407,14.2752,2.484
16347,7/17/2026 20:15,15.3528,73.407,14.275,2.492
16348,7/17/2026 20:30,15.354,73.234,14.2762,2.492
16349,7/17/2026 20:45,15.3575,73.234,14.2775,2.497
16350,7/17/2026 21:00,15.3569,73.062,14.2778,2.495
16351,7/17/2026 21:15,15.3553,73.062,14.2795,2.487
16352,7/17/2026 21:30,15.3549,72.891,14.2814,2.482
16353,7/17/2026 21:45,15.3565,72.891,14.2853,2.477
16354,7/17/2026 22:00,15.3509,72.718,14.2809,2.474
16355,7/17/2026 22:15,15.356,72.718,14.2814,2.485
16356,7/17/2026 22:30,15.3543,72.718,14.2798,2.484
16357,7/17/2026 22:45,15.3488,72.545,14.2823,2.466
16358,7/17/2026 23:00,15.3488,72.545,14.2777,2.476
16359,7/17/2026 23:15,15.3435,72.545,14.2771,2.466
16360,7/17/2026 23:30,15.3431,72.372,14.2795,2.459
16361,7/17/2026 23:45,15.3431,72.372,14.282,2.453
16362,7/18/2026 0:00,15.3398,72.372,14.2836,2.442
16363,7/18/2026 0:15,15.3427,72.199,14.2845,2.447
16364,7/18/2026 0:30,15.329,72.199,14.2829,2.419
16365,7/18/2026 0:45,15.3341,72.199,14.2807,2.435
16366,7/18/2026 1:00,15.3308,72.199,14.2793,2.431
16367,7/18/2026 1:15,15.3324,72.199,14.2801,2.433
16368,7/18/2026 1:30,15.324,72.199,14.2787,2.417
16369,7/18/2026 1:45,15.3273,72.199,14.278,2.426
16370,7/18/2026 2:00,15.3218,72.028,14.2713,2.429
16371,7/18/2026 2:15,15.3166,72.028,14.2682,2.424
16372,7/18/2026 2:30,15.32,72.028,14.2707,2.426
16373,7/18/2026 2:45,15.3183,72.028,14.2721,2.419
16374,7/18/2026 3:00,15.3148,72.028,14.27,2.416
16375,7/18/2026 3:15,15.3093,71.856,14.2685,2.406
16376,7/18/2026 3:30,15.3111,71.856,14.2648,2.419
16377,7/18/2026 3:45,15.3093,71.856,14.2627,2.42
16378,7/18/2026 4:00,15.3089,71.683,14.2627,2.419
16379,7/18/2026 4:15,15.3089,71.683,14.265,2.413
16380,7/18/2026 4:30,15.3089,71.683,14.2691,2.404
16381,7/18/2026 4:45,15.3071,71.683,14.2707,2.396
16382,7/18/2026 5:00,15.3089,71.683,14.2691,2.404
16383,7/18/2026 5:15,15.3135,71.512,14.27,2.412
16384,7/18/2026 5:30,15.3084,71.512,14.2732,2.393
16385,7/18/2026 5:45,15.3067,71.512,14.274,2.387
16386,7/18/2026 6:00,15.3135,71.512,14.274,2.403
16387,7/18/2026 6:15,15.3169,71.512,14.2801,2.397
16388,7/18/2026 6:30,15.3164,71.339,14.2832,2.389
16389,7/18/2026 6:45,15.3216,71.339,14.2848,2.397
16390,7/18/2026 7:00,15.3267,71.339,14.2894,2.398
16391,7/18/2026 7:15,15.325,71.339,14.2909,2.391
16392,7/18/2026 7:30,15.3285,71.339,14.293,2.394
16393,7/18/2026 7:45,15.3369,71.339,14.2967,2.405
16394,7/18/2026 8:00,15.3421,71.339,14.2983,2.413
16395,7/18/2026 8:15,15.3404,71.339,14.2974,2.411
16396,7/18/2026 8:30,15.339,71.512,14.3001,2.402
16397,7/18/2026 8:45,15.3375,71.512,14.2952,2.409
16398,7/18/2026 9:00,15.334,71.512,14.2971,2.397
16399,7/18/2026 9:15,15.3375,71.512,14.2983,2.402
16400,7/18/2026 9:30,15.3361,71.683,14.2996,2.396
16401,7/18/2026 9:45,15.3328,71.683,14.3016,2.384
16402,7/18/2026 10:00,15.3366,71.856,14.2983,2.4
16403,7/18/2026 10:15,15.3315,71.856,14.293,2.401
16404,7/18/2026 10:30,15.3324,72.199,14.2946,2.399
16405,7/18/2026 10:45,15.333,72.372,14.2956,2.398
16406,7/18/2026 11:00,15.3266,72.545,14.2981,2.378
16407,7/18/2026 11:15,15.3343,72.891,14.2961,2.4
16408,7/18/2026 11:30,15.3314,73.062,14.294,2.399
16409,7/18/2026 11:45,15.334,73.407,14.2968,2.398
16410,7/18/2026 12:00,15.3264,73.753,14.2926,2.391
16411,7/18/2026 12:15,15.3222,74.098,14.2936,2.379
16412,7/18/2026 12:30,15.3283,74.446,14.2911,2.399
16413,7/18/2026 12:45,15.3237,74.619,14.291,2.388
16414,7/18/2026 13:00,15.3211,74.964,14.2891,2.387
16415,7/18/2026 13:15,15.3232,75.139,14.2896,2.391
16416,7/18/2026 13:30,15.3221,75.312,14.2878,2.392
16417,7/18/2026 13:45,15.3225,75.484,14.2869,2.395
16418,7/18/2026 14:00,15.3264,75.659,14.282,2.416
16419,7/18/2026 14:15,15.3229,75.659,14.2842,2.403
16420,7/18/2026 14:30,15.3247,75.659,14.2803,2.416
16421,7/18/2026 14:45,15.3247,75.659,14.2816,2.413
16422,7/18/2026 15:00,15.3179,75.659,14.2761,2.41
16423,7/18/2026 15:15,15.3128,75.659,14.2782,2.393
16424,7/18/2026 15:30,15.3124,75.484,14.2781,2.392
16425,7/18/2026 15:45,15.305,75.312,14.2735,2.386
16426,7/18/2026 16:00,15.3096,75.139,14.2764,2.39
16427,7/18/2026 16:15,15.3006,74.964,14.2768,2.368
16428,7/18/2026 16:30,15.3053,74.791,14.2727,2.388
16429,7/18/2026 16:45,15.2963,74.619,14.2726,2.367
16430,7/18/2026 17:00,15.2992,74.446,14.2748,2.369
16431,7/18/2026 17:15,15.2936,74.271,14.2733,2.36
16432,7/18/2026 17:30,15.2936,74.271,14.2739,2.358
16433,7/18/2026 17:45,15.2897,74.098,14.2708,2.356
16434,7/18/2026 18:00,15.291,73.926,14.2743,2.351
16435,7/18/2026 18:15,15.2889,73.753,14.2735,2.348
16436,7/18/2026 18:30,15.2883,73.58,14.2743,2.345
16437,7/18/2026 18:45,15.2883,73.58,14.2753,2.342
16438,7/18/2026 19:00,15.2861,73.407,14.2772,2.333
16439,7/18/2026 19:15,15.2925,73.234,14.2782,2.345
16440,7/18/2026 19:30,15.2874,73.234,14.2816,2.326
16441,7/18/2026 19:45,15.2938,73.062,14.2846,2.333
16442,7/18/2026 20:00,15.2903,73.062,14.2842,2.326
16443,7/18/2026 20:15,15.2955,73.062,14.29,2.325
16444,7/18/2026 20:30,15.2921,73.062,14.2881,2.321
16445,7/18/2026 20:45,15.2916,72.891,14.2916,2.312
16446,7/18/2026 21:00,15.2934,72.891,14.294,2.311
16447,7/18/2026 21:15,15.2967,72.891,14.2983,2.309
16448,7/18/2026 21:30,15.298,72.718,14.3004,2.307
16449,7/18/2026 21:45,15.298,72.718,14.301,2.305
16450,7/18/2026 22:00,15.3013,72.718,14.3026,2.309
16451,7/18/2026 22:15,15.3026,72.545,14.3051,2.306
16452,7/18/2026 22:30,15.3077,72.545,14.309,2.309
16453,7/18/2026 22:45,15.3026,72.545,14.309,2.297
16454,7/18/2026 23:00,15.3022,72.372,14.3084,2.298
16455,7/18/2026 23:15,15.297,72.372,14.3078,2.287
16456,7/18/2026 23:30,15.2948,72.199,14.3087,2.28
16457,7/18/2026 23:45,15.2948,72.199,14.302,2.295
16458,7/19/2026 0:00,15.2948,72.199,14.3043,2.29
16459,7/19/2026 0:15,15.2893,72.028,14.3007,2.286
16460,7/19/2026 0:30,15.2893,72.028,14.2964,2.296
16461,7/19/2026 0:45,15.2842,72.028,14.2942,2.289
16462,7/19/2026 1:00,15.2803,71.856,14.2942,2.28
16463,7/19/2026 1:15,15.2836,71.856,14.2922,2.292
16464,7/19/2026 1:30,15.2803,71.856,14.29,2.29
16465,7/19/2026 1:45,15.2799,71.683,14.2909,2.286
16466,7/19/2026 2:00,15.2764,71.683,14.2842,2.294
16467,7/19/2026 2:15,15.2746,71.683,14.2875,2.282
16468,7/19/2026 2:30,15.2709,71.512,14.2853,2.278
16469,7/19/2026 2:45,15.2725,71.512,14.2862,2.28
16470,7/19/2026 3:00,15.2703,71.339,14.2795,2.29
16471,7/19/2026 3:15,15.2635,71.339,14.279,2.276
16472,7/19/2026 3:30,15.2635,71.339,14.2784,2.277
16473,7/19/2026 3:45,15.263,71.168,14.2768,2.28
16474,7/19/2026 4:00,15.2597,71.168,14.2784,2.269
16475,7/19/2026 4:15,15.2648,71.168,14.2777,2.282
16476,7/19/2026 4:30,15.2613,71.168,14.2762,2.277
16477,7/19/2026 4:45,15.2591,70.995,14.2762,2.272
16478,7/19/2026 5:00,15.2575,70.995,14.2762,2.268
16479,7/19/2026 5:15,15.2591,70.995,14.2732,2.279
16480,7/19/2026 5:30,15.2609,70.995,14.2762,2.276
16481,7/19/2026 5:45,15.2626,70.995,14.2798,2.272
16482,7/19/2026 6:00,15.2609,70.995,14.2814,2.264
16483,7/19/2026 6:15,15.2644,70.995,14.2814,2.272
16484,7/19/2026 6:30,15.2644,70.995,14.2845,2.265
16485,7/19/2026 6:45,15.2644,70.995,14.2867,2.26
16486,7/19/2026 7:00,15.2644,70.995,14.2835,2.267
16487,7/19/2026 7:15,15.2677,70.995,14.2872,2.266
16488,7/19/2026 7:30,15.2694,70.995,14.2894,2.265
16489,7/19/2026 7:45,15.2712,70.995,14.2884,2.272
16490,7/19/2026 8:00,15.2712,70.995,14.2903,2.267
16491,7/19/2026 8:15,15.2699,71.168,14.2914,2.262
16492,7/19/2026 8:30,15.2699,71.168,14.2891,2.267
16493,7/19/2026 8:45,15.2699,71.168,14.2925,2.259
16494,7/19/2026 9:00,15.272,71.339,14.293,2.263
16495,7/19/2026 9:15,15.2738,71.339,14.2946,2.264
16496,7/19/2026 9:30,15.2755,71.339,14.2939,2.269
16497,7/19/2026 9:45,15.2742,71.512,14.2939,2.266
16498,7/19/2026 10:00,15.2725,71.512,14.29,2.271
16499,7/19/2026 10:15,15.2645,71.683,14.2909,2.251
16500,7/19/2026 10:30,15.2717,71.856,14.2903,2.269
16501,7/19/2026 10:45,15.2739,72.028,14.2882,2.279
16502,7/19/2026 11:00,15.2847,72.199,14.2907,2.298
16503,7/19/2026 11:15,15.289,72.545,14.2901,2.309
16504,7/19/2026 11:30,15.2877,72.718,14.2865,2.315
16505,7/19/2026 11:45,15.2852,73.062,14.2853,2.312
16506,7/19/2026 12:00,15.2828,73.407,14.2823,2.313
16507,7/19/2026 12:15,15.282,73.753,14.2803,2.317
16508,7/19/2026 12:30,15.2807,73.926,14.2782,2.318
16509,7/19/2026 12:45,15.2761,74.098,14.2771,2.31
16510,7/19/2026 13:00,15.2748,74.271,14.2698,2.324
16511,7/19/2026 13:15,15.2736,74.446,14.269,2.323
16512,7/19/2026 13:30,15.2706,74.619,14.2674,2.32
16513,7/19/2026 13:45,15.2684,74.446,14.2665,2.317
16514,7/19/2026 14:00,15.2702,74.446,14.2637,2.328
16515,7/19/2026 14:15,15.2651,74.446,14.2627,2.318
16516,7/19/2026 14:30,15.2655,74.619,14.2617,2.322
16517,7/19/2026 14:45,15.2638,74.619,14.2584,2.325
16518,7/19/2026 15:00,15.2655,74.619,14.255,2.337
16519,7/19/2026 15:15,15.2638,74.619,14.2556,2.332
16520,7/19/2026 15:30,15.2587,74.619,14.2542,2.323
16521,7/19/2026 15:45,15.2548,74.446,14.2552,2.312
16522,7/19/2026 16:00,15.253,74.446,14.2534,2.312
16523,7/19/2026 16:15,15.2509,74.271,14.2513,2.312
16524,7/19/2026 16:30,15.2487,74.098,14.2505,2.308
16525,7/19/2026 16:45,15.2483,73.926,14.2504,2.308
16526,7/19/2026 17:00,15.2449,73.926,14.2505,2.3
16527,7/19/2026 17:15,15.25,73.926,14.2542,2.303
16528,7/19/2026 17:30,15.2478,73.753,14.2579,2.289
16529,7/19/2026 17:45,15.2496,73.753,14.2591,2.29
16530,7/19/2026 18:00,15.2461,73.753,14.2617,2.276
16531,7/19/2026 18:15,15.2456,73.58,14.2653,2.267
16532,7/19/2026 18:30,15.2456,73.58,14.269,2.258
16533,7/19/2026 18:45,15.2435,73.407,14.2688,2.254
16534,7/19/2026 19:00,15.2452,73.407,14.2703,2.254
16535,7/19/2026 19:15,15.243,73.234,14.2711,2.247
16536,7/19/2026 19:30,15.2442,73.062,14.271,2.25
16537,7/19/2026 19:45,15.2527,73.062,14.2762,2.258
16538,7/19/2026 20:00,15.2523,72.891,14.2775,2.254
16539,7/19/2026 20:15,15.2574,72.891,14.2806,2.259
16540,7/19/2026 20:30,15.262,72.718,14.2806,2.269
16541,7/19/2026 20:45,15.2604,72.718,14.2846,2.256
16542,7/19/2026 21:00,15.2668,72.545,14.2839,2.273
16543,7/19/2026 21:15,15.2684,72.545,14.2842,2.276
16544,7/19/2026 21:30,15.2702,72.545,14.2875,2.272
16545,7/19/2026 21:45,15.2697,72.372,14.2894,2.267
16546,7/19/2026 22:00,15.2715,72.372,14.2881,2.274
16547,7/19/2026 22:15,15.2726,72.199,14.2891,2.274
16548,7/19/2026 22:30,15.2726,72.199,14.2925,2.266
16549,7/19/2026 22:45,15.2693,72.199,14.2911,2.261
16550,7/19/2026 23:00,15.2739,72.028,14.2891,2.277
16551,7/19/2026 23:15,15.2722,72.028,14.2914,2.267
16552,7/19/2026 23:30,15.2704,72.028,14.2894,2.268
16553,7/19/2026 23:45,15.2671,72.028,14.2856,2.269
16554,7/20/2026 0:00,15.2667,71.856,14.2842,2.271
16555,7/20/2026 0:15,15.2649,71.856,14.2804,2.276
16556,7/20/2026 0:30,15.2581,71.856,14.279,2.264
16557,7/20/2026 0:45,15.2581,71.856,14.2798,2.262
16558,7/20/2026 1:00,15.2529,71.856,14.2762,2.258
16559,7/20/2026 1:15,15.2542,71.683,14.2716,2.272
16560,7/20/2026 1:30,15.2491,71.683,14.271,2.261
16561,7/20/2026 1:45,15.2507,71.683,14.2719,2.263
16562,7/20/2026 2:00,15.2452,71.512,14.2721,2.25
16563,7/20/2026 2:15,15.2417,71.512,14.2685,2.25
16564,7/20/2026 2:30,15.2396,71.339,14.2658,2.251
16565,7/20/2026 2:45,15.2362,71.339,14.2605,2.255
16566,7/20/2026 3:00,15.2294,71.339,14.2578,2.246
16567,7/20/2026 3:15,15.2306,71.168,14.2572,2.25
16568,7/20/2026 3:30,15.229,71.168,14.255,2.251
16569,7/20/2026 3:45,15.225,70.995,14.2575,2.237
16570,7/20/2026 4:00,15.225,70.995,14.2569,2.238
16571,7/20/2026 4:15,15.2229,70.824,14.2569,2.233
16572,7/20/2026 4:30,15.2194,70.824,14.2569,2.225
16573,7/20/2026 4:45,15.2246,70.824,14.2584,2.234
16574,7/20/2026 5:00,15.2207,70.651,14.26,2.221
16575,7/20/2026 5:15,15.2224,70.651,14.26,2.225
16576,7/20/2026 5:30,15.2185,70.48,14.2578,2.221
16577,7/20/2026 5:45,15.222,70.48,14.2608,2.222
16578,7/20/2026 6:00,15.2203,70.48,14.2603,2.219
16579,7/20/2026 6:15,15.2198,70.308,14.2603,2.218
16580,7/20/2026 6:30,15.2198,70.308,14.2619,2.214
16581,7/20/2026 6:45,15.2198,70.308,14.2633,2.211
16582,7/20/2026 7:00,15.2214,70.308,14.2639,2.213
16583,7/20/2026 7:15,15.2249,70.308,14.2691,2.209
16584,7/20/2026 7:30,15.2232,70.308,14.2694,2.205
16585,7/20/2026 7:45,15.2232,70.308,14.2716,2.2
16586,7/20/2026 8:00,15.2249,70.308,14.2727,2.201
16587,7/20/2026 8:15,15.2266,70.308,14.2732,2.204
16588,7/20/2026 8:30,15.2335,70.308,14.2735,2.219
16589,7/20/2026 8:45,15.2368,70.308,14.2746,2.224
16590,7/20/2026 9:00,15.2374,70.48,14.279,2.215
16591,7/20/2026 9:15,15.239,70.48,14.2746,2.229
16592,7/20/2026 9:30,15.2425,70.48,14.278,2.229
16593,7/20/2026 9:45,15.2532,70.651,14.2787,2.253
16594,7/20/2026 10:00,15.2514,70.651,14.2784,2.249
16595,7/20/2026 10:15,15.2622,70.824,14.2798,2.271
16596,7/20/2026 10:30,15.2554,70.824,14.2784,2.258
16597,7/20/2026 10:45,15.2523,70.995,14.2774,2.254
16598,7/20/2026 11:00,15.2507,70.995,14.2749,2.256
16599,7/20/2026 11:15,15.2477,71.168,14.2723,2.255
16600,7/20/2026 11:30,15.2477,71.168,14.2737,2.251
16601,7/20/2026 11:45,15.2459,71.168,14.2679,2.261
16602,7/20/2026 12:00,15.238,71.339,14.2661,2.247
16603,7/20/2026 12:15,15.2333,71.512,14.2621,2.245
16604,7/20/2026 12:30,15.232,71.683,14.262,2.243
16605,7/20/2026 12:45,15.2291,71.856,14.2584,2.244
16606,7/20/2026 13:00,15.2261,72.028,14.2562,2.242
16607,7/20/2026 13:15,15.2232,72.199,14.256,2.236
16608,7/20/2026 13:30,15.2265,72.199,14.2534,2.25
16609,7/20/2026 13:45,15.2219,72.372,14.2488,2.25
16610,7/20/2026 14:00,15.2339,72.372,14.2492,2.277
16611,7/20/2026 14:15,15.239,72.372,14.2446,2.299
16612,7/20/2026 14:30,15.2446,72.545,14.2424,2.317
16613,7/20/2026 14:45,15.2578,72.372,14.2434,2.345
16614,7/20/2026 15:00,15.2816,72.372,14.2431,2.401
16615,7/20/2026 15:15,15.3073,72.372,14.2437,2.459
16616,7/20/2026 15:30,15.3073,72.372,14.2414,2.464
16617,7/20/2026 15:45,15.3209,72.372,14.2373,2.505
16618,7/20/2026 16:00,15.3359,72.199,14.2368,2.541
16619,7/20/2026 16:15,15.3495,72.199,14.2401,2.565
16620,7/20/2026 16:30,15.353,72.199,14.2379,2.578
16621,7/20/2026 16:45,15.3666,72.199,14.2337,2.619
16622,7/20/2026 17:00,15.3752,72.199,14.2349,2.636
16623,7/20/2026 17:15,15.3649,72.199,14.233,2.617
16624,7/20/2026 17:30,15.3627,72.028,14.2333,2.611
16625,7/20/2026 17:45,15.3627,72.028,14.2321,2.614
16626,7/20/2026 18:00,15.3662,72.028,14.2368,2.611
16627,7/20/2026 18:15,15.3673,71.856,14.2386,2.609
16628,7/20/2026 18:30,15.3725,71.856,14.2418,2.614
16629,7/20/2026 18:45,15.3656,71.856,14.2426,2.596
16630,7/20/2026 19:00,15.3669,71.683,14.2437,2.597
16631,7/20/2026 19:15,15.3634,71.683,14.243,2.59
16632,7/20/2026 19:30,15.3682,71.512,14.246,2.594
16633,7/20/2026 19:45,15.3766,71.512,14.2482,2.609
16634,7/20/2026 20:00,15.3715,71.512,14.2504,2.592
16635,7/20/2026 20:15,15.3698,71.512,14.252,2.584
16636,7/20/2026 20:30,15.3733,71.512,14.2565,2.582
16637,7/20/2026 20:45,15.3744,71.339,14.2559,2.586
16638,7/20/2026 21:00,15.3728,71.339,14.26,2.573
16639,7/20/2026 21:15,15.3711,71.339,14.2603,2.568
16640,7/20/2026 21:30,15.366,71.339,14.2627,2.551
16641,7/20/2026 21:45,15.3694,71.339,14.265,2.553
16642,7/20/2026 22:00,15.3728,71.339,14.2666,2.557
16643,7/20/2026 22:15,15.3762,71.339,14.2645,2.57
16644,7/20/2026 22:30,15.3724,71.168,14.2655,2.559
16645,7/20/2026 22:45,15.3654,71.168,14.2639,2.546
16646,7/20/2026 23:00,15.3707,71.168,14.2648,2.557
16647,7/20/2026 23:15,15.3621,71.168,14.2627,2.541
16648,7/20/2026 23:30,15.3757,71.168,14.2627,2.573
16649,7/20/2026 23:45,15.3707,71.168,14.2636,2.559
16650,7/21/2026 0:00,15.3672,71.168,14.2605,2.558
16651,7/21/2026 0:15,15.3702,70.995,14.2568,2.574
16652,7/21/2026 0:30,15.3633,70.995,14.2553,2.561
16653,7/21/2026 0:45,15.3582,70.995,14.2516,2.558
16654,7/21/2026 1:00,15.3633,70.995,14.2516,2.57
16655,7/21/2026 1:15,15.3543,70.824,14.2463,2.561
16656,7/21/2026 1:30,15.3595,70.824,14.2488,2.567
16657,7/21/2026 1:45,15.356,70.824,14.2488,2.559
16658,7/21/2026 2:00,15.356,70.824,14.2482,2.561
16659,7/21/2026 2:15,15.3543,70.824,14.2482,2.557
16660,7/21/2026 2:30,15.3475,70.824,14.2452,2.548
16661,7/21/2026 2:45,15.3488,70.651,14.2452,2.551
16662,7/21/2026 3:00,15.3488,70.651,14.2421,2.558
16663,7/21/2026 3:15,15.3488,70.651,14.2468,2.547
16664,7/21/2026 3:30,15.3488,70.651,14.2446,2.552
16665,7/21/2026 3:45,15.3437,70.651,14.243,2.544
16666,7/21/2026 4:00,15.3415,70.48,14.243,2.539
16667,7/21/2026 4:15,15.3448,70.48,14.243,2.547
16668,7/21/2026 4:30,15.3431,70.48,14.2446,2.539
16669,7/21/2026 4:45,15.3466,70.48,14.244,2.549
16670,7/21/2026 5:00,15.3501,70.48,14.244,2.557
16671,7/21/2026 5:15,15.3448,70.48,14.244,2.545
16672,7/21/2026 5:30,15.3466,70.48,14.2449,2.547
16673,7/21/2026 5:45,15.3534,70.48,14.251,2.548
16674,7/21/2026 6:00,15.3483,70.48,14.2495,2.54
16675,7/21/2026 6:15,15.3398,70.48,14.2479,2.524
16676,7/21/2026 6:30,15.3483,70.48,14.2495,2.54
16677,7/21/2026 6:45,15.3431,70.48,14.2495,2.528
16678,7/21/2026 7:00,15.3376,70.308,14.2517,2.51
16679,7/21/2026 7:15,15.3409,70.308,14.2537,2.513
16680,7/21/2026 7:30,15.3415,70.48,14.2545,2.513
16681,7/21/2026 7:45,15.3398,70.48,14.2565,2.504
16682,7/21/2026 8:00,15.3448,70.48,14.2603,2.507
16683,7/21/2026 8:15,15.3501,70.48,14.2614,2.516
16684,7/21/2026 8:30,15.3448,70.48,14.2627,2.501
16685,7/21/2026 8:45,15.3419,70.651,14.2617,2.497
16686,7/21/2026 9:00,15.347,70.651,14.2623,2.507
16687,7/21/2026 9:15,15.3437,70.651,14.2623,2.5
16688,7/21/2026 9:30,15.3492,70.824,14.2645,2.507
16689,7/21/2026 9:45,15.3492,70.824,14.2648,2.507
16690,7/21/2026 10:00,15.3492,70.824,14.2645,2.507
16691,7/21/2026 10:15,15.3527,70.824,14.2642,2.516
16692,7/21/2026 10:30,15.3595,70.824,14.2633,2.534
16693,7/21/2026 10:45,15.3565,70.995,14.2617,2.531
16694,7/21/2026 11:00,15.3633,70.995,14.2624,2.545
16695,7/21/2026 11:15,15.3599,70.995,14.2614,2.539
16696,7/21/2026 11:30,15.3672,71.168,14.26,2.56
16697,7/21/2026 11:45,15.3672,71.168,14.2587,2.563
16698,7/21/2026 12:00,15.3775,71.168,14.26,2.583
16699,7/21/2026 12:15,15.3847,71.339,14.2569,2.607
16700,7/21/2026 12:30,15.3886,71.512,14.2529,2.626
16701,7/21/2026 12:45,15.392,71.512,14.2517,2.636
16702,7/21/2026 13:00,15.3963,71.856,14.2456,2.66
16703,7/21/2026 13:15,15.4003,72.028,14.2459,2.669
16704,7/21/2026 13:30,15.3991,72.199,14.2455,2.667
16705,7/21/2026 13:45,15.4013,72.372,14.2442,2.675
16706,7/21/2026 14:00,15.4068,72.545,14.2476,2.68
16707,7/21/2026 14:15,15.4068,72.545,14.2465,2.683
16708,7/21/2026 14:30,15.405,72.545,14.2453,2.681
16709,7/21/2026 14:45,15.405,72.545,14.2436,2.685
16710,7/21/2026 15:00,15.4046,72.372,14.2458,2.679
16711,7/21/2026 15:15,15.4029,72.372,14.2442,2.679
16712,7/21/2026 15:30,15.3943,72.372,14.2417,2.665
16713,7/21/2026 15:45,15.391,72.372,14.2394,2.663
16714,7/21/2026 16:00,15.3978,72.372,14.2385,2.68
16715,7/21/2026 16:15,15.3824,72.372,14.2394,2.643
16716,7/21/2026 16:30,15.3824,72.372,14.2386,2.644
16717,7/21/2026 16:45,15.3789,72.372,14.2411,2.631
16718,7/21/2026 17:00,15.3743,72.545,14.2384,2.626
16719,7/21/2026 17:15,15.3675,72.545,14.2431,2.6
16720,7/21/2026 17:30,15.371,72.545,14.2404,2.614
16721,7/21/2026 17:45,15.371,72.545,14.2429,2.608
16722,7/21/2026 18:00,15.3641,72.545,14.2462,2.585
16723,7/21/2026 18:15,15.3692,72.545,14.2437,2.602
16724,7/21/2026 18:30,15.3657,72.545,14.2476,2.585
16725,7/21/2026 18:45,15.3657,72.545,14.2485,2.583
16726,7/21/2026 19:00,15.3602,72.372,14.2482,2.571
16727,7/21/2026 19:15,15.3585,72.372,14.2511,2.56
16728,7/21/2026 19:30,15.358,72.199,14.2511,2.559
16729,7/21/2026 19:45,15.3563,72.199,14.2533,2.55
16730,7/21/2026 20:00,15.3512,72.199,14.2539,2.537
16731,7/21/2026 20:15,15.3559,72.028,14.2562,2.542
16732,7/21/2026 20:30,15.3491,72.028,14.2578,2.523
16733,7/21/2026 20:45,15.3524,72.028,14.2608,2.524
16734,7/21/2026 21:00,15.3508,72.028,14.2594,2.523
16735,7/21/2026 21:15,15.3502,71.856,14.2603,2.52
16736,7/21/2026 21:30,15.3486,71.856,14.2627,2.51
16737,7/21/2026 21:45,15.3418,71.856,14.2621,2.496
16738,7/21/2026 22:00,15.3434,71.856,14.263,2.498
16739,7/21/2026 22:15,15.3469,71.856,14.2624,2.507
16740,7/21/2026 22:30,15.3401,71.856,14.2663,2.482
16741,7/21/2026 22:45,15.3412,71.683,14.2688,2.479
16742,7/21/2026 23:00,15.3396,71.683,14.2697,2.474
16743,7/21/2026 23:15,15.3396,71.683,14.2691,2.475
16744,7/21/2026 23:30,15.3412,71.683,14.2669,2.484
16745,7/21/2026 23:45,15.3311,71.683,14.2663,2.461
16746,7/22/2026 0:00,15.3328,71.683,14.2642,2.471
16747,7/22/2026 0:15,15.3328,71.683,14.2642,2.471
16748,7/22/2026 0:30,15.3289,71.512,14.262,2.466
16749,7/22/2026 0:45,15.3254,71.512,14.2605,2.462
16750,7/22/2026 1:00,15.3272,71.512,14.2598,2.467
16751,7/22/2026 1:15,15.3237,71.512,14.2568,2.466
16752,7/22/2026 1:30,15.3182,71.339,14.2516,2.466
16753,7/22/2026 1:45,15.3131,71.339,14.2495,2.459
16754,7/22/2026 2:00,15.3096,71.339,14.2504,2.449
16755,7/22/2026 2:15,15.3079,71.339,14.2488,2.448
16756,7/22/2026 2:30,15.3113,71.339,14.2498,2.454
16757,7/22/2026 2:45,15.3063,71.339,14.2498,2.442
16758,7/22/2026 3:00,15.3057,71.168,14.2507,2.439
16759,7/22/2026 3:15,15.3057,71.168,14.2507,2.439
16760,7/22/2026 3:30,15.3041,71.168,14.2485,2.44
16761,7/22/2026 3:45,15.2938,71.168,14.2501,2.413
16762,7/22/2026 4:00,15.2955,71.168,14.2495,2.418
16763,7/22/2026 4:15,15.2989,71.168,14.2479,2.429
16764,7/22/2026 4:30,15.3002,70.995,14.2504,2.427
16765,7/22/2026 4:45,15.3019,70.995,14.252,2.427
16766,7/22/2026 5:00,15.3002,70.995,14.259,2.407
16767,7/22/2026 5:15,15.3019,70.995,14.2568,2.416
16768,7/22/2026 5:30,15.3048,70.824,14.2608,2.413
16769,7/22/2026 5:45,15.3083,70.824,14.2608,2.421
16770,7/22/2026 6:00,15.3083,70.824,14.2624,2.418
16771,7/22/2026 6:15,15.3134,70.824,14.2649,2.424
16772,7/22/2026 6:30,15.3219,70.824,14.2663,2.44
16773,7/22/2026 6:45,15.3248,70.651,14.2694,2.44
16774,7/22/2026 7:00,15.3283,70.651,14.2732,2.439
16775,7/22/2026 7:15,15.3351,70.651,14.2768,2.446
16776,7/22/2026 7:30,15.3402,70.651,14.2759,2.46
16777,7/22/2026 7:45,15.3437,70.651,14.2795,2.46
16778,7/22/2026 8:00,15.3437,70.651,14.2807,2.457
16779,7/22/2026 8:15,15.347,70.651,14.2835,2.458
16780,7/22/2026 8:30,15.3453,70.651,14.2842,2.453
16781,7/22/2026 8:45,15.3441,70.824,14.2839,2.451
16782,7/22/2026 9:00,15.3406,70.824,14.2842,2.442
16783,7/22/2026 9:15,15.3406,70.824,14.2814,2.448
16784,7/22/2026 9:30,15.3428,70.995,14.2839,2.448
16785,7/22/2026 9:45,15.3428,70.995,14.2833,2.449
16786,7/22/2026 10:00,15.3472,71.339,14.2806,2.466
16787,7/22/2026 10:15,15.3425,71.512,14.2833,2.449
16788,7/22/2026 10:30,15.3361,71.683,14.2814,2.438
16789,7/22/2026 10:45,15.3366,71.856,14.2803,2.442
16790,7/22/2026 11:00,15.3405,72.028,14.2826,2.446
16791,7/22/2026 11:15,15.3405,72.028,14.2835,2.444
16792,7/22/2026 11:30,15.3376,72.199,14.2833,2.437
16793,7/22/2026 11:45,15.3334,72.545,14.2784,2.439
16794,7/22/2026 12:00,15.3321,72.718,14.2778,2.438
16795,7/22/2026 12:15,15.3296,73.062,14.2769,2.434
16796,7/22/2026 12:30,15.3285,73.234,14.2782,2.428
16797,7/22/2026 12:45,15.3258,73.58,14.2765,2.427
16798,7/22/2026 13:00,15.3183,73.926,14.274,2.415
16799,7/22/2026 13:15,15.3154,74.098,14.2707,2.416
16800,7/22/2026 13:30,15.3158,74.271,14.269,2.421
16801,7/22/2026 13:45,15.3145,74.446,14.2681,2.42
16802,7/22/2026 14:00,15.3116,74.619,14.2656,2.419
16803,7/22/2026 14:15,15.3066,74.619,14.2661,2.406
16804,7/22/2026 14:30,15.3087,74.791,14.263,2.419
16805,7/22/2026 14:45,15.3053,74.791,14.2658,2.404
16806,7/22/2026 15:00,15.3035,74.791,14.2658,2.4
16807,7/22/2026 15:15,15.3002,74.791,14.2674,2.389
16808,7/22/2026 15:30,15.3031,74.619,14.2643,2.402
16809,7/22/2026 15:45,15.2976,74.446,14.2633,2.392
16810,7/22/2026 16:00,15.2958,74.446,14.2594,2.397
16811,7/22/2026 16:15,15.2902,74.271,14.2592,2.384
16812,7/22/2026 16:30,15.2864,74.098,14.256,2.383
16813,7/22/2026 16:45,15.2858,73.926,14.2576,2.378
16814,7/22/2026 17:00,15.2836,73.753,14.2576,2.373
16815,7/22/2026 17:15,15.2815,73.58,14.2576,2.367
16816,7/22/2026 17:30,15.2799,73.58,14.2614,2.355
16817,7/22/2026 17:45,15.276,73.407,14.2623,2.344
16818,7/22/2026 18:00,15.276,73.407,14.2616,2.346
16819,7/22/2026 18:15,15.2823,73.234,14.2633,2.356
16820,7/22/2026 18:30,15.2767,73.062,14.2648,2.34
16821,7/22/2026 18:45,15.2813,72.891,14.2681,2.343
16822,7/22/2026 19:00,15.2831,72.891,14.2694,2.344
16823,7/22/2026 19:15,15.2809,72.718,14.2752,2.325
16824,7/22/2026 19:30,15.286,72.718,14.2759,2.335
16825,7/22/2026 19:45,15.2838,72.545,14.279,2.323
16826,7/22/2026 20:00,15.2834,72.372,14.2806,2.318
16827,7/22/2026 20:15,15.2851,72.372,14.2842,2.314
16828,7/22/2026 20:30,15.2816,72.372,14.2817,2.312
16829,7/22/2026 20:45,15.2812,72.199,14.288,2.296
16830,7/22/2026 21:00,15.2847,72.199,14.2904,2.299
16831,7/22/2026 21:15,15.2863,72.199,14.2882,2.307
16832,7/22/2026 21:30,15.2876,72.028,14.2907,2.305
16833,7/22/2026 21:45,15.291,72.028,14.2955,2.302
16834,7/22/2026 22:00,15.2944,72.028,14.2949,2.311
16835,7/22/2026 22:15,15.2926,72.028,14.2974,2.301
16836,7/22/2026 22:30,15.2957,71.856,14.2983,2.306
16837,7/22/2026 22:45,15.3008,71.856,14.3007,2.312
16838,7/22/2026 23:00,15.299,71.856,14.298,2.314
16839,7/22/2026 23:15,15.2974,71.856,14.2988,2.309
16840,7/22/2026 23:30,15.29,71.683,14.2967,2.296
16841,7/22/2026 23:45,15.2883,71.683,14.2955,2.295
16842,7/23/2026 0:00,15.2849,71.683,14.2903,2.3
16843,7/23/2026 0:15,15.2867,71.683,14.2887,2.307
16844,7/23/2026 0:30,15.2867,71.683,14.2881,2.309
16845,7/23/2026 0:45,15.2828,71.512,14.2867,2.303
16846,7/23/2026 1:00,15.2828,71.512,14.2845,2.308
16847,7/23/2026 1:15,15.2845,71.512,14.2829,2.316
16848,7/23/2026 1:30,15.2845,71.512,14.2823,2.317
16849,7/23/2026 1:45,15.2896,71.512,14.2771,2.341
16850,7/23/2026 2:00,15.2823,71.339,14.2795,2.318
16851,7/23/2026 2:15,15.2909,71.339,14.2759,2.346
16852,7/23/2026 2:30,15.2989,71.168,14.2752,2.366
16853,7/23/2026 2:45,15.3024,71.168,14.2746,2.376
16854,7/23/2026 3:00,15.3195,71.168,14.2716,2.422
16855,7/23/2026 3:15,15.3364,71.168,14.2694,2.467
16856,7/23/2026 3:30,15.3549,70.995,14.271,2.506
16857,7/23/2026 3:45,15.3718,70.995,14.2755,2.534
16858,7/23/2026 4:00,15.3753,70.995,14.2724,2.549
16859,7/23/2026 4:15,15.3804,70.995,14.274,2.557
16860,7/23/2026 4:30,15.3714,70.824,14.2704,2.545
16861,7/23/2026 4:45,15.3731,70.824,14.2704,2.549
16862,7/23/2026 5:00,15.3765,70.824,14.2749,2.546
16863,7/23/2026 5:15,15.3885,70.824,14.278,2.567
16864,7/23/2026 5:30,15.3918,70.824,14.2749,2.582
16865,7/23/2026 5:45,15.4021,70.824,14.2804,2.593
16866,7/23/2026 6:00,15.4056,70.824,14.2804,2.601
16867,7/23/2026 6:15,15.4204,70.651,14.2875,2.619
16868,7/23/2026 6:30,15.4393,70.651,14.2829,2.673
16869,7/23/2026 6:45,15.4747,70.48,14.29,2.738
16870,7/23/2026 7:00,15.5105,70.48,14.2977,2.803
16871,7/23/2026 7:15,15.5681,70.308,14.2985,2.934
16872,7/23/2026 7:30,15.5698,70.308,14.2985,2.938
16873,7/23/2026 7:45,15.5971,70.308,14.2991,3
16874,7/23/2026 8:00,15.5984,70.137,14.293,3.017
16875,7/23/2026 8:15,15.5778,70.137,14.2922,2.972
16876,7/23/2026 8:30,15.5932,70.137,14.2943,3.002
16877,7/23/2026 8:45,15.5762,70.137,14.2939,2.964
16878,7/23/2026 9:00,15.5813,70.137,14.2967,2.969
16879,7/23/2026 9:15,15.5847,70.137,14.2949,2.981
16880,7/23/2026 9:30,15.5813,70.137,14.2971,2.968
16881,7/23/2026 9:45,15.5749,70.308,14.2983,2.951
16882,7/23/2026 10:00,15.5663,70.308,14.2933,2.942
16883,7/23/2026 10:15,15.5663,70.308,14.2977,2.932
16884,7/23/2026 10:30,15.5531,70.48,14.2949,2.908
16885,7/23/2026 10:45,15.5485,70.651,14.2936,2.901
16886,7/23/2026 11:00,15.5511,70.995,14.2938,2.906
16887,7/23/2026 11:15,15.5414,71.168,14.2932,2.885
16888,7/23/2026 11:30,15.5333,71.339,14.2948,2.863
16889,7/23/2026 11:45,15.5321,71.512,14.2972,2.855
16890,7/23/2026 12:00,15.5235,71.512,14.2951,2.84
16891,7/23/2026 12:15,15.4996,71.512,14.2917,2.792
16892,7/23/2026 12:30,15.495,71.683,14.2922,2.781
16893,7/23/2026 12:45,15.4868,71.856,14.2864,2.775
16894,7/23/2026 13:00,15.4822,72.028,14.2852,2.767
16895,7/23/2026 13:15,15.4707,72.199,14.284,2.744
16896,7/23/2026 13:30,15.4632,72.545,14.2835,2.728
16897,7/23/2026 13:45,15.4654,72.718,14.2833,2.733
16898,7/23/2026 14:00,15.4504,72.891,14.2797,2.707
16899,7/23/2026 14:15,15.4491,73.062,14.278,2.708
16900,7/23/2026 14:30,15.4427,73.234,14.2768,2.696
16901,7/23/2026 14:45,15.433,73.407,14.2787,2.669
16902,7/23/2026 15:00,15.4262,73.407,14.2791,2.653
16903,7/23/2026 15:15,15.4245,73.407,14.2795,2.647
16904,7/23/2026 15:30,15.4211,73.407,14.2794,2.64
16905,7/23/2026 15:45,15.4091,73.407,14.2791,2.613
16906,7/23/2026 16:00,15.4126,73.407,14.2795,2.62
16907,7/23/2026 16:15,15.3984,73.234,14.2772,2.592
16908,7/23/2026 16:30,15.4014,73.062,14.2785,2.596
16909,7/23/2026 16:45,15.3962,73.062,14.2784,2.585
16910,7/23/2026 17:00,15.3872,72.891,14.2793,2.562
16911,7/23/2026 17:15,15.3889,72.891,14.2765,2.572
16912,7/23/2026 17:30,15.3833,72.718,14.2794,2.552
16913,7/23/2026 17:45,15.385,72.718,14.2877,2.537
16914,7/23/2026 18:00,15.3799,72.718,14.2853,2.531
16915,7/23/2026 18:15,15.3828,72.545,14.2903,2.526
16916,7/23/2026 18:30,15.3828,72.545,14.2922,2.522
16917,7/23/2026 18:45,15.3842,72.372,14.2967,2.514
16918,7/23/2026 19:00,15.3824,72.372,14.2959,2.512
16919,7/23/2026 19:15,15.3785,72.199,14.2983,2.498
16920,7/23/2026 19:30,15.3785,72.199,14.2991,2.495
16921,7/23/2026 19:45,15.3763,72.028,14.2997,2.489
16922,7/23/2026 20:00,15.3747,72.028,14.3026,2.479
16923,7/23/2026 20:15,15.3781,72.028,14.3048,2.481
16924,7/23/2026 20:30,15.3759,71.856,14.307,2.471
16925,7/23/2026 20:45,15.3708,71.856,14.3084,2.456
16926,7/23/2026 21:00,15.3704,71.683,14.3094,2.453
16927,7/23/2026 21:15,15.3669,71.683,14.3109,2.441
16928,7/23/2026 21:30,15.3686,71.683,14.3142,2.438
16929,7/23/2026 21:45,15.3698,71.512,14.3167,2.435
16930,7/23/2026 22:00,15.3698,71.512,14.3177,2.432
16931,7/23/2026 22:15,15.3665,71.512,14.3139,2.433
16932,7/23/2026 22:30,15.3625,71.339,14.3148,2.422
16933,7/23/2026 22:45,15.3575,71.339,14.3173,2.405
16934,7/23/2026 23:00,15.3608,71.339,14.3204,2.405
16935,7/23/2026 23:15,15.3575,71.339,14.3167,2.406
16936,7/23/2026 23:30,15.3575,71.339,14.3175,2.404
16937,7/23/2026 23:45,15.3557,71.339,14.317,2.401
16938,7/24/2026 0:00,15.3522,71.339,14.3186,2.39
16939,7/24/2026 0:15,15.3485,71.168,14.3148,2.39
16940,7/24/2026 0:30,15.345,71.168,14.3112,2.39
16941,7/24/2026 0:45,15.3433,71.168,14.312,2.384
16942,7/24/2026 1:00,15.345,71.168,14.3068,2.4
16943,7/24/2026 1:15,15.3485,71.168,14.3109,2.399
16944,7/24/2026 1:30,15.3467,71.168,14.3057,2.407
16945,7/24/2026 1:45,15.3463,70.995,14.301,2.416
16946,7/24/2026 2:00,15.3463,70.995,14.3051,2.407
16947,7/24/2026 2:15,15.3411,70.995,14.3029,2.4
16948,7/24/2026 2:30,15.348,70.995,14.3023,2.417
16949,7/24/2026 2:45,15.3459,70.824,14.3007,2.416
16950,7/24/2026 3:00,15.3406,70.824,14.2955,2.416
16951,7/24/2026 3:15,15.3356,70.824,14.2933,2.409
16952,7/24/2026 3:30,15.3389,70.824,14.2964,2.41
16953,7/24/2026 3:45,15.3385,70.651,14.2927,2.417
16954,7/24/2026 4:00,15.3369,70.651,14.2922,2.415
16955,7/24/2026 4:15,15.3419,70.651,14.29,2.432
16956,7/24/2026 4:30,15.3385,70.651,14.2916,2.42
16957,7/24/2026 4:45,15.3453,70.651,14.2946,2.429
16958,7/24/2026 5:00,15.3453,70.651,14.2925,2.434
16959,7/24/2026 5:15,15.3483,70.48,14.2955,2.434
16960,7/24/2026 5:30,15.3483,70.48,14.2925,2.441
16961,7/24/2026 5:45,15.3483,70.48,14.2925,2.441
16962,7/24/2026 6:00,15.3483,70.48,14.2964,2.432
16963,7/24/2026 6:15,15.3585,70.48,14.2985,2.45
16964,7/24/2026 6:30,15.3637,70.48,14.3032,2.451
16965,7/24/2026 6:45,15.3723,70.48,14.3032,2.471
16966,7/24/2026 7:00,15.3773,70.48,14.3007,2.489
16967,7/24/2026 7:15,15.3824,70.48,14.3023,2.497
16968,7/24/2026 7:30,15.3842,70.48,14.3023,2.501
16969,7/24/2026 7:45,15.3875,70.48,14.3065,2.499
16970,7/24/2026 8:00,15.3978,70.48,14.3051,2.526
16971,7/24/2026 8:15,15.4013,70.48,14.3051,2.534
16972,7/24/2026 8:30,15.4046,70.48,14.3035,2.545
16973,7/24/2026 8:45,15.4166,70.48,14.3057,2.568
16974,7/24/2026 9:00,15.4149,70.48,14.3062,2.563
16975,7/24/2026 9:15,15.4204,70.651,14.3059,2.576
16976,7/24/2026 9:30,15.4171,70.651,14.3026,2.576
16977,7/24/2026 9:45,15.4226,70.824,14.3032,2.588
16978,7/24/2026 10:00,15.4175,70.824,14.3051,2.572
16979,7/24/2026 10:15,15.4124,70.824,14.3054,2.559
16980,7/24/2026 10:30,15.4146,70.995,14.3057,2.564
16981,7/24/2026 10:45,15.4078,70.995,14.3032,2.553
16982,7/24/2026 11:00,15.4065,71.168,14.3062,2.543
16983,7/24/2026 11:15,15.4047,71.168,14.3048,2.543
16984,7/24/2026 11:30,15.4082,71.168,14.3078,2.544
16985,7/24/2026 11:45,15.4087,71.339,14.3045,2.553
16986,7/24/2026 12:00,15.4069,71.339,14.3042,2.549
16987,7/24/2026 12:15,15.395,71.339,14.3032,2.524
16988,7/24/2026 12:30,15.3955,71.512,14.3026,2.526
16989,7/24/2026 12:45,15.3937,71.512,14.2997,2.529
16990,7/24/2026 13:00,15.3891,71.683,14.2978,2.523
16991,7/24/2026 13:15,15.3878,71.856,14.294,2.529
16992,7/24/2026 13:30,15.3862,71.856,14.2943,2.524
16993,7/24/2026 13:45,15.3827,71.856,14.2951,2.514
16994,7/24/2026 14:00,15.3827,71.856,14.2926,2.52
16995,7/24/2026 14:15,15.3781,72.028,14.2926,2.51
16996,7/24/2026 14:30,15.3741,71.856,14.2896,2.507
16997,7/24/2026 14:45,15.3673,71.856,14.2877,2.496
16998,7/24/2026 15:00,15.364,71.856,14.2877,2.488
16999,7/24/2026 15:15,15.3623,71.856,14.2855,2.489
17000,7/24/2026 15:30,15.3618,71.683,14.2874,2.484
17001,7/24/2026 15:45,15.3601,71.683,14.2852,2.485
17002,7/24/2026 16:00,15.3618,71.683,14.2822,2.496
17003,7/24/2026 16:15,15.3562,71.512,14.2788,2.491
17004,7/24/2026 16:30,15.3612,71.512,14.2824,2.494
17005,7/24/2026 16:45,15.3647,71.512,14.2848,2.497
17006,7/24/2026 17:00,15.3612,71.512,14.2829,2.493
17007,7/24/2026 17:15,15.3665,71.512,14.2826,2.506
17008,7/24/2026 17:30,15.3698,71.512,14.2816,2.516
17009,7/24/2026 17:45,15.3715,71.512,14.2811,2.521
17010,7/24/2026 18:00,15.3733,71.512,14.2861,2.513
17011,7/24/2026 18:15,15.3784,71.512,14.2858,2.526
17012,7/24/2026 18:30,15.3766,71.512,14.2913,2.509
17013,7/24/2026 18:45,15.3933,71.339,14.2919,2.546
17014,7/24/2026 19:00,15.4052,71.339,14.293,2.571
17015,7/24/2026 19:15,15.4087,71.339,14.2952,2.574
17016,7/24/2026 19:30,15.4133,71.168,14.294,2.587
17017,7/24/2026 19:45,15.4338,71.168,14.2955,2.631
17018,7/24/2026 20:00,15.4338,71.168,14.2971,2.628
17019,7/24/2026 20:15,15.4441,71.168,14.3016,2.641
17020,7/24/2026 20:30,15.459,70.995,14.3072,2.662
17021,7/24/2026 20:45,15.4691,70.995,14.3081,2.684
17022,7/24/2026 21:00,15.4744,70.995,14.3075,2.697
17023,7/24/2026 21:15,15.4845,70.995,14.3068,2.722
17024,7/24/2026 21:30,15.4722,70.824,14.3087,2.69
17025,7/24/2026 21:45,15.4823,70.824,14.3081,2.714
17026,7/24/2026 22:00,15.4773,70.824,14.3106,2.697
17027,7/24/2026 22:15,15.4823,70.824,14.313,2.703
17028,7/24/2026 22:30,15.4722,70.824,14.3109,2.684
17029,7/24/2026 22:45,15.4705,70.824,14.3117,2.678
17030,7/24/2026 23:00,15.4734,70.651,14.3096,2.69
17031,7/24/2026 23:15,15.4648,70.651,14.3112,2.667
17032,7/24/2026 23:30,15.4597,70.651,14.309,2.66
17033,7/24/2026 23:45,15.4512,70.651,14.3054,2.649
17034,7/25/2026 0:00,15.4494,70.651,14.3054,2.645
17035,7/25/2026 0:15,15.4456,70.48,14.301,2.646
17036,7/25/2026 0:30,15.4285,70.48,14.3035,2.601
17037,7/25/2026 0:45,15.4371,70.48,14.3019,2.624
17038,7/25/2026 1:00,15.4251,70.48,14.2999,2.601
17039,7/25/2026 1:15,15.4264,70.308,14.2946,2.616
17040,7/25/2026 1:30,15.4161,70.308,14.293,2.596
17041,7/25/2026 1:45,15.4161,70.308,14.2916,2.599
17042,7/25/2026 2:00,15.4076,70.308,14.2894,2.585
17043,7/25/2026 2:15,15.4024,70.308,14.2888,2.574
17044,7/25/2026 2:30,15.4024,70.308,14.2842,2.585
17045,7/25/2026 2:45,15.402,70.137,14.2881,2.575
17046,7/25/2026 3:00,15.3952,70.137,14.2851,2.566
17047,7/25/2026 3:15,15.3901,70.137,14.2851,2.554
17048,7/25/2026 3:30,15.3866,70.137,14.2851,2.546
17049,7/25/2026 3:45,15.3849,70.137,14.2845,2.543
17050,7/25/2026 4:00,15.3781,70.137,14.2845,2.528
17051,7/25/2026 4:15,15.3781,70.137,14.2861,2.524
17052,7/25/2026 4:30,15.3781,70.137,14.2861,2.524
17053,7/25/2026 4:45,15.3781,70.137,14.2891,2.517
17054,7/25/2026 5:00,15.3833,70.137,14.2875,2.533
17055,7/25/2026 5:15,15.3811,69.964,14.2891,2.524
17056,7/25/2026 5:30,15.3811,69.964,14.2906,2.521
17057,7/25/2026 5:45,15.3965,69.964,14.2891,2.559
17058,7/25/2026 6:00,15.4033,69.964,14.2922,2.568
17059,7/25/2026 6:15,15.4187,69.964,14.2946,2.598
17060,7/25/2026 6:30,15.4425,69.964,14.3007,2.639
17061,7/25/2026 6:45,15.4831,69.793,14.2993,2.736
17062,7/25/2026 7:00,15.5103,69.793,14.3023,2.792
17063,7/25/2026 7:15,15.5172,69.793,14.3038,2.804
17064,7/25/2026 7:30,15.524,69.793,14.3059,2.815
17065,7/25/2026 7:45,15.524,69.793,14.3081,2.81
17066,7/25/2026 8:00,15.5308,69.793,14.3071,2.828
17067,7/25/2026 8:15,15.5376,69.793,14.3062,2.846
17068,7/25/2026 8:30,15.5364,69.964,14.3068,2.842
17069,7/25/2026 8:45,15.545,69.964,14.309,2.857
17070,7/25/2026 9:00,15.5688,69.964,14.3112,2.907
17071,7/25/2026 9:15,15.5894,69.964,14.3117,2.953
17072,7/25/2026 9:30,15.6285,69.964,14.3109,3.046
17073,7/25/2026 9:45,15.6491,69.964,14.3115,3.092
17074,7/25/2026 10:00,15.6542,69.964,14.3112,3.104
17075,7/25/2026 10:15,15.6781,69.964,14.313,3.155
17076,7/25/2026 10:30,15.685,69.964,14.3126,3.172
17077,7/25/2026 10:45,15.7089,69.964,14.3148,3.222
17078,7/25/2026 11:00,15.7566,69.964,14.3093,3.345
17079,7/25/2026 11:15,15.7755,69.964,14.3123,3.382
17080,7/25/2026 11:30,15.8267,69.964,14.3109,3.504
17081,7/25/2026 11:45,15.8146,69.964,14.3099,3.478
17082,7/25/2026 12:00,15.8544,70.137,14.3059,3.579
17083,7/25/2026 12:15,15.8357,70.137,14.3048,3.538
17084,7/25/2026 12:30,15.8987,70.137,14.3013,3.692
17085,7/25/2026 12:45,15.8886,70.137,14.2987,3.675
17086,7/25/2026 13:00,15.9108,70.137,14.2949,3.735
17087,7/25/2026 13:15,15.8976,70.308,14.2929,3.709
17088,7/25/2026 13:30,15.9079,70.308,14.2943,3.73
17089,7/25/2026 13:45,15.9163,70.308,14.2938,3.75
17090,7/25/2026 14:00,15.913,70.308,14.2932,3.744
17091,7/25/2026 14:15,15.9061,70.308,14.2894,3.737
17092,7/25/2026 14:30,15.8686,70.308,14.2891,3.651
17093,7/25/2026 14:45,15.8822,70.308,14.2907,3.679
17094,7/25/2026 15:00,15.8651,70.308,14.2885,3.644
17095,7/25/2026 15:15,15.8583,70.308,14.2864,3.633
17096,7/25/2026 15:30,15.9009,70.308,14.2849,3.735
17097,7/25/2026 15:45,15.8583,70.308,14.2827,3.642
17098,7/25/2026 16:00,15.8275,70.308,14.2845,3.567
17099,7/25/2026 16:15,15.8396,70.308,14.2817,3.601
17100,7/25/2026 16:30,15.8275,70.308,14.2833,3.569
17101,7/25/2026 16:45,15.831,70.308,14.2798,3.585
17102,7/25/2026 17:00,15.8481,70.308,14.2811,3.622
17103,7/25/2026 17:15,15.8122,70.308,14.2827,3.535
17104,7/25/2026 17:30,15.8106,70.308,14.2823,3.532
17105,7/25/2026 17:45,15.7968,70.308,14.282,3.501
17106,7/25/2026 18:00,15.7952,70.308,14.2829,3.496
17107,7/25/2026 18:15,15.7554,70.137,14.2842,3.401
17108,7/25/2026 18:30,15.7724,70.137,14.2839,3.441
17109,7/25/2026 18:45,15.7452,70.137,14.2851,3.375
17110,7/25/2026 19:00,15.7605,70.137,14.2884,3.403
17111,7/25/2026 19:15,15.7605,70.137,14.2856,3.409
17112,7/25/2026 19:30,15.7469,70.137,14.2891,3.369
17113,7/25/2026 19:45,15.7588,70.137,14.2884,3.399
17114,7/25/2026 20:00,15.7349,70.137,14.2878,3.345
17115,7/25/2026 20:15,15.7161,70.137,14.293,3.289
17116,7/25/2026 20:30,15.7311,69.964,14.293,3.324
17117,7/25/2026 20:45,15.7054,69.964,14.2909,3.27
17118,7/25/2026 21:00,15.7447,69.964,14.2939,3.353
17119,7/25/2026 21:15,15.7173,69.964,14.2985,3.279
17120,7/25/2026 21:30,15.7379,69.964,14.2994,3.325
17121,7/25/2026 21:45,15.7412,69.964,14.2994,3.333
17122,7/25/2026 22:00,15.714,69.964,14.3004,3.267
17123,7/25/2026 22:15,15.7481,69.964,14.3019,3.343
17124,7/25/2026 22:30,15.7237,69.793,14.2999,3.291
17125,7/25/2026 22:45,15.7391,69.793,14.3013,3.323
17126,7/25/2026 23:00,15.7357,69.793,14.2991,3.32
17127,7/25/2026 23:15,15.7305,69.793,14.2991,3.308
17128,7/25/2026 23:30,15.7544,69.793,14.2971,3.368
17129,7/25/2026 23:45,15.7408,69.793,14.298,3.335
17130,7/26/2026 0:00,15.7391,69.793,14.2964,3.334
17131,7/26/2026 0:15,15.725,69.622,14.2943,3.307
17132,7/26/2026 0:30,15.7114,69.622,14.2958,3.272
17133,7/26/2026 0:45,15.7114,69.622,14.2922,3.28
17134,7/26/2026 1:00,15.6874,69.622,14.2922,3.225
17135,7/26/2026 1:15,15.7028,69.622,14.2906,3.264
17136,7/26/2026 1:30,15.6789,69.622,14.2875,3.216
17137,7/26/2026 1:45,15.6721,69.622,14.2845,3.207
17138,7/26/2026 2:00,15.6806,69.622,14.2845,3.227
17139,7/26/2026 2:15,15.6602,69.622,14.2829,3.183
17140,7/26/2026 2:30,15.6409,69.449,14.2875,3.128
17141,7/26/2026 2:45,15.6442,69.449,14.2861,3.139
17142,7/26/2026 3:00,15.6613,69.449,14.2845,3.182
17143,7/26/2026 3:15,15.6545,69.449,14.2861,3.163
17144,7/26/2026 3:30,15.6477,69.449,14.2839,3.152
17145,7/26/2026 3:45,15.6391,69.449,14.2839,3.132
17146,7/26/2026 4:00,15.6409,69.449,14.2853,3.133
17147,7/26/2026 4:15,15.6494,69.449,14.2839,3.156
17148,7/26/2026 4:30,15.6494,69.449,14.2853,3.153
17149,7/26/2026 4:45,15.6477,69.449,14.2853,3.149
17150,7/26/2026 5:00,15.6442,69.449,14.2853,3.141
17151,7/26/2026 5:15,15.6341,69.449,14.2869,3.113
17152,7/26/2026 5:30,15.6387,69.278,14.2869,3.124
17153,7/26/2026 5:45,15.6352,69.278,14.2885,3.112
17154,7/26/2026 6:00,15.6455,69.278,14.293,3.126
17155,7/26/2026 6:15,15.6473,69.278,14.2961,3.123
17156,7/26/2026 6:30,15.6216,69.278,14.2961,3.063
17157,7/26/2026 6:45,15.6438,69.278,14.2977,3.111
17158,7/26/2026 7:00,15.6336,69.278,14.2983,3.086
17159,7/26/2026 7:15,15.6319,69.278,14.302,3.073
17160,7/26/2026 7:30,15.6182,69.278,14.301,3.044
17161,7/26/2026 7:45,15.6233,69.278,14.3001,3.058
17162,7/26/2026 8:00,15.6079,69.278,14.3038,3.014
17163,7/26/2026 8:15,15.6323,69.449,14.3041,3.07
17164,7/26/2026 8:30,15.6187,69.449,14.3023,3.042
17165,7/26/2026 8:45,15.5982,69.449,14.3071,2.984
17166,7/26/2026 9:00,15.6158,69.622,14.3054,3.029
17167,7/26/2026 9:15,15.614,69.622,14.3041,3.028
17168,7/26/2026 9:30,15.5958,69.793,14.3068,2.979
17169,7/26/2026 9:45,15.591,69.964,14.3065,2.969
17170,7/26/2026 10:00,15.5995,69.964,14.3065,2.989
17171,7/26/2026 10:15,15.5808,69.964,14.3078,2.942
17172,7/26/2026 10:30,15.5795,70.137,14.3068,2.942
17173,7/26/2026 10:45,15.5778,70.137,14.3045,2.943
17174,7/26/2026 11:00,15.5762,70.137,14.3045,2.939
17175,7/26/2026 11:15,15.5715,70.308,14.302,2.934
17176,7/26/2026 11:30,15.5663,70.308,14.301,2.925
17177,7/26/2026 11:45,15.5663,70.308,14.2987,2.93
17178,7/26/2026 12:00,15.5646,70.308,14.2949,2.935
17179,7/26/2026 12:15,15.5612,70.308,14.2971,2.922
17180,7/26/2026 12:30,15.5771,70.48,14.2943,2.965
17181,7/26/2026 12:45,15.5805,70.48,14.2904,2.982
17182,7/26/2026 13:00,15.5911,70.651,14.2867,3.015
17183,7/26/2026 13:15,15.6117,70.651,14.2849,3.067
17184,7/26/2026 13:30,15.6372,70.651,14.2836,3.129
17185,7/26/2026 13:45,15.6634,70.824,14.2836,3.189
17186,7/26/2026 14:00,15.6787,70.824,14.283,3.226
17187,7/26/2026 14:15,15.6877,70.995,14.2846,3.243
17188,7/26/2026 14:30,15.6776,70.995,14.2829,3.224
17189,7/26/2026 14:45,15.6634,70.824,14.2804,3.197
17190,7/26/2026 15:00,15.6634,70.824,14.2782,3.202
17191,7/26/2026 15:15,15.6805,70.824,14.279,3.24
17192,7/26/2026 15:30,15.6647,70.651,14.2813,3.198
17193,7/26/2026 15:45,15.6816,70.651,14.2791,3.242
17194,7/26/2026 16:00,15.6732,70.651,14.2811,3.218
17195,7/26/2026 16:15,15.6629,70.651,14.2791,3.199
17196,7/26/2026 16:30,15.6663,70.651,14.2797,3.205
17197,7/26/2026 16:45,15.6697,70.651,14.28,3.212
17198,7/26/2026 17:00,15.671,70.48,14.2745,3.228
17199,7/26/2026 17:15,15.6794,70.48,14.2772,3.241
17200,7/26/2026 17:30,15.6794,70.48,14.2803,3.234
17201,7/26/2026 17:45,15.6829,70.48,14.28,3.243
17202,7/26/2026 18:00,15.671,70.48,14.2822,3.21
17203,7/26/2026 18:15,15.6693,70.48,14.2822,3.206
17204,7/26/2026 18:30,15.6757,70.308,14.2846,3.215
17205,7/26/2026 18:45,15.6671,70.308,14.2814,3.203
17206,7/26/2026 19:00,15.6722,70.308,14.2839,3.209
17207,7/26/2026 19:15,15.6667,70.137,14.2839,3.196
17208,7/26/2026 19:30,15.6683,70.137,14.2875,3.191
17209,7/26/2026 19:45,15.67,70.137,14.2851,3.201
17210,7/26/2026 20:00,15.6546,70.137,14.2869,3.161
17211,7/26/2026 20:15,15.6649,70.137,14.2887,3.181
17212,7/26/2026 20:30,15.6474,69.964,14.2919,3.133
17213,7/26/2026 20:45,15.6371,69.964,14.2939,3.105
17214,7/26/2026 21:00,15.6474,69.964,14.2939,3.128
17215,7/26/2026 21:15,15.6507,69.964,14.293,3.138
17216,7/26/2026 21:30,15.6645,69.964,14.2961,3.163
17217,7/26/2026 21:45,15.6439,69.964,14.2977,3.112
17218,7/26/2026 22:00,15.6503,69.793,14.3001,3.121
17219,7/26/2026 22:15,15.6384,69.793,14.3016,3.09
17220,7/26/2026 22:30,15.6349,69.793,14.3001,3.085
17221,7/26/2026 22:45,15.6332,69.793,14.298,3.086
17222,7/26/2026 23:00,15.6195,69.793,14.298,3.055
17223,7/26/2026 23:15,15.6213,69.793,14.2974,3.06
17224,7/26/2026 23:30,15.6281,69.793,14.2974,3.076
17225,7/26/2026 23:45,15.6145,69.793,14.2958,3.048
17226,7/27/2026 0:00,15.623,69.793,14.2952,3.069
17227,7/27/2026 0:15,15.6123,69.622,14.2952,3.044
17228,7/27/2026 0:30,15.6158,69.622,14.2936,3.056
17229,7/27/2026 0:45,15.5918,69.622,14.2922,3.004
17230,7/27/2026 1:00,15.5884,69.622,14.2869,3.008
17231,7/27/2026 1:15,15.5936,69.622,14.2869,3.02
17232,7/27/2026 1:30,15.5815,69.622,14.2853,2.996
17233,7/27/2026 1:45,15.585,69.622,14.2823,3.011
17234,7/27/2026 2:00,15.5866,69.622,14.2756,3.03
17235,7/27/2026 2:15,15.5815,69.622,14.2756,3.018
17236,7/27/2026 2:30,15.5897,69.449,14.2749,3.039
17237,7/27/2026 2:45,15.6016,69.449,14.2749,3.066
17238,7/27/2026 3:00,15.6068,69.449,14.2743,3.08
17239,7/27/2026 3:15,15.6152,69.449,14.2743,3.099
17240,7/27/2026 3:30,15.6084,69.449,14.2737,3.085
17241,7/27/2026 3:45,15.637,69.278,14.2737,3.151
17242,7/27/2026 4:00,15.6251,69.278,14.2721,3.127
17243,7/27/2026 4:15,15.6268,69.278,14.2716,3.132
17244,7/27/2026 4:30,15.6387,69.278,14.274,3.154
17245,7/27/2026 4:45,15.6455,69.278,14.2726,3.173
17246,7/27/2026 5:00,15.6502,69.107,14.2765,3.175
17247,7/27/2026 5:15,15.6622,69.107,14.2759,3.204
17248,7/27/2026 5:30,15.6723,69.107,14.2743,3.231
17249,7/27/2026 5:45,15.6741,69.107,14.2775,3.228
17250,7/27/2026 6:00,15.6928,69.107,14.2806,3.264
17251,7/27/2026 6:15,15.6844,69.107,14.2806,3.244
17252,7/27/2026 6:30,15.7134,69.107,14.282,3.308
17253,7/27/2026 6:45,15.6719,68.934,14.282,3.212
17254,7/27/2026 7:00,15.6941,68.934,14.2836,3.26
17255,7/27/2026 7:15,15.706,68.934,14.2858,3.282
17256,7/27/2026 7:30,15.7116,69.107,14.2894,3.287
17257,7/27/2026 7:45,15.715,69.107,14.2885,3.297
17258,7/27/2026 8:00,15.7048,69.107,14.2897,3.271
17259,7/27/2026 8:15,15.7066,69.107,14.2909,3.272
17260,7/27/2026 8:30,15.7018,69.278,14.2927,3.257
17261,7/27/2026 8:45,15.7224,69.278,14.2914,3.307
17262,7/27/2026 9:00,15.707,69.278,14.2925,3.269
17263,7/27/2026 9:15,15.7156,69.278,14.2927,3.288
17264,7/27/2026 9:30,15.7006,69.449,14.2922,3.255
17265,7/27/2026 9:45,15.7024,69.449,14.2916,3.261
17266,7/27/2026 10:00,15.6977,69.622,14.2922,3.249
17267,7/27/2026 10:15,15.6771,69.622,14.2913,3.203
17268,7/27/2026 10:30,15.6824,69.622,14.2903,3.217
17269,7/27/2026 10:45,15.6742,69.793,14.2903,3.199
17270,7/27/2026 11:00,15.6747,69.964,14.2875,3.206
17271,7/27/2026 11:15,15.6581,70.137,14.2888,3.165
17272,7/27/2026 11:30,15.6432,70.308,14.2877,3.133
17273,7/27/2026 11:45,15.6346,70.308,14.2867,3.116
17274,7/27/2026 12:00,15.63,70.48,14.2874,3.103
17275,7/27/2026 12:15,15.6185,70.651,14.2855,3.081
17276,7/27/2026 12:30,15.6065,70.651,14.283,3.059
17277,7/27/2026 12:45,15.595,70.824,14.2813,3.037
17278,7/27/2026 13:00,15.5818,70.995,14.281,3.007
17279,7/27/2026 13:15,15.5955,70.995,14.2774,3.047
17280,7/27/2026 13:30,15.5772,71.168,14.2784,3.002
17281,7/27/2026 13:45,15.5708,71.339,14.2778,2.989
17282,7/27/2026 14:00,15.564,71.339,14.273,2.984
17283,7/27/2026 14:15,15.5623,71.339,14.2706,2.986
17284,7/27/2026 14:30,15.5644,71.512,14.27,2.993
17285,7/27/2026 14:45,15.5475,71.512,14.2678,2.958
17286,7/27/2026 15:00,15.5422,71.512,14.2653,2.952
17287,7/27/2026 15:15,15.5321,71.512,14.2653,2.928
17288,7/27/2026 15:30,15.529,71.683,14.265,2.922
17289,7/27/2026 15:45,15.5308,71.683,14.2642,2.928
17290,7/27/2026 16:00,15.5189,71.683,14.2629,2.904
17291,7/27/2026 16:15,15.5154,71.683,14.2579,2.907
17292,7/27/2026 16:30,15.5143,71.856,14.2584,2.903
17293,7/27/2026 16:45,15.509,71.856,14.259,2.89
17294,7/27/2026 17:00,15.5074,71.856,14.2595,2.885
17295,7/27/2026 17:15,15.5074,71.856,14.2546,2.896
17296,7/27/2026 17:30,15.4954,71.856,14.2558,2.866
17297,7/27/2026 17:45,15.5154,71.683,14.2558,2.912
17298,7/27/2026 18:00,15.5189,71.683,14.2569,2.917
17299,7/27/2026 18:15,15.529,71.683,14.256,2.943
17300,7/27/2026 18:30,15.5462,71.683,14.2591,2.975
17301,7/27/2026 18:45,15.5736,71.683,14.2585,3.04
17302,7/27/2026 19:00,15.5923,71.683,14.2594,3.081
17303,7/27/2026 19:15,15.6384,71.683,14.2588,3.189
17304,7/27/2026 19:30,15.7135,71.683,14.2613,3.357
17305,7/27/2026 19:45,15.7715,71.683,14.2637,3.486
17306,7/27/2026 20:00,15.7447,71.856,14.2655,3.42
17307,7/27/2026 20:15,15.8642,71.856,14.2679,3.69
17308,7/27/2026 20:30,15.866,71.856,14.2688,3.692
17309,7/27/2026 20:45,15.866,71.856,14.2713,3.687
17310,7/27/2026 21:00,15.9138,71.856,14.2723,3.795
17311,7/27/2026 21:15,15.9172,71.856,14.2762,3.794
17312,7/27/2026 21:30,15.9185,71.683,14.2762,3.797
17313,7/27/2026 21:45,15.9475,71.683,14.2787,3.858
17314,7/27/2026 22:00,15.9117,71.683,14.2749,3.784
17315,7/27/2026 22:15,15.9099,71.683,14.2774,3.774
17316,7/27/2026 22:30,15.9338,71.683,14.2743,3.837
17317,7/27/2026 22:45,15.9576,71.683,14.2768,3.886
17318,7/27/2026 23:00,15.9714,71.683,14.2768,3.918
17319,7/27/2026 23:15,16.0312,71.683,14.2746,4.061
17320,7/27/2026 23:30,15.9594,71.683,14.274,3.896
17321,7/27/2026 23:45,16.0038,71.683,14.271,4.006
17322,7/28/2026 0:00,15.9833,71.683,14.2724,3.955
17323,7/28/2026 0:15,16.0158,71.683,14.2688,4.039
17324,7/28/2026 0:30,16.0444,71.512,14.2688,4.105
17325,7/28/2026 0:45,15.993,71.512,14.2666,3.991
17326,7/28/2026 1:00,15.9692,71.512,14.2666,3.936
17327,7/28/2026 1:15,15.9965,71.512,14.263,4.007
17328,7/28/2026 1:30,15.9982,71.512,14.2584,4.022
17329,7/28/2026 1:45,15.9418,71.512,14.2584,3.892
17330,7/28/2026 2:00,15.9431,71.339,14.2592,3.893
17331,7/28/2026 2:15,15.9311,71.339,14.2592,3.865
17332,7/28/2026 2:30,15.9431,71.339,14.2587,3.894
17333,7/28/2026 2:45,15.9346,71.339,14.2587,3.874
17334,7/28/2026 3:00,15.9379,71.339,14.2571,3.886
17335,7/28/2026 3:15,15.9085,71.168,14.2565,3.819
17336,7/28/2026 3:30,15.9495,71.168,14.2581,3.91
17337,7/28/2026 3:45,15.8845,71.168,14.2565,3.764
17338,7/28/2026 4:00,15.8863,71.168,14.2559,3.769
17339,7/28/2026 4:15,15.8977,70.995,14.2575,3.792
17340,7/28/2026 4:30,15.8722,70.995,14.2537,3.741
17341,7/28/2026 4:45,15.8584,70.995,14.2584,3.699
17342,7/28/2026 5:00,15.8705,70.995,14.2592,3.725
17343,7/28/2026 5:15,15.8683,70.824,14.2617,3.714
17344,7/28/2026 5:30,15.8665,70.824,14.2603,3.713
17345,7/28/2026 5:45,15.8768,70.824,14.2581,3.742
17346,7/28/2026 6:00,15.8716,70.824,14.2595,3.726
17347,7/28/2026 6:15,15.8648,70.824,14.2575,3.715
17348,7/28/2026 6:30,15.8576,70.651,14.26,3.693
17349,7/28/2026 6:45,15.8576,70.651,14.2614,3.69
17350,7/28/2026 7:00,15.8387,70.651,14.2639,3.64
17351,7/28/2026 7:15,15.8404,70.651,14.2655,3.641
17352,7/28/2026 7:30,15.8183,70.651,14.2669,3.586
17353,7/28/2026 7:45,15.82,70.651,14.2707,3.581
17354,7/28/2026 8:00,15.8336,70.651,14.2719,3.61
17355,7/28/2026 8:15,15.7789,70.651,14.271,3.486
17356,7/28/2026 8:30,15.808,70.651,14.273,3.548
17357,7/28/2026 8:45,15.747,70.824,14.2774,3.397
17358,7/28/2026 9:00,15.7521,70.824,14.2771,3.41
17359,7/28/2026 9:15,15.7525,70.995,14.2774,3.41
17360,7/28/2026 9:30,15.7389,70.995,14.2809,3.371
17361,7/28/2026 9:45,15.7292,71.168,14.2826,3.344
17362,7/28/2026 10:00,15.7314,71.339,14.2814,3.352
17363,7/28/2026 10:15,15.7045,71.512,14.2824,3.288
17364,7/28/2026 10:30,15.6982,71.683,14.2811,3.276
17365,7/28/2026 10:45,15.69,71.856,14.2807,3.258
17366,7/28/2026 11:00,15.6889,72.028,14.2777,3.263
17367,7/28/2026 11:15,15.6654,72.199,14.2793,3.205
17368,7/28/2026 11:30,15.6642,72.372,14.2778,3.205
17369,7/28/2026 11:45,15.6454,72.372,14.2771,3.164
17370,7/28/2026 12:00,15.6539,72.372,14.2758,3.186
17371,7/28/2026 12:15,15.6293,72.718,14.2743,3.133
17372,7/28/2026 12:30,15.628,72.891,14.2723,3.135
17373,7/28/2026 12:45,15.5995,73.062,14.2704,3.073
17374,7/28/2026 13:00,15.6021,73.407,14.2662,3.089
17375,7/28/2026 13:15,15.586,73.753,14.2674,3.049
17376,7/28/2026 13:30,15.5984,73.926,14.2653,3.083
17377,7/28/2026 13:45,15.5916,73.926,14.2634,3.071
17378,7/28/2026 14:00,15.5852,74.098,14.26,3.065
17379,7/28/2026 14:15,15.5733,74.098,14.2595,3.038
17380,7/28/2026 14:30,15.5755,74.271,14.2576,3.048
17381,7/28/2026 14:45,15.5652,74.271,14.2552,3.029
17382,7/28/2026 15:00,15.5704,74.271,14.2534,3.046
17383,7/28/2026 15:15,15.5486,74.446,14.2526,2.997
17384,7/28/2026 15:30,15.5328,74.271,14.2494,2.968
17385,7/28/2026 15:45,15.5379,74.271,14.2485,2.982
17386,7/28/2026 16:00,15.5344,74.271,14.2462,2.979
17387,7/28/2026 16:15,15.5208,74.271,14.25,2.939
17388,7/28/2026 16:30,15.5157,74.271,14.2453,2.938
17389,7/28/2026 16:45,15.514,74.271,14.2446,2.936
17390,7/28/2026 17:00,15.5208,74.271,14.2468,2.946
17391,7/28/2026 17:15,15.5067,74.098,14.2459,2.916
17392,7/28/2026 17:30,15.4999,74.098,14.246,2.9
17393,7/28/2026 17:45,15.5153,74.098,14.2494,2.927
17394,7/28/2026 18:00,15.5118,74.098,14.2475,2.924
17395,7/28/2026 18:15,15.51,74.098,14.2494,2.915
17396,7/28/2026 18:30,15.5083,74.098,14.2521,2.905
17397,7/28/2026 18:45,15.5083,74.098,14.2524,2.904
17398,7/28/2026 19:00,15.496,73.926,14.2521,2.876
17399,7/28/2026 19:15,15.496,73.926,14.2542,2.872
17400,7/28/2026 19:30,15.4993,73.926,14.256,2.875
17401,7/28/2026 19:45,15.5006,73.753,14.2581,2.873
17402,7/28/2026 20:00,15.5177,73.753,14.2616,2.905
17403,7/28/2026 20:15,15.5057,73.753,14.262,2.876
17404,7/28/2026 20:30,15.5006,73.753,14.2648,2.858
17405,7/28/2026 20:45,15.4932,73.58,14.2668,2.836
17406,7/28/2026 21:00,15.5035,73.58,14.2669,2.86
17407,7/28/2026 21:15,15.5035,73.58,14.2713,2.849
17408,7/28/2026 21:30,15.5002,73.58,14.2708,2.843
17409,7/28/2026 21:45,15.4967,73.58,14.2735,2.829
17410,7/28/2026 22:00,15.4945,73.407,14.2753,2.819
17411,7/28/2026 22:15,15.4996,73.407,14.2756,2.83
17412,7/28/2026 22:30,15.491,73.407,14.2774,2.806
17413,7/28/2026 22:45,15.4895,73.407,14.2761,2.806
17414,7/28/2026 23:00,15.4855,73.234,14.2771,2.794
17415,7/28/2026 23:15,15.4906,73.234,14.2749,2.811
17416,7/28/2026 23:30,15.4873,73.234,14.2706,2.813
17417,7/28/2026 23:45,15.4906,73.234,14.2698,2.823
17418,7/29/2026 0:00,15.4799,73.062,14.2678,2.803
17419,7/29/2026 0:15,15.4799,73.062,14.2656,2.808
17420,7/29/2026 0:30,15.4816,73.062,14.2665,2.81
17421,7/29/2026 0:45,15.4845,72.891,14.2643,2.821
17422,7/29/2026 1:00,15.4777,72.891,14.26,2.816
17423,7/29/2026 1:15,15.4675,72.891,14.2594,2.794
17424,7/29/2026 1:30,15.479,72.718,14.2611,2.816
17425,7/29/2026 1:45,15.467,72.718,14.2569,2.798
17426,7/29/2026 2:00,15.467,72.718,14.2556,2.801
17427,7/29/2026 2:15,15.4615,72.545,14.252,2.796
17428,7/29/2026 2:30,15.4615,72.545,14.2545,2.791
17429,7/29/2026 2:45,15.4542,72.372,14.2516,2.781
17430,7/29/2026 3:00,15.4525,72.372,14.2495,2.781
17431,7/29/2026 3:15,15.4503,72.199,14.2488,2.778
17432,7/29/2026 3:30,15.4468,72.199,14.2498,2.767
17433,7/29/2026 3:45,15.44,72.199,14.2498,2.752
17434,7/29/2026 4:00,15.4378,72.028,14.2476,2.752
17435,7/29/2026 4:15,15.4345,72.028,14.2507,2.737
17436,7/29/2026 4:30,15.4396,72.028,14.2485,2.754
17437,7/29/2026 4:45,15.4356,71.856,14.2495,2.742
17438,7/29/2026 5:00,15.4323,71.856,14.251,2.731
17439,7/29/2026 5:15,15.4271,71.856,14.2479,2.726
17440,7/29/2026 5:30,15.4271,71.856,14.2463,2.73
17441,7/29/2026 5:45,15.4271,71.856,14.2504,2.72
17442,7/29/2026 6:00,15.4233,71.683,14.2498,2.713
17443,7/29/2026 6:15,15.4216,71.683,14.2507,2.707
17444,7/29/2026 6:30,15.4249,71.683,14.2501,2.716
17445,7/29/2026 6:45,15.4194,71.512,14.2547,2.692
17446,7/29/2026 7:00,15.428,71.512,14.2547,2.712
17447,7/29/2026 7:15,15.4313,71.512,14.2584,2.712
17448,7/29/2026 7:30,15.4313,71.512,14.2575,2.714
17449,7/29/2026 7:45,15.433,71.512,14.2603,2.711
17450,7/29/2026 8:00,15.4313,71.512,14.263,2.701
17451,7/29/2026 8:15,15.4262,71.512,14.2636,2.688
17452,7/29/2026 8:30,15.4249,71.683,14.2639,2.684
17453,7/29/2026 8:45,15.4317,71.683,14.2658,2.696
17454,7/29/2026 9:00,15.4084,71.856,14.2661,2.641
17455,7/29/2026 9:15,15.4169,71.856,14.2665,2.66
17456,7/29/2026 9:30,15.4224,72.028,14.2677,2.67
17457,7/29/2026 9:45,15.4213,72.199,14.2682,2.666
17458,7/29/2026 10:00,15.4182,72.372,14.2679,2.66
17459,7/29/2026 10:15,15.4251,72.372,14.2714,2.667
17460,7/29/2026 10:30,15.4222,72.545,14.2703,2.663
17461,7/29/2026 10:45,15.429,72.545,14.2713,2.677
17462,7/29/2026 11:00,15.4256,72.545,14.2713,2.669
17463,7/29/2026 11:15,15.4208,72.718,14.2692,2.663
17464,7/29/2026 11:30,15.4226,72.718,14.2719,2.661
17465,7/29/2026 11:45,15.4261,72.718,14.2691,2.675
17466,7/29/2026 12:00,15.4278,72.718,14.2659,2.686
17467,7/29/2026 12:15,15.4179,72.891,14.264,2.668
17468,7/29/2026 12:30,15.4258,73.234,14.2662,2.681
17469,7/29/2026 12:45,15.4159,73.407,14.2661,2.659
17470,7/29/2026 13:00,15.4165,73.58,14.262,2.67
17471,7/29/2026 13:15,15.4148,73.58,14.261,2.668
17472,7/29/2026 13:30,15.4148,73.58,14.2598,2.671
17473,7/29/2026 13:45,15.4148,73.58,14.2587,2.673
17474,7/29/2026 14:00,15.4108,73.407,14.2569,2.668
17475,7/29/2026 14:15,15.413,73.58,14.2543,2.679
17476,7/29/2026 14:30,15.4079,73.58,14.2526,2.672
17477,7/29/2026 14:45,15.4066,73.753,14.2516,2.671
17478,7/29/2026 15:00,15.4055,73.926,14.2481,2.677
17479,7/29/2026 15:15,15.4105,73.926,14.2455,2.694
17480,7/29/2026 15:30,15.4127,74.098,14.2459,2.698
17481,7/29/2026 15:45,15.4195,74.098,14.2449,2.716
17482,7/29/2026 16:00,15.3985,73.926,14.2417,2.675
17483,7/29/2026 16:15,15.4105,73.926,14.2413,2.704
17484,7/29/2026 16:30,15.4156,73.926,14.2378,2.724
17485,7/29/2026 16:45,15.4135,73.753,14.242,2.709
17486,7/29/2026 17:00,15.4169,73.753,14.2417,2.718
17487,7/29/2026 17:15,15.4135,73.753,14.2431,2.706
17488,7/29/2026 17:30,15.4152,73.753,14.241,2.715
17489,7/29/2026 17:45,15.413,73.58,14.2433,2.705
17490,7/29/2026 18:00,15.4062,73.58,14.2459,2.683
17491,7/29/2026 18:15,15.4181,73.58,14.2484,2.705
17492,7/29/2026 18:30,15.4148,73.58,14.2471,2.7
17493,7/29/2026 18:45,15.413,73.58,14.2459,2.699
17494,7/29/2026 19:00,15.4148,73.58,14.2495,2.694
17495,7/29/2026 19:15,15.4143,73.407,14.2516,2.689
17496,7/29/2026 19:30,15.428,73.407,14.2521,2.719
17497,7/29/2026 19:45,15.4297,73.407,14.2529,2.721
17498,7/29/2026 20:00,15.4313,73.407,14.255,2.72
17499,7/29/2026 20:15,15.4348,73.407,14.2547,2.729
17500,7/29/2026 20:30,15.4445,73.234,14.2584,2.743
17501,7/29/2026 20:45,15.4394,73.234,14.2566,2.735
17502,7/29/2026 21:00,15.4497,73.234,14.2608,2.749
17503,7/29/2026 21:15,15.448,73.234,14.2629,2.74
17504,7/29/2026 21:30,15.4458,73.062,14.2646,2.731
17505,7/29/2026 21:45,15.4441,73.062,14.2658,2.724
17506,7/29/2026 22:00,15.4372,73.062,14.2685,2.702
17507,7/29/2026 22:15,15.4423,73.062,14.2682,2.715
17508,7/29/2026 22:30,15.4368,72.891,14.2684,2.702
17509,7/29/2026 22:45,15.4351,72.891,14.2656,2.704
17510,7/29/2026 23:00,15.4368,72.891,14.2711,2.695
17511,7/29/2026 23:15,15.4311,72.718,14.2684,2.688
17512,7/29/2026 23:30,15.4329,72.718,14.2671,2.696
17513,7/29/2026 23:45,15.4311,72.718,14.2679,2.689
17514,7/30/2026 0:00,15.434,72.545,14.2652,2.703
17515,7/30/2026 0:15,15.4358,72.545,14.2646,2.708
17516,7/30/2026 0:30,15.434,72.545,14.2624,2.709
17517,7/30/2026 0:45,15.4393,72.545,14.2588,2.729
17518,7/30/2026 1:00,15.4393,72.545,14.2581,2.731
17519,7/30/2026 1:15,15.429,72.545,14.2581,2.707
17520,7/30/2026 1:30,15.4325,72.545,14.2529,2.727
17521,7/30/2026 1:45,15.434,72.545,14.2492,2.739
17522,7/30/2026 2:00,15.4222,72.545,14.2492,2.712
17523,7/30/2026 2:15,15.4187,72.545,14.2501,2.702
17524,7/30/2026 2:30,15.4235,72.372,14.2465,2.721
17525,7/30/2026 2:45,15.42,72.372,14.252,2.7
17526,7/30/2026 3:00,15.4149,72.372,14.2507,2.692
17527,7/30/2026 3:15,15.4149,72.372,14.2485,2.697
17528,7/30/2026 3:30,15.4149,72.372,14.251,2.691
17529,7/30/2026 3:45,15.4114,72.372,14.2488,2.688
17530,7/30/2026 4:00,15.4149,72.372,14.2534,2.685
17531,7/30/2026 4:15,15.4132,72.372,14.2543,2.679
17532,7/30/2026 4:30,15.4075,72.199,14.2562,2.662
17533,7/30/2026 4:45,15.4092,72.199,14.2556,2.667
17534,7/30/2026 5:00,15.4075,72.199,14.255,2.664
17535,7/30/2026 5:15,15.411,72.199,14.2534,2.676
17536,7/30/2026 5:30,15.4042,72.199,14.2581,2.65
17537,7/30/2026 5:45,15.3991,72.199,14.2605,2.632
17538,7/30/2026 6:00,15.4092,72.199,14.2605,2.656
17539,7/30/2026 6:15,15.4071,72.028,14.2636,2.644
17540,7/30/2026 6:30,15.4088,72.028,14.2682,2.637
17541,7/30/2026 6:45,15.4071,72.028,14.2727,2.623
17542,7/30/2026 7:00,15.4037,72.028,14.2719,2.617
17543,7/30/2026 7:15,15.4053,72.028,14.2735,2.617
17544,7/30/2026 7:30,15.4139,72.028,14.274,2.635
17545,7/30/2026 7:45,15.4156,72.028,14.2746,2.638
17546,7/30/2026 8:00,15.4088,72.028,14.2774,2.616
17547,7/30/2026 8:15,15.4088,72.028,14.2777,2.615
17548,7/30/2026 8:30,15.4075,72.199,14.2781,2.611
17549,7/30/2026 8:45,15.4075,72.199,14.2793,2.608
17550,7/30/2026 9:00,15.4059,72.199,14.2798,2.603
17551,7/30/2026 9:15,15.4029,72.372,14.2803,2.595
17552,7/30/2026 9:30,15.4034,72.545,14.2814,2.594
17553,7/30/2026 9:45,15.4034,72.545,14.2781,2.602
17554,7/30/2026 10:00,15.3987,72.718,14.281,2.584
17555,7/30/2026 10:15,15.3975,72.891,14.2807,2.582
17556,7/30/2026 10:30,15.3962,73.062,14.2794,2.582
17557,7/30/2026 10:45,15.3984,73.234,14.2835,2.578
17558,7/30/2026 11:00,15.3972,73.407,14.28,2.583
17559,7/30/2026 11:15,15.4045,73.58,14.2788,2.603
17560,7/30/2026 11:30,15.3947,73.753,14.2838,2.569
17561,7/30/2026 11:45,15.4003,73.926,14.2804,2.59
17562,7/30/2026 12:00,15.3934,73.926,14.2746,2.587
17563,7/30/2026 12:15,15.3923,74.098,14.2736,2.587
17564,7/30/2026 12:30,15.396,74.271,14.2739,2.595
17565,7/30/2026 12:45,15.3892,74.271,14.2682,2.592
17566,7/30/2026 13:00,15.3914,74.446,14.2687,2.597
17567,7/30/2026 13:15,15.3881,74.446,14.2669,2.593
17568,7/30/2026 13:30,15.3842,74.271,14.2645,2.589
17569,7/30/2026 13:45,15.3791,74.271,14.2627,2.582
17570,7/30/2026 14:00,15.382,74.098,14.2671,2.578
17571,7/30/2026 14:15,15.3802,74.098,14.2671,2.574
17572,7/30/2026 14:30,15.3798,73.926,14.2678,2.572
17573,7/30/2026 14:45,15.3695,73.926,14.2632,2.558
17574,7/30/2026 15:00,15.3712,73.926,14.2598,2.57
17575,7/30/2026 15:15,15.3644,73.926,14.2605,2.553
17576,7/30/2026 15:30,15.3609,73.926,14.2559,2.555
17577,7/30/2026 15:45,15.3679,73.926,14.2559,2.572
17578,7/30/2026 16:00,15.3644,73.926,14.2603,2.553
17579,7/30/2026 16:15,15.3627,73.926,14.2585,2.553
17580,7/30/2026 16:30,15.3594,73.926,14.2614,2.539
17581,7/30/2026 16:45,15.3627,73.926,14.2627,2.544
17582,7/30/2026 17:00,15.3609,73.926,14.2656,2.533
17583,7/30/2026 17:15,15.3623,73.753,14.2665,2.534
17584,7/30/2026 17:30,15.3623,73.753,14.2665,2.534
17585,7/30/2026 17:45,15.3657,73.753,14.2703,2.533
17586,7/30/2026 18:00,15.3601,73.58,14.2703,2.52
17587,7/30/2026 18:15,15.3652,73.58,14.269,2.535
17588,7/30/2026 18:30,15.3596,73.407,14.271,2.517
17589,7/30/2026 18:45,15.3682,73.407,14.2732,2.532
17590,7/30/2026 19:00,15.366,73.234,14.2748,2.523
17591,7/30/2026 19:15,15.3654,73.062,14.278,2.515
17592,7/30/2026 19:30,15.3672,73.062,14.2833,2.506
17593,7/30/2026 19:45,15.3707,73.062,14.2868,2.506
17594,7/30/2026 20:00,15.3667,72.891,14.2843,2.503
17595,7/30/2026 20:15,15.3753,72.891,14.2839,2.524
17596,7/30/2026 20:30,15.3718,72.891,14.2859,2.511
17597,7/30/2026 20:45,15.3753,72.891,14.2871,2.516
17598,7/30/2026 21:00,15.3821,72.891,14.292,2.521
17599,7/30/2026 21:15,15.3872,72.891,14.2962,2.523
17600,7/30/2026 21:30,15.3839,72.891,14.2987,2.509
17601,7/30/2026 21:45,15.3885,72.718,14.299,2.519
17602,7/30/2026 22:00,15.3868,72.718,14.3039,2.504
17603,7/30/2026 22:15,15.3868,72.718,14.3048,2.502
17604,7/30/2026 22:30,15.385,72.718,14.3051,2.497
17605,7/30/2026 22:45,15.3918,72.718,14.3059,2.511
17606,7/30/2026 23:00,15.3828,72.545,14.3023,2.498
17607,7/30/2026 23:15,15.3846,72.545,14.3023,2.502
17608,7/30/2026 23:30,15.3863,72.545,14.3017,2.508
17609,7/30/2026 23:45,15.3828,72.545,14.3026,2.498
17610,7/31/2026 0:00,15.3828,72.545,14.3004,2.503
17611,7/31/2026 0:15,15.3824,72.372,14.2968,2.51
17612,7/31/2026 0:30,15.3789,72.372,14.2983,2.499
17613,7/31/2026 0:45,15.3739,72.372,14.2946,2.495
17614,7/31/2026 1:00,15.3705,72.372,14.2946,2.488
17615,7/31/2026 1:15,15.3705,72.372,14.2925,2.493
17616,7/31/2026 1:30,15.3653,72.372,14.2894,2.488
17617,7/31/2026 1:45,15.3705,72.372,14.2903,2.498
17618,7/31/2026 2:00,15.3567,72.372,14.2881,2.471
17619,7/31/2026 2:15,15.3567,72.372,14.2845,2.479
17620,7/31/2026 2:30,15.3546,72.199,14.2869,2.468
17621,7/31/2026 2:45,15.3631,72.199,14.2862,2.49
17622,7/31/2026 3:00,15.3563,72.199,14.2832,2.481
17623,7/31/2026 3:15,15.3563,72.199,14.2848,2.477
17624,7/31/2026 3:30,15.3477,72.199,14.2862,2.454
17625,7/31/2026 3:45,15.3563,72.199,14.2856,2.475
17626,7/31/2026 4:00,15.3615,72.199,14.2856,2.487
17627,7/31/2026 4:15,15.3627,72.028,14.2867,2.488
17628,7/31/2026 4:30,15.3594,72.028,14.2845,2.485
17629,7/31/2026 4:45,15.3627,72.028,14.2884,2.484
17630,7/31/2026 5:00,15.3644,72.028,14.2878,2.489
17631,7/31/2026 5:15,15.3712,72.028,14.2887,2.503
17632,7/31/2026 5:30,15.3673,71.856,14.2919,2.486
17633,7/31/2026 5:45,15.3691,71.856,14.2927,2.488
17634,7/31/2026 6:00,15.3725,71.856,14.2906,2.501
17635,7/31/2026 6:15,15.372,71.683,14.2961,2.487
17636,7/31/2026 6:30,15.3755,71.683,14.2991,2.488
17637,7/31/2026 6:45,15.372,71.683,14.3013,2.475
17638,7/31/2026 7:00,15.3737,71.683,14.3013,2.479
17639,7/31/2026 7:15,15.3788,71.683,14.3065,2.479
17640,7/31/2026 7:30,15.3737,71.683,14.3051,2.471
17641,7/31/2026 7:45,15.3755,71.683,14.3071,2.47
17642,7/31/2026 8:00,15.3772,71.683,14.3078,2.472
17643,7/31/2026 8:15,15.3755,71.683,14.3115,2.46
17644,7/31/2026 8:30,15.3737,71.683,14.3096,2.46
17645,7/31/2026 8:45,15.3741,71.856,14.3123,2.455
17646,7/31/2026 9:00,15.3759,71.856,14.312,2.46
17647,7/31/2026 9:15,15.381,71.856,14.3148,2.465
17648,7/31/2026 9:30,15.3849,72.028,14.3152,2.473
17649,7/31/2026 9:45,15.3785,72.199,14.3133,2.463
17650,7/31/2026 10:00,15.3888,72.199,14.3174,2.477
17651,7/31/2026 10:15,15.3842,72.372,14.3146,2.473
17652,7/31/2026 10:30,15.3846,72.545,14.3116,2.481
17653,7/31/2026 10:45,15.3817,72.718,14.3096,2.479
17654,7/31/2026 11:00,15.3855,72.891,14.3106,2.485
17655,7/31/2026 11:15,15.3843,73.062,14.3138,2.475
17656,7/31/2026 11:30,15.3814,73.234,14.3117,2.473
17657,7/31/2026 11:45,15.3898,73.234,14.3052,2.508
17658,7/31/2026 12:00,15.3836,73.407,14.3065,2.491
17659,7/31/2026 12:15,15.3772,73.58,14.3026,2.485
17660,7/31/2026 12:30,15.3725,73.753,14.3009,2.478
17661,7/31/2026 12:45,15.3691,73.753,14.3019,2.468
17662,7/31/2026 13:00,15.3662,73.926,14.2999,2.466
17663,7/31/2026 13:15,15.3563,74.098,14.2969,2.45
17664,7/31/2026 13:30,15.3585,74.271,14.2987,2.451
17665,7/31/2026 13:45,15.3573,74.446,14.2968,2.453
17666,7/31/2026 14:00,15.3527,74.619,14.2969,2.442
17667,7/31/2026 14:15,15.3566,74.791,14.2951,2.455
17668,7/31/2026 14:30,15.3518,74.964,14.2946,2.445
17669,7/31/2026 14:45,15.3506,75.139,14.2943,2.443
17670,7/31/2026 15:00,15.3524,75.139,14.2948,2.446
17671,7/31/2026 15:15,15.3493,75.312,14.2932,2.443
17672,7/31/2026 15:30,15.3506,75.139,14.2914,2.45
17673,7/31/2026 15:45,15.3472,75.139,14.2904,2.444
17674,7/31/2026 16:00,15.3438,75.139,14.2894,2.439
17675,7/31/2026 16:15,15.3399,74.964,14.29,2.428
17676,7/31/2026 16:30,15.3412,74.791,14.2836,2.446
17677,7/31/2026 16:45,15.3316,74.446,14.2839,2.423
17678,7/31/2026 17:00,15.3345,74.271,14.282,2.434
17679,7/31/2026 17:15,15.3376,74.098,14.2833,2.438
17680,7/31/2026 17:30,15.3337,73.926,14.2846,2.426
17681,7/31/2026 17:45,15.3319,73.926,14.2875,2.415
17682,7/31/2026 18:00,15.3366,73.753,14.2936,2.412
17683,7/31/2026 18:15,15.3396,73.58,14.2935,2.419
17684,7/31/2026 18:30,15.3396,73.58,14.2977,2.409
17685,7/31/2026 18:45,15.3412,73.58,14.2959,2.417
17686,7/31/2026 19:00,15.3357,73.407,14.2985,2.398
17687,7/31/2026 19:15,15.3357,73.407,14.2991,2.397
17688,7/31/2026 19:30,15.3369,73.234,14.3007,2.396
17689,7/31/2026 19:45,15.3335,73.234,14.303,2.383
17690,7/31/2026 20:00,15.3318,73.234,14.3049,2.374
17691,7/31/2026 20:15,15.3382,73.062,14.3061,2.386
17692,7/31/2026 20:30,15.3347,73.062,14.3064,2.378
17693,7/31/2026 20:45,15.3296,73.062,14.3029,2.374
17694,7/31/2026 21:00,15.336,72.891,14.3032,2.388
17695,7/31/2026 21:15,15.3395,72.891,14.3112,2.378
17696,7/31/2026 21:30,15.3428,72.891,14.3083,2.392
17697,7/31/2026 21:45,15.3446,72.891,14.3116,2.388
17698,7/31/2026 22:00,15.3441,72.718,14.3088,2.394
17699,7/31/2026 22:15,15.3509,72.718,14.3128,2.4
17700,7/31/2026 22:30,15.3475,72.718,14.3146,2.388
17701,7/31/2026 22:45,15.3453,72.545,14.3171,2.377
17702,7/31/2026 23:00,15.3435,72.545,14.318,2.371
17703,7/31/2026 23:15,15.3453,72.545,14.3189,2.373
17704,7/31/2026 23:30,15.3402,72.545,14.3199,2.359
17705,7/31/2026 23:45,15.3414,72.372,14.3171,2.368
17706,8/1/2026 0:00,15.3398,72.372,14.3186,2.361
17707,8/1/2026 0:15,15.3363,72.372,14.3164,2.358
17708,8/1/2026 0:30,15.3324,72.199,14.3136,2.355
17709,8/1/2026 0:45,15.3308,72.199,14.3115,2.357
17710,8/1/2026 1:00,15.3222,72.199,14.3109,2.338
17711,8/1/2026 1:15,15.329,72.199,14.3087,2.359
17712,8/1/2026 1:30,15.3234,72.028,14.3065,2.351
17713,8/1/2026 1:45,15.3183,72.028,14.3059,2.341
17714,8/1/2026 2:00,15.3183,72.028,14.3038,2.346
17715,8/1/2026 2:15,15.3166,72.028,14.3007,2.349
17716,8/1/2026 2:30,15.3115,72.028,14.3001,2.338
17717,8/1/2026 2:45,15.3126,71.856,14.3016,2.337
17718,8/1/2026 3:00,15.3111,71.856,14.3026,2.331
17719,8/1/2026 3:15,15.3058,71.856,14.298,2.33
17720,8/1/2026 3:30,15.3093,71.856,14.2958,2.343
17721,8/1/2026 3:45,15.3093,71.856,14.2974,2.339
17722,8/1/2026 4:00,15.3111,71.856,14.2974,2.343
17723,8/1/2026 4:15,15.3105,71.683,14.2988,2.339
17724,8/1/2026 4:30,15.314,71.683,14.3013,2.341
17725,8/1/2026 4:45,15.3122,71.683,14.2983,2.344
17726,8/1/2026 5:00,15.3122,71.683,14.2999,2.34
17727,8/1/2026 5:15,15.314,71.683,14.2999,2.344
17728,8/1/2026 5:30,15.3174,71.683,14.3022,2.347
17729,8/1/2026 5:45,15.3122,71.683,14.3038,2.331
17730,8/1/2026 6:00,15.3169,71.512,14.3038,2.342
17731,8/1/2026 6:15,15.3221,71.512,14.3084,2.343
17732,8/1/2026 6:30,15.3272,71.512,14.3078,2.356
17733,8/1/2026 6:45,15.3306,71.512,14.3123,2.354
17734,8/1/2026 7:00,15.339,71.512,14.3139,2.37
17735,8/1/2026 7:15,15.3357,71.512,14.3161,2.357
17736,8/1/2026 7:30,15.3425,71.512,14.3151,2.375
17737,8/1/2026 7:45,15.339,71.512,14.3183,2.36
17738,8/1/2026 8:00,15.3408,71.512,14.3158,2.37
17739,8/1/2026 8:15,15.3375,71.512,14.3178,2.357
17740,8/1/2026 8:30,15.3425,71.512,14.3231,2.357
17741,8/1/2026 8:45,15.3443,71.512,14.3222,2.363
17742,8/1/2026 9:00,15.3476,71.512,14.3228,2.369
17743,8/1/2026 9:15,15.3482,71.683,14.3249,2.366
17744,8/1/2026 9:30,15.3566,71.683,14.3247,2.386
17745,8/1/2026 9:45,15.3652,71.683,14.326,2.402
17746,8/1/2026 10:00,15.3788,71.683,14.3241,2.438
17747,8/1/2026 10:15,15.3755,71.683,14.3213,2.437
17748,8/1/2026 10:30,15.3741,71.856,14.3232,2.43
17749,8/1/2026 10:45,15.3884,72.028,14.322,2.465
17750,8/1/2026 11:00,15.3969,72.028,14.3223,2.484
17751,8/1/2026 11:15,15.411,72.199,14.3242,2.513
17752,8/1/2026 11:30,15.4127,72.199,14.3271,2.51
17753,8/1/2026 11:45,15.4132,72.372,14.3228,2.521
17754,8/1/2026 12:00,15.4153,72.545,14.3219,2.528
17755,8/1/2026 12:15,15.4107,72.718,14.3191,2.524
17756,8/1/2026 12:30,15.4043,72.891,14.3164,2.516
17757,8/1/2026 12:45,15.4129,72.891,14.3174,2.533
17758,8/1/2026 13:00,15.4014,73.062,14.3133,2.516
17759,8/1/2026 13:15,15.4082,73.062,14.309,2.542
17760,8/1/2026 13:30,15.4052,73.234,14.3072,2.539
17761,8/1/2026 13:45,15.3972,73.407,14.3061,2.523
17762,8/1/2026 14:00,15.3976,73.58,14.3012,2.536
17763,8/1/2026 14:15,15.3926,73.58,14.2994,2.528
17764,8/1/2026 14:30,15.3908,73.58,14.2969,2.529
17765,8/1/2026 14:45,15.3895,73.753,14.2974,2.526
17766,8/1/2026 15:00,15.3913,73.753,14.2977,2.529
17767,8/1/2026 15:15,15.4016,73.753,14.2959,2.557
17768,8/1/2026 15:30,15.3908,73.58,14.2967,2.53
17769,8/1/2026 15:45,15.3891,73.58,14.2948,2.53
17770,8/1/2026 16:00,15.3926,73.58,14.2955,2.537
17771,8/1/2026 16:15,15.3926,73.58,14.2919,2.545
17772,8/1/2026 16:30,15.3869,73.407,14.2917,2.532
17773,8/1/2026 16:45,15.3904,73.407,14.293,2.537
17774,8/1/2026 17:00,15.3865,73.234,14.2884,2.539
17775,8/1/2026 17:15,15.3882,73.234,14.2926,2.533
17776,8/1/2026 17:30,15.3894,73.062,14.294,2.533
17777,8/1/2026 17:45,15.3876,73.062,14.2926,2.532
17778,8/1/2026 18:00,15.3924,72.891,14.302,2.521
17779,8/1/2026 18:15,15.3918,72.718,14.3014,2.521
17780,8/1/2026 18:30,15.3881,72.545,14.303,2.509
17781,8/1/2026 18:45,15.3914,72.545,14.3033,2.516
17782,8/1/2026 19:00,15.396,72.372,14.3084,2.515
17783,8/1/2026 19:15,15.3927,72.372,14.3107,2.502
17784,8/1/2026 19:30,15.3921,72.199,14.31,2.502
17785,8/1/2026 19:45,15.3921,72.199,14.307,2.509
17786,8/1/2026 20:00,15.39,72.028,14.3065,2.505
17787,8/1/2026 20:15,15.3866,72.028,14.3093,2.491
17788,8/1/2026 20:30,15.393,71.856,14.3125,2.498
17789,8/1/2026 20:45,15.393,71.856,14.3145,2.493
17790,8/1/2026 21:00,15.3878,71.856,14.3167,2.476
17791,8/1/2026 21:15,15.3891,71.683,14.3167,2.479
17792,8/1/2026 21:30,15.3823,71.683,14.3167,2.463
17793,8/1/2026 21:45,15.384,71.683,14.3254,2.447
17794,8/1/2026 22:00,15.3852,71.512,14.3207,2.461
17795,8/1/2026 22:15,15.3869,71.512,14.3232,2.459
17796,8/1/2026 22:30,15.3801,71.512,14.3194,2.452
17797,8/1/2026 22:45,15.3784,71.512,14.3204,2.446
17798,8/1/2026 23:00,15.3784,71.512,14.3183,2.451
17799,8/1/2026 23:15,15.3784,71.512,14.3191,2.449
17800,8/1/2026 23:30,15.3676,71.339,14.317,2.429
17801,8/1/2026 23:45,15.3694,71.339,14.3164,2.434
17802,8/2/2026 0:00,15.3625,71.339,14.3164,2.418
17803,8/2/2026 0:15,15.3643,71.339,14.3112,2.435
17804,8/2/2026 0:30,15.3592,71.339,14.3189,2.405
17805,8/2/2026 0:45,15.3625,71.339,14.3167,2.418
17806,8/2/2026 1:00,15.3557,71.339,14.3167,2.402
17807,8/2/2026 1:15,15.3557,71.339,14.3145,2.407
17808,8/2/2026 1:30,15.3535,71.168,14.3115,2.409
17809,8/2/2026 1:45,15.3485,71.168,14.3109,2.399
17810,8/2/2026 2:00,15.3518,71.168,14.3093,2.41
17811,8/2/2026 2:15,15.3485,71.168,14.3041,2.414
17812,8/2/2026 2:30,15.3467,71.168,14.3051,2.408
17813,8/2/2026 2:45,15.3501,71.168,14.3059,2.414
17814,8/2/2026 3:00,15.3446,70.995,14.3043,2.405
17815,8/2/2026 3:15,15.3395,70.995,14.3084,2.383
17816,8/2/2026 3:30,15.3395,70.995,14.3084,2.383
17817,8/2/2026 3:45,15.3377,70.995,14.3068,2.383
17818,8/2/2026 4:00,15.336,70.995,14.3078,2.377
17819,8/2/2026 4:15,15.3327,70.995,14.3062,2.373
17820,8/2/2026 4:30,15.3309,70.995,14.3062,2.369
17821,8/2/2026 4:45,15.3305,70.824,14.3046,2.371
17822,8/2/2026 5:00,15.3253,70.824,14.3087,2.35
17823,8/2/2026 5:15,15.3287,70.824,14.3081,2.359
17824,8/2/2026 5:30,15.3253,70.824,14.3126,2.341
17825,8/2/2026 5:45,15.3305,70.824,14.3136,2.351
17826,8/2/2026 6:00,15.3287,70.824,14.3115,2.352
17827,8/2/2026 6:15,15.3338,70.824,14.3161,2.353
17828,8/2/2026 6:30,15.3369,70.651,14.3175,2.356
17829,8/2/2026 6:45,15.3437,70.651,14.3161,2.375
17830,8/2/2026 7:00,15.3385,70.651,14.3175,2.36
17831,8/2/2026 7:15,15.3453,70.651,14.3175,2.376
17832,8/2/2026 7:30,15.338,70.48,14.3191,2.355
17833,8/2/2026 7:45,15.3363,70.48,14.3167,2.357
17834,8/2/2026 8:00,15.3398,70.48,14.3189,2.36
17835,8/2/2026 8:15,15.3398,70.48,14.3194,2.359
17836,8/2/2026 8:30,15.3316,70.651,14.32,2.338
17837,8/2/2026 8:45,15.3283,70.651,14.3203,2.33
17838,8/2/2026 9:00,15.3305,70.824,14.3197,2.336
17839,8/2/2026 9:15,15.3321,70.824,14.3194,2.341
17840,8/2/2026 9:30,15.3377,70.995,14.3222,2.348
17841,8/2/2026 9:45,15.3395,70.995,14.3186,2.36
17842,8/2/2026 10:00,15.3348,71.168,14.3194,2.347
17843,8/2/2026 10:15,15.3386,71.339,14.3191,2.357
17844,8/2/2026 10:30,15.334,71.512,14.3158,2.354
17845,8/2/2026 10:45,15.3328,71.683,14.3168,2.349
17846,8/2/2026 11:00,15.328,71.856,14.3162,2.339
17847,8/2/2026 11:15,15.3269,72.028,14.3135,2.343
17848,8/2/2026 11:30,15.3312,72.372,14.313,2.354
17849,8/2/2026 11:45,15.3282,72.545,14.3164,2.339
17850,8/2/2026 12:00,15.3241,72.891,14.3146,2.334
17851,8/2/2026 12:15,15.3211,73.062,14.3144,2.328
17852,8/2/2026 12:30,15.3199,73.234,14.3144,2.325
17853,8/2/2026 12:45,15.319,73.58,14.3096,2.334
17854,8/2/2026 13:00,15.3126,73.753,14.3107,2.317
17855,8/2/2026 13:15,15.308,73.926,14.3051,2.319
17856,8/2/2026 13:30,15.3034,74.098,14.3001,2.32
17857,8/2/2026 13:45,15.3,74.098,14.298,2.317
17858,8/2/2026 14:00,15.2966,74.098,14.298,2.309
17859,8/2/2026 14:15,15.3,74.098,14.2984,2.316
17860,8/2/2026 14:30,15.2961,73.926,14.2946,2.316
17861,8/2/2026 14:45,15.2926,73.926,14.2949,2.307
17862,8/2/2026 15:00,15.2829,74.098,14.2877,2.302
17863,8/2/2026 15:15,15.2794,74.098,14.2858,2.298
17864,8/2/2026 15:30,15.2812,74.098,14.2862,2.301
17865,8/2/2026 15:45,15.2722,73.926,14.2882,2.275
17866,8/2/2026 16:00,15.2757,73.926,14.2867,2.287
17867,8/2/2026 16:15,15.2735,73.753,14.2851,2.286
17868,8/2/2026 16:30,15.2683,73.753,14.2838,2.277
17869,8/2/2026 16:45,15.2649,73.753,14.2801,2.277
17870,8/2/2026 17:00,15.2678,73.58,14.2814,2.281
17871,8/2/2026 17:15,15.2696,73.58,14.2819,2.284
17872,8/2/2026 17:30,15.2691,73.407,14.2849,2.276
17873,8/2/2026 17:45,15.2691,73.407,14.2849,2.276
17874,8/2/2026 18:00,15.267,73.234,14.2861,2.268
17875,8/2/2026 18:15,15.2703,73.234,14.2861,2.276
17876,8/2/2026 18:30,15.2681,73.062,14.288,2.266
17877,8/2/2026 18:45,15.2749,73.062,14.2893,2.279
17878,8/2/2026 19:00,15.2762,72.891,14.2896,2.281
17879,8/2/2026 19:15,15.278,72.891,14.2897,2.285
17880,8/2/2026 19:30,15.286,72.718,14.2922,2.298
17881,8/2/2026 19:45,15.298,72.718,14.2949,2.319
17882,8/2/2026 20:00,15.306,72.545,14.2991,2.328
17883,8/2/2026 20:15,15.3163,72.545,14.3023,2.344
17884,8/2/2026 20:30,15.326,72.372,14.3035,2.364
17885,8/2/2026 20:45,15.3345,72.372,14.3048,2.381
17886,8/2/2026 21:00,15.3392,72.199,14.3032,2.395
17887,8/2/2026 21:15,15.3477,72.199,14.3062,2.408
17888,8/2/2026 21:30,15.3524,72.028,14.3078,2.415
17889,8/2/2026 21:45,15.3508,72.028,14.3087,2.409
17890,8/2/2026 22:00,15.3662,72.028,14.3103,2.441
17891,8/2/2026 22:15,15.3776,71.856,14.3096,2.469
17892,8/2/2026 22:30,15.3895,71.856,14.3096,2.497
17893,8/2/2026 22:45,15.3963,71.856,14.3106,2.51
17894,8/2/2026 23:00,15.4027,71.683,14.309,2.529
17895,8/2/2026 23:15,15.4062,71.683,14.3068,2.542
17896,8/2/2026 23:30,15.413,71.683,14.3093,2.552
17897,8/2/2026 23:45,15.4095,71.683,14.3046,2.554
17898,8/3/2026 0:00,15.4148,71.683,14.3057,2.564
17899,8/3/2026 0:15,15.4142,71.512,14.3041,2.566
17900,8/3/2026 0:30,15.4211,71.512,14.2988,2.595
17901,8/3/2026 0:45,15.4295,71.512,14.3019,2.607
17902,8/3/2026 1:00,15.4587,71.512,14.2999,2.679
17903,8/3/2026 1:15,15.5095,71.339,14.2967,2.804
17904,8/3/2026 1:30,15.5367,71.339,14.2914,2.879
17905,8/3/2026 1:45,15.5533,71.168,14.2894,2.922
17906,8/3/2026 2:00,15.5789,71.168,14.2894,2.981
17907,8/3/2026 2:15,15.6161,70.995,14.2903,3.065
17908,8/3/2026 2:30,15.6468,70.995,14.2887,3.14
17909,8/3/2026 2:45,15.6877,70.995,14.2867,3.239
17910,8/3/2026 3:00,15.7009,70.824,14.2875,3.267
17911,8/3/2026 3:15,15.689,70.824,14.2859,3.243
17912,8/3/2026 3:30,15.6884,70.651,14.2853,3.243
17913,8/3/2026 3:45,15.7022,70.651,14.2823,3.282
17914,8/3/2026 4:00,15.6987,70.651,14.2817,3.275
17915,8/3/2026 4:15,15.7069,70.48,14.2848,3.287
17916,8/3/2026 4:30,15.6966,70.48,14.2842,3.265
17917,8/3/2026 4:45,15.6893,70.308,14.2856,3.245
17918,8/3/2026 5:00,15.6979,70.308,14.2835,3.269
17919,8/3/2026 5:15,15.6995,70.308,14.2835,3.273
17920,8/3/2026 5:30,15.6926,70.308,14.2829,3.259
17921,8/3/2026 5:45,15.6786,70.137,14.2845,3.222
17922,8/3/2026 6:00,15.6735,70.137,14.2859,3.207
17923,8/3/2026 6:15,15.6819,70.137,14.2853,3.228
17924,8/3/2026 6:30,15.6649,70.137,14.2878,3.183
17925,8/3/2026 6:45,15.6632,70.137,14.2894,3.175
17926,8/3/2026 7:00,15.6615,70.137,14.293,3.163
17927,8/3/2026 7:15,15.6461,70.137,14.2961,3.12
17928,8/3/2026 7:30,15.6786,70.137,14.2922,3.205
17929,8/3/2026 7:45,15.6649,70.137,14.2933,3.17
17930,8/3/2026 8:00,15.6819,70.137,14.293,3.21
17931,8/3/2026 8:15,15.6957,70.137,14.2936,3.241
17932,8/3/2026 8:30,15.67,70.137,14.2927,3.183
17933,8/3/2026 8:45,15.679,70.308,14.2933,3.203
17934,8/3/2026 9:00,15.6722,70.308,14.2946,3.184
17935,8/3/2026 9:15,15.6654,70.308,14.2927,3.173
17936,8/3/2026 9:30,15.5924,70.48,14.2939,3.002
17937,8/3/2026 9:45,15.5839,70.48,14.2927,2.984
17938,8/3/2026 10:00,15.581,70.651,14.294,2.975
17939,8/3/2026 10:15,15.5689,70.651,14.2922,2.951
17940,8/3/2026 10:30,15.5557,70.824,14.2919,2.922
17941,8/3/2026 10:45,15.5699,70.995,14.2897,2.959
17942,8/3/2026 11:00,15.5601,71.168,14.2877,2.941
17943,8/3/2026 11:15,15.5726,71.339,14.2874,2.971
17944,8/3/2026 11:30,15.5679,71.512,14.2838,2.969
17945,8/3/2026 11:45,15.5547,71.683,14.2832,2.94
17946,8/3/2026 12:00,15.5398,71.856,14.278,2.917
17947,8/3/2026 12:15,15.5369,72.028,14.2759,2.915
17948,8/3/2026 12:30,15.5151,72.199,14.2739,2.87
17949,8/3/2026 12:45,15.5208,72.372,14.2719,2.888
17950,8/3/2026 13:00,15.508,72.718,14.2723,2.857
17951,8/3/2026 13:15,15.5029,72.718,14.272,2.846
17952,8/3/2026 13:30,15.4863,72.891,14.2708,2.81
17953,8/3/2026 13:45,15.4765,73.062,14.2713,2.787
17954,8/3/2026 14:00,15.468,73.062,14.2679,2.775
17955,8/3/2026 14:15,15.4548,73.234,14.2633,2.755
17956,8/3/2026 14:30,15.4427,73.234,14.2646,2.724
17957,8/3/2026 14:45,15.4262,73.407,14.264,2.687
17958,8/3/2026 15:00,15.4143,73.407,14.2601,2.669
17959,8/3/2026 15:15,15.4091,73.407,14.2607,2.656
17960,8/3/2026 15:30,15.3852,73.407,14.2616,2.598
17961,8/3/2026 15:45,15.3818,73.407,14.2533,2.61
17962,8/3/2026 16:00,15.3784,73.407,14.2572,2.592
17963,8/3/2026 16:15,15.3612,73.407,14.2546,2.559
17964,8/3/2026 16:30,15.3544,73.407,14.2571,2.537
17965,8/3/2026 16:45,15.3493,73.407,14.256,2.528
17966,8/3/2026 17:00,15.3408,73.407,14.2562,2.508
17967,8/3/2026 17:15,15.3357,73.407,14.2571,2.494
17968,8/3/2026 17:30,15.325,73.234,14.2584,2.466
17969,8/3/2026 17:45,15.3215,73.234,14.2588,2.457
17970,8/3/2026 18:00,15.3131,73.234,14.2571,2.442
17971,8/3/2026 18:15,15.3142,73.062,14.2582,2.442
17972,8/3/2026 18:30,15.3109,73.062,14.2607,2.428
17973,8/3/2026 18:45,15.3074,73.062,14.2637,2.413
17974,8/3/2026 19:00,15.3006,73.062,14.2637,2.398
17975,8/3/2026 19:15,15.2967,72.891,14.2643,2.387
17976,8/3/2026 19:30,15.2934,72.891,14.264,2.38
17977,8/3/2026 19:45,15.2899,72.891,14.2668,2.366
17978,8/3/2026 20:00,15.2877,72.718,14.2714,2.35
17979,8/3/2026 20:15,15.2809,72.718,14.2707,2.336
17980,8/3/2026 20:30,15.2791,72.718,14.2701,2.333
17981,8/3/2026 20:45,15.2758,72.718,14.272,2.321
17982,8/3/2026 21:00,15.2684,72.545,14.2713,2.305
17983,8/3/2026 21:15,15.2651,72.545,14.2716,2.297
17984,8/3/2026 21:30,15.2616,72.545,14.2719,2.288
17985,8/3/2026 21:45,15.2578,72.372,14.2713,2.281
17986,8/3/2026 22:00,15.2561,72.372,14.2746,2.269
17987,8/3/2026 22:15,15.2561,72.372,14.2771,2.263
17988,8/3/2026 22:30,15.2526,72.372,14.2774,2.255
17989,8/3/2026 22:45,15.2487,72.199,14.2768,2.247
17990,8/3/2026 23:00,15.2436,72.199,14.2746,2.24
17991,8/3/2026 23:15,15.2385,72.199,14.2724,2.234
17992,8/3/2026 23:30,15.2335,72.199,14.2724,2.222
17993,8/3/2026 23:45,15.2249,72.199,14.2688,2.21
17994,8/4/2026 0:00,15.2197,72.199,14.2666,2.203
17995,8/4/2026 0:15,15.2192,72.028,14.2675,2.2
17996,8/4/2026 0:30,15.2142,72.028,14.2669,2.19
17997,8/4/2026 0:45,15.2107,72.028,14.2663,2.183
17998,8/4/2026 1:00,15.2056,72.028,14.2627,2.18
17999,8/4/2026 1:15,15.2021,72.028,14.2642,2.169
18000,8/4/2026 1:30,15.1988,72.028,14.2605,2.169
18001,8/4/2026 1:45,15.1931,71.856,14.26,2.157
18002,8/4/2026 2:00,15.1931,71.856,14.2578,2.162
18003,8/4/2026 2:15,15.1863,71.856,14.2578,2.147
18004,8/4/2026 2:30,15.1795,71.856,14.2587,2.129
18005,8/4/2026 2:45,15.1762,71.856,14.254,2.132
18006,8/4/2026 3:00,15.1727,71.856,14.251,2.131
18007,8/4/2026 3:15,15.1709,71.856,14.254,2.12
18008,8/4/2026 3:30,15.1676,71.856,14.254,2.112
18009,8/4/2026 3:45,15.1676,71.856,14.2556,2.108
18010,8/4/2026 4:00,15.1694,71.856,14.254,2.116
18011,8/4/2026 4:15,15.1676,71.856,14.2572,2.105
18012,8/4/2026 4:30,15.1672,71.683,14.2572,2.104
18013,8/4/2026 4:45,15.1672,71.683,14.2581,2.102
18014,8/4/2026 5:00,15.1637,71.683,14.2595,2.09
18015,8/4/2026 5:15,15.162,71.683,14.259,2.088
18016,8/4/2026 5:30,15.162,71.683,14.26,2.085
18017,8/4/2026 5:45,15.1637,71.683,14.2655,2.077
18018,8/4/2026 6:00,15.1637,71.683,14.2669,2.073
18019,8/4/2026 6:15,15.1602,71.683,14.2685,2.061
18020,8/4/2026 6:30,15.1654,71.683,14.2685,2.074
18021,8/4/2026 6:45,15.1654,71.683,14.2746,2.059
18022,8/4/2026 7:00,15.162,71.683,14.2732,2.055
18023,8/4/2026 7:15,15.1586,71.683,14.2737,2.046
18024,8/4/2026 7:30,15.1586,71.683,14.278,2.036
18025,8/4/2026 7:45,15.162,71.683,14.2793,2.041
18026,8/4/2026 8:00,15.1573,71.856,14.2804,2.027
18027,8/4/2026 8:15,15.1556,71.856,14.2817,2.02
18028,8/4/2026 8:30,15.1522,71.856,14.2774,2.023
18029,8/4/2026 8:45,15.1505,71.856,14.2807,2.011
18030,8/4/2026 9:00,15.1492,72.028,14.2804,2.009
18031,8/4/2026 9:15,15.1527,72.028,14.2817,2.014
18032,8/4/2026 9:30,15.1509,72.028,14.2836,2.005
18033,8/4/2026 9:45,15.1463,72.199,14.2814,2
18034,8/4/2026 10:00,15.1416,72.372,14.2794,1.994
18035,8/4/2026 10:15,15.1399,72.372,14.2759,1.998
18036,8/4/2026 10:30,15.1403,72.545,14.2788,1.992
18037,8/4/2026 10:45,15.1357,72.718,14.2785,1.982
18038,8/4/2026 11:00,15.1409,72.718,14.2736,2.005
18039,8/4/2026 11:15,15.1414,72.891,14.2739,2.006
18040,8/4/2026 11:30,15.1383,73.062,14.2756,1.995
18041,8/4/2026 11:45,15.1418,73.062,14.2756,2.003
18042,8/4/2026 12:00,15.1372,73.234,14.2758,1.992
18043,8/4/2026 12:15,15.1358,73.407,14.2732,1.995
18044,8/4/2026 12:30,15.1295,73.58,14.269,1.99
18045,8/4/2026 12:45,15.1266,73.753,14.2669,1.988
18046,8/4/2026 13:00,15.1219,73.926,14.262,1.989
18047,8/4/2026 13:15,15.1177,74.271,14.262,1.979
18048,8/4/2026 13:30,15.1131,74.446,14.2588,1.976
18049,8/4/2026 13:45,15.1106,74.791,14.2585,1.971
18050,8/4/2026 14:00,15.1038,74.791,14.259,1.954
18051,8/4/2026 14:15,15.1042,74.964,14.2556,1.963
18052,8/4/2026 14:30,15.1018,75.312,14.2547,1.959
18053,8/4/2026 14:45,15.1,75.312,14.2543,1.956
18054,8/4/2026 15:00,15.0949,75.312,14.255,1.943
18055,8/4/2026 15:15,15.0954,75.484,14.2534,1.947
18056,8/4/2026 15:30,15.0954,75.484,14.2529,1.949
18057,8/4/2026 15:45,15.0954,75.484,14.2546,1.945
18058,8/4/2026 16:00,15.0954,75.484,14.2537,1.947
18059,8/4/2026 16:15,15.0868,75.484,14.2478,1.941
18060,8/4/2026 16:30,15.0851,75.484,14.2479,1.936
18061,8/4/2026 16:45,15.0851,75.484,14.2498,1.932
18062,8/4/2026 17:00,15.0817,75.484,14.2494,1.925
18063,8/4/2026 17:15,15.08,75.484,14.2514,1.917
18064,8/4/2026 17:30,15.08,75.484,14.2504,1.919
18065,8/4/2026 17:45,15.0817,75.484,14.2555,1.911
18066,8/4/2026 18:00,15.0783,75.484,14.2563,1.901
18067,8/4/2026 18:15,15.0833,75.484,14.2575,1.91
18068,8/4/2026 18:30,15.0833,75.484,14.2581,1.909
18069,8/4/2026 18:45,15.08,75.484,14.2555,1.907
18070,8/4/2026 19:00,15.0817,75.484,14.2566,1.909
18071,8/4/2026 19:15,15.0833,75.484,14.2594,1.906
18072,8/4/2026 19:30,15.0864,75.312,14.2605,1.91
18073,8/4/2026 19:45,15.0915,75.312,14.2637,1.914
18074,8/4/2026 20:00,15.0932,75.312,14.269,1.906
18075,8/4/2026 20:15,15.1034,75.312,14.2714,1.924
18076,8/4/2026 20:30,15.1018,75.312,14.2753,1.911
18077,8/4/2026 20:45,15.1064,75.139,14.2778,1.916
18078,8/4/2026 21:00,15.1081,75.139,14.2827,1.909
18079,8/4/2026 21:15,15.1064,75.139,14.283,1.904
18080,8/4/2026 21:30,15.1093,74.964,14.2833,1.91
18081,8/4/2026 21:45,15.106,74.964,14.2842,1.901
18082,8/4/2026 22:00,15.1038,74.791,14.2829,1.899
18083,8/4/2026 22:15,15.1038,74.791,14.2884,1.886
18084,8/4/2026 22:30,15.105,74.619,14.2878,1.89
18085,8/4/2026 22:45,15.1016,74.619,14.2856,1.887
18086,8/4/2026 23:00,15.0964,74.619,14.2867,1.873
18087,8/4/2026 23:15,15.0942,74.446,14.2859,1.869
18088,8/4/2026 23:30,15.0909,74.446,14.2848,1.864
18089,8/4/2026 23:45,15.087,74.271,14.2826,1.86
18090,8/5/2026 0:00,15.0852,74.271,14.282,1.858
18091,8/5/2026 0:15,15.0813,74.098,14.2798,1.853
18092,8/5/2026 0:30,15.0762,74.098,14.2777,1.847
18093,8/5/2026 0:45,15.0723,73.926,14.2801,1.832
18094,8/5/2026 1:00,15.0758,73.926,14.2787,1.843
18095,8/5/2026 1:15,15.0707,73.926,14.2765,1.837
18096,8/5/2026 1:30,15.0651,73.753,14.2759,1.825
18097,8/5/2026 1:45,15.0651,73.753,14.2743,1.829
18098,8/5/2026 2:00,15.0651,73.753,14.2737,1.83
18099,8/5/2026 2:15,15.0664,73.58,14.2737,1.833
18100,8/5/2026 2:30,15.0629,73.58,14.2685,1.837
18101,8/5/2026 2:45,15.0629,73.58,14.2685,1.837
18102,8/5/2026 3:00,15.0625,73.407,14.2669,1.84
18103,8/5/2026 3:15,15.0607,73.407,14.2648,1.841
18104,8/5/2026 3:30,15.0607,73.407,14.2694,1.83
18105,8/5/2026 3:45,15.062,73.234,14.2672,1.838
18106,8/5/2026 4:00,15.0585,73.234,14.2688,1.826
18107,8/5/2026 4:15,15.0568,73.234,14.2697,1.82
18108,8/5/2026 4:30,15.053,73.062,14.2682,1.815
18109,8/5/2026 4:45,15.0546,73.062,14.2677,1.82
18110,8/5/2026 5:00,15.053,73.062,14.27,1.811
18111,8/5/2026 5:15,15.0546,73.062,14.27,1.814
18112,8/5/2026 5:30,15.0559,72.891,14.271,1.815
18113,8/5/2026 5:45,15.0559,72.891,14.271,1.815
18114,8/5/2026 6:00,15.061,72.891,14.2765,1.814
18115,8/5/2026 6:15,15.0674,72.718,14.2749,1.832
18116,8/5/2026 6:30,15.0726,72.718,14.2795,1.834
18117,8/5/2026 6:45,15.0759,72.718,14.2842,1.831
18118,8/5/2026 7:00,15.0777,72.718,14.2864,1.83
18119,8/5/2026 7:15,15.0759,72.718,14.2853,1.828
18120,8/5/2026 7:30,15.0794,72.718,14.2867,1.833
18121,8/5/2026 7:45,15.0777,72.718,14.2853,1.832
18122,8/5/2026 8:00,15.0759,72.718,14.2851,1.829
18123,8/5/2026 8:15,15.0742,72.718,14.2853,1.824
18124,8/5/2026 8:30,15.0726,72.718,14.2842,1.823
18125,8/5/2026 8:45,15.0709,72.718,14.2836,1.82
18126,8/5/2026 9:00,15.0662,72.891,14.2861,1.804
18127,8/5/2026 9:15,15.0696,72.891,14.2869,1.81
18128,8/5/2026 9:30,15.0696,72.891,14.2888,1.805
18129,8/5/2026 9:45,15.0684,73.062,14.2891,1.802
18130,8/5/2026 10:00,15.0667,73.062,14.2926,1.79
18131,8/5/2026 10:15,15.0667,73.062,14.2884,1.8
18132,8/5/2026 10:30,15.062,73.234,14.2893,1.787
18133,8/5/2026 10:45,15.0636,73.234,14.2897,1.79
18134,8/5/2026 11:00,15.0658,73.407,14.2898,1.794
18135,8/5/2026 11:15,15.0664,73.58,14.2898,1.796
18136,8/5/2026 11:30,15.0701,73.753,14.2855,1.814
18137,8/5/2026 11:45,15.0723,73.926,14.288,1.814
18138,8/5/2026 12:00,15.0694,74.098,14.2851,1.814
18139,8/5/2026 12:15,15.0677,74.098,14.2823,1.816
18140,8/5/2026 12:30,15.0617,74.446,14.28,1.808
18141,8/5/2026 12:45,15.0601,74.446,14.2781,1.809
18142,8/5/2026 13:00,15.0555,74.619,14.273,1.81
18143,8/5/2026 13:15,15.0491,74.791,14.2711,1.799
18144,8/5/2026 13:30,15.0461,74.964,14.2707,1.793
18145,8/5/2026 13:45,15.0427,74.964,14.2697,1.788
18146,8/5/2026 14:00,15.0432,75.139,14.2687,1.791
18147,8/5/2026 14:15,15.0368,75.312,14.2661,1.783
18148,8/5/2026 14:30,15.0372,75.484,14.265,1.786
18149,8/5/2026 14:45,15.0321,75.484,14.2633,1.778
18150,8/5/2026 15:00,15.0321,75.484,14.2608,1.784
18151,8/5/2026 15:15,15.0308,75.659,14.2552,1.794
18152,8/5/2026 15:30,15.0275,75.659,14.2511,1.796
18153,8/5/2026 15:45,15.0275,75.659,14.2547,1.787
18154,8/5/2026 16:00,15.0275,75.659,14.2466,1.806
18155,8/5/2026 16:15,15.0275,75.659,14.2487,1.802
18156,8/5/2026 16:30,15.0271,75.484,14.2485,1.801
18157,8/5/2026 16:45,15.0271,75.484,14.2472,1.804
18158,8/5/2026 17:00,15.0253,75.484,14.2489,1.796
18159,8/5/2026 17:15,15.0253,75.484,14.2507,1.792
18160,8/5/2026 17:30,15.0236,75.484,14.2508,1.787
18161,8/5/2026 17:45,15.0253,75.484,14.2517,1.789
18162,8/5/2026 18:00,15.0287,75.484,14.2534,1.793
18163,8/5/2026 18:15,15.0304,75.484,14.26,1.782
18164,8/5/2026 18:30,15.0282,75.312,14.2601,1.777
18165,8/5/2026 18:45,15.0282,75.312,14.2624,1.771
18166,8/5/2026 19:00,15.03,75.312,14.2669,1.765
18167,8/5/2026 19:15,15.0335,75.312,14.2711,1.763
18168,8/5/2026 19:30,15.035,75.312,14.2717,1.766
18169,8/5/2026 19:45,15.035,75.312,14.2781,1.751
18170,8/5/2026 20:00,15.0419,75.312,14.2814,1.759
18171,8/5/2026 20:15,15.0403,75.312,14.2827,1.752
18172,8/5/2026 20:30,15.0385,75.312,14.281,1.752
18173,8/5/2026 20:45,15.0419,75.312,14.281,1.76
18174,8/5/2026 21:00,15.0419,75.312,14.2824,1.756
18175,8/5/2026 21:15,15.0453,75.312,14.2833,1.763
18176,8/5/2026 21:30,15.0488,75.312,14.2843,1.768
18177,8/5/2026 21:45,15.0482,75.139,14.2852,1.765
18178,8/5/2026 22:00,15.0517,75.139,14.2869,1.769
18179,8/5/2026 22:15,15.0535,75.139,14.2872,1.772
18180,8/5/2026 22:30,15.0568,75.139,14.2882,1.778
18181,8/5/2026 22:45,15.0603,75.139,14.2875,1.787
18182,8/5/2026 23:00,15.062,75.139,14.2855,1.796
18183,8/5/2026 23:15,15.0739,75.139,14.2833,1.829
18184,8/5/2026 23:30,15.0842,75.139,14.2833,1.852
18185,8/5/2026 23:45,15.0812,75.312,14.2826,1.847
18186,8/6/2026 0:00,15.0829,75.312,14.2826,1.851
18187,8/6/2026 0:15,15.0796,75.312,14.279,1.852
18188,8/6/2026 0:30,15.079,75.139,14.2759,1.857
18189,8/6/2026 0:45,15.0704,75.139,14.2707,1.85
18190,8/6/2026 1:00,15.0688,75.139,14.2721,1.843
18191,8/6/2026 1:15,15.0671,75.139,14.2685,1.847
18192,8/6/2026 1:30,15.0667,74.964,14.27,1.843
18193,8/6/2026 1:45,15.07,74.964,14.2679,1.855
18194,8/6/2026 2:00,15.0803,74.964,14.2679,1.879
18195,8/6/2026 2:15,15.1021,74.791,14.2658,1.934
18196,8/6/2026 2:30,15.1361,74.791,14.2697,2.004
18197,8/6/2026 2:45,15.1657,74.964,14.2675,2.077
18198,8/6/2026 3:00,15.1754,74.791,14.2648,2.106
18199,8/6/2026 3:15,15.1721,74.791,14.2658,2.096
18200,8/6/2026 3:30,15.1715,74.619,14.265,2.096
18201,8/6/2026 3:45,15.166,74.446,14.2645,2.085
18202,8/6/2026 4:00,15.1588,74.271,14.2608,2.077
18203,8/6/2026 4:15,15.1514,74.098,14.2617,2.057
18204,8/6/2026 4:30,15.1446,74.098,14.2611,2.043
18205,8/6/2026 4:45,15.1406,73.926,14.265,2.025
18206,8/6/2026 5:00,15.1316,73.753,14.2691,1.995
18207,8/6/2026 5:15,15.1283,73.753,14.2685,1.988
18208,8/6/2026 5:30,15.1226,73.58,14.2732,1.964
18209,8/6/2026 5:45,15.1244,73.58,14.2732,1.968
18210,8/6/2026 6:00,15.1222,73.407,14.2746,1.96
18211,8/6/2026 6:15,15.1187,73.407,14.2771,1.946
18212,8/6/2026 6:30,15.1171,73.407,14.2787,1.939
18213,8/6/2026 6:45,15.1166,73.234,14.2839,1.925
18214,8/6/2026 7:00,15.1166,73.234,14.2823,1.929
18215,8/6/2026 7:15,15.1097,73.234,14.2807,1.917
18216,8/6/2026 7:30,15.1115,73.234,14.2823,1.917
18217,8/6/2026 7:45,15.1093,73.062,14.2829,1.911
18218,8/6/2026 8:00,15.1076,73.062,14.2845,1.903
18219,8/6/2026 8:15,15.1076,73.062,14.2851,1.902
18220,8/6/2026 8:30,15.106,73.062,14.2817,1.906
18221,8/6/2026 8:45,15.106,73.062,14.2829,1.903
18222,8/6/2026 9:00,15.106,73.062,14.2862,1.895
18223,8/6/2026 9:15,15.115,73.234,14.2859,1.917
18224,8/6/2026 9:30,15.3501,73.062,14.2897,2.452
18225,8/6/2026 9:45,15.4876,72.718,14.2927,2.763
18226,8/6/2026 10:00,15.5417,72.545,14.2888,2.897
18227,8/6/2026 10:15,15.5788,72.372,14.2878,2.985
18228,8/6/2026 10:30,15.6085,72.028,14.2884,3.052
18229,8/6/2026 10:45,15.6166,71.856,14.2839,3.081
18230,8/6/2026 11:00,15.6474,71.856,14.2867,3.146
18231,8/6/2026 11:15,15.6457,71.856,14.2858,3.144
18232,8/6/2026 11:30,15.6542,71.856,14.2845,3.167
18233,8/6/2026 11:45,15.6667,72.028,14.2872,3.189
18234,8/6/2026 12:00,15.6564,72.028,14.2833,3.174
18235,8/6/2026 12:15,15.67,72.028,14.2784,3.217
18236,8/6/2026 12:30,15.6586,72.199,14.2788,3.19
18237,8/6/2026 12:45,15.6552,72.199,14.2788,3.182
18238,8/6/2026 13:00,15.6642,72.372,14.2761,3.209
18239,8/6/2026 13:15,15.6539,72.372,14.274,3.19
18240,8/6/2026 13:30,15.6458,72.545,14.2674,3.187
18241,8/6/2026 13:45,15.6396,72.718,14.2723,3.161
18242,8/6/2026 14:00,15.6229,72.891,14.2688,3.131
18243,8/6/2026 14:15,15.5961,73.062,14.2627,3.083
18244,8/6/2026 14:30,15.5897,73.234,14.2595,3.076
18245,8/6/2026 14:45,15.5692,73.234,14.2576,3.033
18246,8/6/2026 15:00,15.5538,73.234,14.2597,2.993
18247,8/6/2026 15:15,15.5385,73.234,14.2575,2.962
18248,8/6/2026 15:30,15.5299,73.234,14.2584,2.94
18249,8/6/2026 15:45,15.5145,73.234,14.2604,2.9
18250,8/6/2026 16:00,15.5005,73.062,14.26,2.868
18251,8/6/2026 16:15,15.4851,73.062,14.256,2.842
18252,8/6/2026 16:30,15.4713,73.062,14.2579,2.806
18253,8/6/2026 16:45,15.4641,72.891,14.2597,2.785
18254,8/6/2026 17:00,15.4573,72.891,14.2646,2.758
18255,8/6/2026 17:15,15.4436,72.891,14.2633,2.729
18256,8/6/2026 17:30,15.4316,72.891,14.2666,2.694
18257,8/6/2026 17:45,15.4162,72.891,14.2665,2.658
18258,8/6/2026 18:00,15.4146,72.891,14.2672,2.653
18259,8/6/2026 18:15,15.4129,72.891,14.2684,2.646
18260,8/6/2026 18:30,15.3992,72.891,14.2694,2.612
18261,8/6/2026 18:45,15.3889,72.891,14.272,2.583
18262,8/6/2026 19:00,15.3885,72.718,14.269,2.589
18263,8/6/2026 19:15,15.3765,72.718,14.2704,2.557
18264,8/6/2026 19:30,15.3696,72.718,14.2716,2.539
18265,8/6/2026 19:45,15.3628,72.718,14.2759,2.513
18266,8/6/2026 20:00,15.3646,72.718,14.2762,2.516
18267,8/6/2026 20:15,15.3435,72.545,14.2795,2.46
18268,8/6/2026 20:30,15.3435,72.545,14.2817,2.455
18269,8/6/2026 20:45,15.3419,72.545,14.2853,2.443
18270,8/6/2026 21:00,15.3351,72.545,14.2848,2.429
18271,8/6/2026 21:15,15.3277,72.372,14.2894,2.401
18272,8/6/2026 21:30,15.3209,72.372,14.2856,2.394
18273,8/6/2026 21:45,15.3141,72.372,14.2867,2.375
18274,8/6/2026 22:00,15.3108,72.372,14.2891,2.362
18275,8/6/2026 22:15,15.3016,72.199,14.2884,2.343
18276,8/6/2026 22:30,15.2932,72.199,14.2919,2.315
18277,8/6/2026 22:45,15.2847,72.199,14.2897,2.3
18278,8/6/2026 23:00,15.279,72.028,14.2891,2.289
18279,8/6/2026 23:15,15.2704,72.028,14.2884,2.27
18280,8/6/2026 23:30,15.2603,72.028,14.2903,2.243
18281,8/6/2026 23:45,15.2546,71.856,14.2867,2.238
18282,8/7/2026 0:00,15.2496,71.856,14.2845,2.231
18283,8/7/2026 0:15,15.241,71.856,14.2832,2.214
18284,8/7/2026 0:30,15.232,71.683,14.2842,2.191
18285,8/7/2026 0:45,15.2285,71.683,14.2804,2.192
18286,8/7/2026 1:00,15.2217,71.683,14.2804,2.176
18287,8/7/2026 1:15,15.2149,71.683,14.2768,2.169
18288,8/7/2026 1:30,15.2059,71.512,14.2768,2.148
18289,8/7/2026 1:45,15.1973,71.512,14.2762,2.129
18290,8/7/2026 2:00,15.194,71.512,14.2746,2.125
18291,8/7/2026 2:15,15.1872,71.512,14.271,2.118
18292,8/7/2026 2:30,15.1804,71.512,14.2694,2.106
18293,8/7/2026 2:45,15.1752,71.512,14.2704,2.092
18294,8/7/2026 3:00,15.1679,71.339,14.2658,2.085
18295,8/7/2026 3:15,15.1611,71.339,14.2658,2.07
18296,8/7/2026 3:30,15.156,71.339,14.2666,2.056
18297,8/7/2026 3:45,15.1543,71.339,14.2666,2.052
18298,8/7/2026 4:00,15.1525,71.339,14.2661,2.049
18299,8/7/2026 4:15,15.1492,71.339,14.2677,2.038
18300,8/7/2026 4:30,15.1457,71.339,14.2701,2.024
18301,8/7/2026 4:45,15.144,71.339,14.2732,2.013
18302,8/7/2026 5:00,15.1418,71.168,14.2732,2.008
18303,8/7/2026 5:15,15.1418,71.168,14.2726,2.009
18304,8/7/2026 5:30,15.1385,71.168,14.274,1.998
18305,8/7/2026 5:45,15.1385,71.168,14.275,1.996
18306,8/7/2026 6:00,15.1367,71.168,14.2781,1.985
18307,8/7/2026 6:15,15.1363,70.995,14.279,1.982
18308,8/7/2026 6:30,15.1345,70.995,14.283,1.968
18309,8/7/2026 6:45,15.1363,70.995,14.2861,1.965
18310,8/7/2026 7:00,15.1363,70.995,14.2861,1.965
18311,8/7/2026 7:15,15.1345,70.995,14.2897,1.953
18312,8/7/2026 7:30,15.1328,70.995,14.2903,1.948
18313,8/7/2026 7:45,15.1295,70.995,14.2961,1.926
18314,8/7/2026 8:00,15.1299,71.168,14.2974,1.925
18315,8/7/2026 8:15,15.1264,71.168,14.2955,1.921
18316,8/7/2026 8:30,15.1332,71.168,14.298,1.931
18317,8/7/2026 8:45,15.1321,71.339,14.3004,1.923
18318,8/7/2026 9:00,15.1303,71.339,14.3029,1.913
18319,8/7/2026 9:15,15.1343,71.512,14.3032,1.921
18320,8/7/2026 9:30,15.1393,71.512,14.3035,1.932
18321,8/7/2026 9:45,15.138,71.683,14.3045,1.927
18322,8/7/2026 10:00,15.1398,71.683,14.3054,1.929
18323,8/7/2026 10:15,15.138,71.683,14.3051,1.926
18324,8/7/2026 10:30,15.1351,71.856,14.3042,1.921
18325,8/7/2026 10:45,15.1369,71.856,14.3026,1.929
18326,8/7/2026 11:00,15.1334,71.856,14.3057,1.914
18327,8/7/2026 11:15,15.1305,72.028,14.3017,1.916
18328,8/7/2026 11:30,15.1287,72.028,14.3045,1.906
18329,8/7/2026 11:45,15.1276,72.199,14.3014,1.91
18330,8/7/2026 12:00,15.1212,72.372,14.2999,1.899
18331,8/7/2026 12:15,15.1212,72.372,14.299,1.901
18332,8/7/2026 12:30,15.1182,72.545,14.2981,1.896
18333,8/7/2026 12:45,15.1164,72.545,14.2956,1.898
18334,8/7/2026 13:00,15.1186,72.718,14.2917,1.912
18335,8/7/2026 13:15,15.1124,72.891,14.291,1.899
18336,8/7/2026 13:30,15.1128,73.062,14.2893,1.904
18337,8/7/2026 13:45,15.1128,73.062,14.2865,1.911
18338,8/7/2026 14:00,15.1132,73.234,14.2881,1.908
18339,8/7/2026 14:15,15.1068,73.407,14.2819,1.908
18340,8/7/2026 14:30,15.109,73.58,14.2771,1.924
18341,8/7/2026 14:45,15.1026,73.753,14.278,1.907
18342,8/7/2026 15:00,15.1026,73.753,14.2784,1.906
18343,8/7/2026 15:15,15.1009,73.753,14.2775,1.904
18344,8/7/2026 15:30,15.0993,73.753,14.2787,1.898
18345,8/7/2026 15:45,15.0976,73.753,14.2774,1.897
18346,8/7/2026 16:00,15.0923,73.753,14.2708,1.9
18347,8/7/2026 16:15,15.0873,73.753,14.269,1.892
18348,8/7/2026 16:30,15.0861,73.926,14.2656,1.897
18349,8/7/2026 16:45,15.0809,73.926,14.2627,1.892
18350,8/7/2026 17:00,15.0809,73.926,14.2616,1.895
18351,8/7/2026 17:15,15.0809,73.926,14.2601,1.898
18352,8/7/2026 17:30,15.0809,73.926,14.2608,1.896
18353,8/7/2026 17:45,15.0775,73.926,14.2649,1.879
18354,8/7/2026 18:00,15.0809,73.926,14.2684,1.879
18355,8/7/2026 18:15,15.0877,73.926,14.2671,1.898
18356,8/7/2026 18:30,15.1009,73.753,14.269,1.924
18357,8/7/2026 18:45,15.1202,73.926,14.2697,1.967
18358,8/7/2026 19:00,15.1321,73.926,14.2714,1.99
18359,8/7/2026 19:15,15.1424,73.926,14.2732,2.01
18360,8/7/2026 19:30,15.1714,73.926,14.2737,2.076
18361,8/7/2026 19:45,15.2074,73.926,14.2765,2.153
18362,8/7/2026 20:00,15.2256,73.753,14.2839,2.178
18363,8/7/2026 20:15,15.241,73.753,14.2826,2.216
18364,8/7/2026 20:30,15.2525,73.58,14.2845,2.238
18365,8/7/2026 20:45,15.2588,73.407,14.2862,2.249
18366,8/7/2026 21:00,15.2584,73.234,14.2851,2.251
18367,8/7/2026 21:15,15.2574,72.891,14.2884,2.241
18368,8/7/2026 21:30,15.2536,72.718,14.2878,2.233
18369,8/7/2026 21:45,15.2497,72.545,14.2909,2.217
18370,8/7/2026 22:00,15.2509,72.372,14.2919,2.217
18371,8/7/2026 22:15,15.2487,72.199,14.2933,2.209
18372,8/7/2026 22:30,15.2414,72.028,14.2897,2.2
18373,8/7/2026 22:45,15.2364,72.028,14.2906,2.187
18374,8/7/2026 23:00,15.2307,71.856,14.2922,2.17
18375,8/7/2026 23:15,15.2256,71.856,14.2906,2.162
18376,8/7/2026 23:30,15.2201,71.683,14.2922,2.145
18377,8/7/2026 23:45,15.2149,71.683,14.2914,2.135
18378,8/8/2026 0:00,15.2116,71.683,14.2914,2.127
18379,8/8/2026 0:15,15.2076,71.512,14.2909,2.119
18380,8/8/2026 0:30,15.2042,71.512,14.2872,2.12
18381,8/8/2026 0:45,15.1991,71.512,14.2851,2.113
18382,8/8/2026 1:00,15.1918,71.339,14.279,2.11
18383,8/8/2026 1:15,15.1868,71.339,14.2784,2.1
18384,8/8/2026 1:30,15.1833,71.339,14.2793,2.09
18385,8/8/2026 1:45,15.1776,71.168,14.2793,2.077
18386,8/8/2026 2:00,15.176,71.168,14.2771,2.078
18387,8/8/2026 2:15,15.1692,71.168,14.2756,2.066
18388,8/8/2026 2:30,15.1657,71.168,14.2735,2.063
18389,8/8/2026 2:45,15.1602,70.995,14.2735,2.05
18390,8/8/2026 3:00,15.155,70.995,14.2729,2.039
18391,8/8/2026 3:15,15.1534,70.995,14.2707,2.04
18392,8/8/2026 3:30,15.1482,70.995,14.2716,2.026
18393,8/8/2026 3:45,15.1464,70.995,14.2732,2.019
18394,8/8/2026 4:00,15.1414,70.995,14.2756,2.001
18395,8/8/2026 4:15,15.1392,70.824,14.2756,1.996
18396,8/8/2026 4:30,15.1374,70.824,14.2795,1.983
18397,8/8/2026 4:45,15.1324,70.824,14.275,1.982
18398,8/8/2026 5:00,15.1324,70.824,14.2765,1.978
18399,8/8/2026 5:15,15.129,70.824,14.2787,1.966
18400,8/8/2026 5:30,15.129,70.824,14.2787,1.966
18401,8/8/2026 5:45,15.1256,70.824,14.2833,1.947
18402,8/8/2026 6:00,15.1221,70.824,14.2833,1.939
18403,8/8/2026 6:15,15.1221,70.824,14.2864,1.932
18404,8/8/2026 6:30,15.1221,70.824,14.2864,1.932
18405,8/8/2026 6:45,15.1221,70.824,14.293,1.916
18406,8/8/2026 7:00,15.1238,70.824,14.2961,1.913
18407,8/8/2026 7:15,15.1242,70.995,14.2968,1.913
18408,8/8/2026 7:30,15.126,70.995,14.2968,1.917
18409,8/8/2026 7:45,15.126,70.995,14.2988,1.912
18410,8/8/2026 8:00,15.126,70.995,14.2971,1.916
18411,8/8/2026 8:15,15.126,70.995,14.3013,1.906
18412,8/8/2026 8:30,15.1277,70.995,14.3026,1.907
18413,8/8/2026 8:45,15.1248,71.168,14.3043,1.897
18414,8/8/2026 9:00,15.1282,71.168,14.3046,1.904
18415,8/8/2026 9:15,15.1218,71.339,14.3087,1.88
18416,8/8/2026 9:30,15.1184,71.339,14.3057,1.879
18417,8/8/2026 9:45,15.1189,71.512,14.3072,1.876
18418,8/8/2026 10:00,15.1189,71.512,14.3067,1.878
18419,8/8/2026 10:15,15.1125,71.683,14.3097,1.856
18420,8/8/2026 10:30,15.1108,71.683,14.3088,1.854
18421,8/8/2026 10:45,15.1112,71.856,14.307,1.859
18422,8/8/2026 11:00,15.1116,72.028,14.3052,1.864
18423,8/8/2026 11:15,15.1122,72.199,14.3025,1.872
18424,8/8/2026 11:30,15.1087,72.199,14.3028,1.863
18425,8/8/2026 11:45,15.107,72.199,14.2988,1.868
18426,8/8/2026 12:00,15.1074,72.372,14.2985,1.87
18427,8/8/2026 12:15,15.1074,72.372,14.2967,1.875
18428,8/8/2026 12:30,15.1063,72.545,14.2943,1.877
18429,8/8/2026 12:45,15.1012,72.545,14.298,1.857
18430,8/8/2026 13:00,15.1032,72.718,14.2965,1.865
18431,8/8/2026 13:15,15.0999,72.718,14.2922,1.868
18432,8/8/2026 13:30,15.0981,72.718,14.2875,1.874
18433,8/8/2026 13:45,15.0935,72.891,14.29,1.858
18434,8/8/2026 14:00,15.0935,72.891,14.2893,1.86
18435,8/8/2026 14:15,15.09,72.891,14.2887,1.853
18436,8/8/2026 14:30,15.0867,72.891,14.2835,1.857
18437,8/8/2026 14:45,15.0854,73.062,14.2822,1.857
18438,8/8/2026 15:00,15.0803,73.062,14.2816,1.847
18439,8/8/2026 15:15,15.0803,73.062,14.2807,1.849
18440,8/8/2026 15:30,15.0774,73.234,14.2764,1.852
18441,8/8/2026 15:45,15.0688,73.234,14.273,1.84
18442,8/8/2026 16:00,15.0654,73.234,14.2719,1.835
18443,8/8/2026 16:15,15.0671,73.234,14.2704,1.842
18444,8/8/2026 16:30,15.062,73.234,14.2697,1.832
18445,8/8/2026 16:45,15.0658,73.407,14.2684,1.844
18446,8/8/2026 17:00,15.3067,73.407,14.2681,2.402
18447,8/8/2026 17:15,15.3511,73.407,14.2701,2.5
18448,8/8/2026 17:30,15.3869,73.407,14.2698,2.583
18449,8/8/2026 17:45,15.4047,73.062,14.2726,2.618
18450,8/8/2026 18:00,15.4278,72.718,14.2753,2.665
18451,8/8/2026 18:15,15.4456,72.372,14.2756,2.705
18452,8/8/2026 18:30,15.472,72.028,14.2765,2.764
18453,8/8/2026 18:45,15.4921,71.856,14.2759,2.812
18454,8/8/2026 19:00,15.5222,71.683,14.2777,2.877
18455,8/8/2026 19:15,15.556,71.512,14.2804,2.949
18456,8/8/2026 19:30,15.585,71.512,14.2801,3.017
18457,8/8/2026 19:45,15.6033,71.339,14.2851,3.047
18458,8/8/2026 20:00,15.6016,71.339,14.2842,3.045
18459,8/8/2026 20:15,15.593,71.339,14.2894,3.014
18460,8/8/2026 20:30,15.5965,71.339,14.2878,3.025
18461,8/8/2026 20:45,15.5908,71.168,14.2909,3.005
18462,8/8/2026 21:00,15.5755,71.168,14.2949,2.96
18463,8/8/2026 21:15,15.5675,71.339,14.2942,2.944
18464,8/8/2026 21:30,15.5418,71.339,14.2952,2.882
18465,8/8/2026 21:45,15.535,71.339,14.2983,2.859
18466,8/8/2026 22:00,15.5299,71.339,14.3007,2.842
18467,8/8/2026 22:15,15.5111,71.339,14.3022,2.795
18468,8/8/2026 22:30,15.4924,71.339,14.2985,2.76
18469,8/8/2026 22:45,15.4871,71.339,14.3016,2.741
18470,8/8/2026 23:00,15.477,71.339,14.3001,2.721
18471,8/8/2026 23:15,15.4667,71.339,14.3016,2.693
18472,8/8/2026 23:30,15.453,71.339,14.3001,2.665
18473,8/8/2026 23:45,15.4412,71.339,14.3001,2.638
18474,8/9/2026 0:00,15.4291,71.339,14.2955,2.621
18475,8/9/2026 0:15,15.4206,71.339,14.2971,2.597
18476,8/9/2026 0:30,15.4137,71.339,14.2894,2.599
18477,8/9/2026 0:45,15.4087,71.339,14.2862,2.595
18478,8/9/2026 1:00,15.4104,71.339,14.2878,2.595
18479,8/9/2026 1:15,15.4036,71.339,14.2848,2.586
18480,8/9/2026 1:30,15.4258,71.339,14.2801,2.648
18481,8/9/2026 1:45,15.4206,71.339,14.2787,2.64
18482,8/9/2026 2:00,15.4412,71.339,14.2771,2.691
18483,8/9/2026 2:15,15.4445,71.339,14.271,2.713
18484,8/9/2026 2:30,15.4599,71.339,14.2678,2.756
18485,8/9/2026 2:45,15.4702,71.339,14.2663,2.783
18486,8/9/2026 3:00,15.4902,71.168,14.2663,2.829
18487,8/9/2026 3:15,15.4884,71.168,14.2633,2.832
18488,8/9/2026 3:30,15.4902,71.168,14.2633,2.836
18489,8/9/2026 3:45,15.4884,71.168,14.2627,2.833
18490,8/9/2026 4:00,15.4919,71.168,14.2642,2.838
18491,8/9/2026 4:15,15.5038,71.168,14.2611,2.873
18492,8/9/2026 4:30,15.5089,71.168,14.2642,2.877
18493,8/9/2026 4:45,15.5141,71.168,14.2672,2.882
18494,8/9/2026 5:00,15.5192,71.168,14.2682,2.892
18495,8/9/2026 5:15,15.5225,71.168,14.2666,2.903
18496,8/9/2026 5:30,15.5346,71.168,14.2682,2.927
18497,8/9/2026 5:45,15.5363,71.168,14.2713,2.924
18498,8/9/2026 6:00,15.5311,71.168,14.2727,2.909
18499,8/9/2026 6:15,15.5225,71.168,14.2743,2.885
18500,8/9/2026 6:30,15.5073,71.168,14.2743,2.85
18501,8/9/2026 6:45,15.5141,71.168,14.278,2.858
18502,8/9/2026 7:00,15.4987,71.168,14.281,2.815
18503,8/9/2026 7:15,15.506,71.339,14.2795,2.835
18504,8/9/2026 7:30,15.5042,71.339,14.2817,2.826
18505,8/9/2026 7:45,15.5145,71.339,14.2814,2.851
18506,8/9/2026 8:00,15.5231,71.339,14.2826,2.868
18507,8/9/2026 8:15,15.5179,71.339,14.2878,2.844
18508,8/9/2026 8:30,15.5231,71.339,14.2884,2.854
18509,8/9/2026 8:45,15.5163,71.339,14.2897,2.836
18510,8/9/2026 9:00,15.5132,71.512,14.2878,2.833
18511,8/9/2026 9:15,15.4979,71.512,14.2867,2.8
18512,8/9/2026 9:30,15.4932,71.683,14.2878,2.787
18513,8/9/2026 9:45,15.4796,71.683,14.29,2.75
18514,8/9/2026 10:00,15.4749,71.856,14.2907,2.738
18515,8/9/2026 10:15,15.4703,72.028,14.2875,2.735
18516,8/9/2026 10:30,15.4583,72.028,14.2888,2.704
18517,8/9/2026 10:45,15.46,72.028,14.2907,2.703
18518,8/9/2026 11:00,15.4468,72.199,14.2929,2.668
18519,8/9/2026 11:15,15.4472,72.372,14.2926,2.67
18520,8/9/2026 11:30,15.4422,72.372,14.2907,2.662
18521,8/9/2026 11:45,15.441,72.545,14.2896,2.662
18522,8/9/2026 12:00,15.4325,72.545,14.2878,2.647
18523,8/9/2026 12:15,15.4294,72.718,14.2884,2.638
18524,8/9/2026 12:30,15.4248,72.891,14.2897,2.624
18525,8/9/2026 12:45,15.4236,73.062,14.2848,2.633
18526,8/9/2026 13:00,15.4252,73.062,14.2839,2.639
18527,8/9/2026 13:15,15.4155,73.234,14.2801,2.625
18528,8/9/2026 13:30,15.4172,73.234,14.2787,2.633
18529,8/9/2026 13:45,15.4159,73.407,14.2768,2.634
18530,8/9/2026 14:00,15.4074,73.407,14.2755,2.617
18531,8/9/2026 14:15,15.4091,73.407,14.2736,2.626
18532,8/9/2026 14:30,15.4211,73.407,14.2687,2.665
18533,8/9/2026 14:45,15.4159,73.407,14.2701,2.649
18534,8/9/2026 15:00,15.4172,73.234,14.2687,2.656
18535,8/9/2026 15:15,15.424,73.234,14.2678,2.674
18536,8/9/2026 15:30,15.4274,73.234,14.2671,2.683
18537,8/9/2026 15:45,15.4291,73.234,14.2634,2.695
18538,8/9/2026 16:00,15.4359,73.234,14.2649,2.708
18539,8/9/2026 16:15,15.4359,73.234,14.2668,2.703
18540,8/9/2026 16:30,15.4462,73.234,14.2633,2.735
18541,8/9/2026 16:45,15.4599,73.234,14.2652,2.762
18542,8/9/2026 17:00,15.4974,73.234,14.2671,2.845
18543,8/9/2026 17:15,15.5636,73.062,14.2649,3.003
18544,8/9/2026 17:30,15.6422,73.062,14.2661,3.182
18545,8/9/2026 17:45,15.7595,72.891,14.2679,3.449
18546,8/9/2026 18:00,15.7868,72.891,14.2713,3.504
18547,8/9/2026 18:15,15.7731,72.891,14.2713,3.473
18548,8/9/2026 18:30,15.8159,72.891,14.2716,3.571
18549,8/9/2026 18:45,15.8103,72.718,14.2749,3.55
18550,8/9/2026 19:00,15.8597,72.718,14.2782,3.657
18551,8/9/2026 19:15,15.8474,72.545,14.2807,3.622
18552,8/9/2026 19:30,15.8525,72.545,14.2807,3.634
18553,8/9/2026 19:45,15.8593,72.545,14.2835,3.643
18554,8/9/2026 20:00,15.8747,72.545,14.2851,3.675
18555,8/9/2026 20:15,15.8883,72.545,14.2856,3.706
18556,8/9/2026 20:30,15.914,72.545,14.2856,3.765
18557,8/9/2026 20:45,15.9447,72.545,14.2903,3.825
18558,8/9/2026 21:00,15.9135,72.372,14.2919,3.749
18559,8/9/2026 21:15,15.9494,72.372,14.2933,3.829
18560,8/9/2026 21:30,15.9494,72.372,14.2942,3.827
18561,8/9/2026 21:45,16.0056,72.372,14.2958,3.953
18562,8/9/2026 22:00,15.992,72.372,14.2942,3.925
18563,8/9/2026 22:15,16.0724,72.372,14.2942,4.111
18564,8/9/2026 22:30,16.1115,72.372,14.2988,4.191
18565,8/9/2026 22:45,16.0996,72.372,14.2988,4.163
18566,8/9/2026 23:00,16.0889,72.199,14.2942,4.149
18567,8/9/2026 23:15,16.0718,72.199,14.2891,4.121
18568,8/9/2026 23:30,16.0548,72.199,14.2875,4.086
18569,8/9/2026 23:45,16.0753,72.199,14.2875,4.133
18570,8/10/2026 0:00,16.0406,72.028,14.2891,4.049
18571,8/10/2026 0:15,16.056,72.028,14.2845,4.096
18572,8/10/2026 0:30,16.0953,72.028,14.2845,4.186
18573,8/10/2026 0:45,16.0953,72.028,14.2845,4.186
18574,8/10/2026 1:00,16.0696,72.028,14.2793,4.139
18575,8/10/2026 1:15,16.0573,71.856,14.2793,4.111
18576,8/10/2026 1:30,15.9923,71.856,14.2793,3.96
18577,8/10/2026 1:45,16.0009,71.856,14.2762,3.987
18578,8/10/2026 2:00,16.018,71.856,14.2746,4.03
18579,8/10/2026 2:15,16.0055,71.683,14.274,4.003
18580,8/10/2026 2:30,15.985,71.683,14.2694,3.966
18581,8/10/2026 2:45,15.9868,71.683,14.2724,3.963
18582,8/10/2026 3:00,15.9611,71.683,14.2703,3.909
18583,8/10/2026 3:15,15.9679,71.683,14.2672,3.932
18584,8/10/2026 3:30,16.009,71.683,14.2688,4.023
18585,8/10/2026 3:45,15.9555,71.512,14.2697,3.897
18586,8/10/2026 4:00,15.9607,71.512,14.2666,3.916
18587,8/10/2026 4:15,15.9196,71.512,14.265,3.825
18588,8/10/2026 4:30,15.8735,71.512,14.265,3.718
18589,8/10/2026 4:45,15.9572,71.512,14.2666,3.908
18590,8/10/2026 5:00,15.9328,71.339,14.2645,3.857
18591,8/10/2026 5:15,15.9278,71.339,14.2661,3.841
18592,8/10/2026 5:30,15.8987,71.339,14.2691,3.767
18593,8/10/2026 5:45,15.9175,71.339,14.2716,3.805
18594,8/10/2026 6:00,15.8884,71.339,14.2669,3.749
18595,8/10/2026 6:15,15.9003,71.339,14.27,3.769
18596,8/10/2026 6:30,15.9003,71.339,14.2732,3.762
18597,8/10/2026 6:45,15.8999,71.168,14.271,3.766
18598,8/10/2026 7:00,15.8641,71.168,14.271,3.683
18599,8/10/2026 7:15,15.8283,71.168,14.2755,3.59
18600,8/10/2026 7:30,15.847,71.168,14.2771,3.629
18601,8/10/2026 7:45,15.8606,71.168,14.2787,3.657
18602,8/10/2026 8:00,15.859,71.168,14.2777,3.656
18603,8/10/2026 8:15,15.8316,71.168,14.2777,3.592
18604,8/10/2026 8:30,15.8368,71.168,14.279,3.601
18605,8/10/2026 8:45,15.8026,71.168,14.2817,3.516
18606,8/10/2026 9:00,15.8236,71.339,14.282,3.564
18607,8/10/2026 9:15,15.8287,71.339,14.2839,3.571
18608,8/10/2026 9:30,15.7792,71.339,14.2823,3.461
18609,8/10/2026 9:45,15.7604,71.339,14.2833,3.415
18610,8/10/2026 10:00,15.7472,71.512,14.2806,3.391
18611,8/10/2026 10:15,15.7597,71.683,14.283,3.414
18612,8/10/2026 10:30,15.7344,71.856,14.2855,3.35
18613,8/10/2026 10:45,15.706,72.028,14.2819,3.292
18614,8/10/2026 11:00,15.7282,72.028,14.2823,3.343
18615,8/10/2026 11:15,15.7128,72.028,14.279,3.315
18616,8/10/2026 11:30,15.706,72.028,14.2793,3.299
18617,8/10/2026 11:45,15.686,72.199,14.2766,3.258
18618,8/10/2026 12:00,15.6757,72.199,14.2785,3.23
18619,8/10/2026 12:15,15.659,72.372,14.2758,3.198
18620,8/10/2026 12:30,15.6385,72.372,14.2765,3.149
18621,8/10/2026 12:45,15.6385,72.372,14.2753,3.152
18622,8/10/2026 13:00,15.6288,72.545,14.275,3.13
18623,8/10/2026 13:15,15.6135,72.545,14.2707,3.105
18624,8/10/2026 13:30,15.6082,72.545,14.2691,3.096
18625,8/10/2026 13:45,15.602,72.718,14.2652,3.091
18626,8/10/2026 14:00,15.5746,72.718,14.2643,3.03
18627,8/10/2026 14:15,15.5695,72.718,14.2588,3.031
18628,8/10/2026 14:30,15.561,72.718,14.253,3.024
18629,8/10/2026 14:45,15.5644,72.718,14.2504,3.038
18630,8/10/2026 15:00,15.5541,72.718,14.2508,3.013
18631,8/10/2026 15:15,15.5388,72.718,14.2524,2.974
18632,8/10/2026 15:30,15.5337,72.718,14.2497,2.969
18633,8/10/2026 15:45,15.5341,72.891,14.2473,2.975
18634,8/10/2026 16:00,15.5187,72.891,14.2449,2.945
18635,8/10/2026 16:15,15.5205,72.891,14.2433,2.953
18636,8/10/2026 16:30,15.5067,72.891,14.2492,2.908
18637,8/10/2026 16:45,15.5034,72.891,14.2456,2.908
18638,8/10/2026 17:00,15.5067,72.891,14.2453,2.917
18639,8/10/2026 17:15,15.4983,72.891,14.2475,2.892
18640,8/10/2026 17:30,15.4999,72.891,14.2504,2.889
18641,8/10/2026 17:45,15.4892,72.718,14.2526,2.859
18642,8/10/2026 18:00,15.4995,72.718,14.2542,2.879
18643,8/10/2026 18:15,15.4823,72.718,14.2592,2.828
18644,8/10/2026 18:30,15.4995,72.718,14.2592,2.868
18645,8/10/2026 18:45,15.5008,72.545,14.2592,2.871
18646,8/10/2026 19:00,15.5008,72.545,14.2581,2.873
18647,8/10/2026 19:15,15.4918,72.372,14.2575,2.854
18648,8/10/2026 19:30,15.4918,72.372,14.2562,2.857
18649,8/10/2026 19:45,15.5037,72.372,14.2591,2.877
18650,8/10/2026 20:00,15.4918,72.372,14.2623,2.843
18651,8/10/2026 20:15,15.4912,72.199,14.2643,2.837
18652,8/10/2026 20:30,15.4964,72.199,14.2629,2.852
18653,8/10/2026 20:45,15.4947,72.199,14.2659,2.841
18654,8/10/2026 21:00,15.4861,72.199,14.2684,2.815
18655,8/10/2026 21:15,15.4879,72.199,14.2717,2.812
18656,8/10/2026 21:30,15.4857,72.028,14.2726,2.805
18657,8/10/2026 21:45,15.472,72.028,14.2714,2.776
18658,8/10/2026 22:00,15.4789,72.028,14.2737,2.786
18659,8/10/2026 22:15,15.4805,72.028,14.2756,2.785
18660,8/10/2026 22:30,15.4736,72.028,14.272,2.778
18661,8/10/2026 22:45,15.4635,72.028,14.2682,2.763
18662,8/10/2026 23:00,15.46,72.028,14.2691,2.753
18663,8/10/2026 23:15,15.4635,72.028,14.2701,2.759
18664,8/10/2026 23:30,15.4532,72.028,14.2679,2.74
18665,8/10/2026 23:45,15.4493,71.856,14.2642,2.74
18666,8/11/2026 0:00,15.4477,71.856,14.2642,2.736
18667,8/11/2026 0:15,15.4425,71.856,14.2636,2.725
18668,8/11/2026 0:30,15.4391,71.856,14.2605,2.725
18669,8/11/2026 0:45,15.4323,71.856,14.26,2.71
18670,8/11/2026 1:00,15.4253,71.856,14.2624,2.689
18671,8/11/2026 1:15,15.4339,71.856,14.2608,2.712
18672,8/11/2026 1:30,15.4169,71.856,14.254,2.689
18673,8/11/2026 1:45,15.4203,71.856,14.2572,2.689
18674,8/11/2026 2:00,15.4169,71.856,14.255,2.686
18675,8/11/2026 2:15,15.4181,71.683,14.2543,2.69
18676,8/11/2026 2:30,15.4079,71.683,14.2507,2.675
18677,8/11/2026 2:45,15.4095,71.683,14.2516,2.677
18678,8/11/2026 3:00,15.4079,71.683,14.2526,2.671
18679,8/11/2026 3:15,15.4027,71.683,14.2479,2.67
18680,8/11/2026 3:30,15.3972,71.512,14.2488,2.655
18681,8/11/2026 3:45,15.3937,71.512,14.2473,2.65
18682,8/11/2026 4:00,15.392,71.512,14.2482,2.644
18683,8/11/2026 4:15,15.3937,71.512,14.2482,2.648
18684,8/11/2026 4:30,15.392,71.512,14.2476,2.645
18685,8/11/2026 4:45,15.3904,71.512,14.2501,2.636
18686,8/11/2026 5:00,15.3886,71.512,14.2531,2.625
18687,8/11/2026 5:15,15.3915,71.339,14.2526,2.633
18688,8/11/2026 5:30,15.3898,71.339,14.251,2.633
18689,8/11/2026 5:45,15.395,71.339,14.255,2.635
18690,8/11/2026 6:00,15.4001,71.339,14.259,2.638
18691,8/11/2026 6:15,15.3962,71.168,14.2584,2.63
18692,8/11/2026 6:30,15.3946,71.168,14.2623,2.618
18693,8/11/2026 6:45,15.3962,71.168,14.2633,2.619
18694,8/11/2026 7:00,15.3894,71.168,14.2648,2.6
18695,8/11/2026 7:15,15.3907,70.995,14.2658,2.6
18696,8/11/2026 7:30,15.3872,70.995,14.2694,2.584
18697,8/11/2026 7:45,15.3958,70.995,14.27,2.602
18698,8/11/2026 8:00,15.3924,70.995,14.2707,2.593
18699,8/11/2026 8:15,15.3876,71.168,14.2688,2.586
18700,8/11/2026 8:30,15.3894,71.168,14.2691,2.59
18701,8/11/2026 8:45,15.3808,71.168,14.2719,2.564
18702,8/11/2026 9:00,15.3814,71.339,14.2737,2.561
18703,8/11/2026 9:15,15.383,71.339,14.2735,2.565
18704,8/11/2026 9:30,15.375,71.512,14.2768,2.539
18705,8/11/2026 9:45,15.375,71.512,14.2787,2.535
18706,8/11/2026 10:00,15.3805,71.683,14.2759,2.554
18707,8/11/2026 10:15,15.3759,71.856,14.2759,2.543
18708,8/11/2026 10:30,15.3763,72.028,14.2745,2.547
18709,8/11/2026 10:45,15.3785,72.199,14.2774,2.546
18710,8/11/2026 11:00,15.3721,72.372,14.2782,2.529
18711,8/11/2026 11:15,15.371,72.545,14.2778,2.527
18712,8/11/2026 11:30,15.3667,72.891,14.2735,2.528
18713,8/11/2026 11:45,15.3569,73.062,14.2723,2.508
18714,8/11/2026 12:00,15.3544,73.407,14.2713,2.505
18715,8/11/2026 12:15,15.3498,73.58,14.2681,2.501
18716,8/11/2026 12:30,15.3401,73.753,14.2624,2.492
18717,8/11/2026 12:45,15.3354,73.926,14.2597,2.488
18718,8/11/2026 13:00,15.3273,74.098,14.2592,2.47
18719,8/11/2026 13:15,15.3231,74.446,14.2559,2.468
18720,8/11/2026 13:30,15.3185,74.619,14.2526,2.465
18721,8/11/2026 13:45,15.3138,74.791,14.2517,2.456
18722,8/11/2026 14:00,15.3109,74.964,14.2539,2.445
18723,8/11/2026 14:15,15.3079,75.139,14.2516,2.443
18724,8/11/2026 14:30,15.3084,75.312,14.2505,2.447
18725,8/11/2026 14:45,15.3032,75.312,14.246,2.445
18726,8/11/2026 15:00,15.2948,75.312,14.2436,2.431
18727,8/11/2026 15:15,15.2948,75.312,14.2411,2.437
18728,8/11/2026 15:30,15.2845,75.312,14.2449,2.405
18729,8/11/2026 15:45,15.2845,75.312,14.2462,2.402
18730,8/11/2026 16:00,15.2789,75.139,14.2453,2.39
18731,8/11/2026 16:15,15.2806,75.139,14.2453,2.394
18732,8/11/2026 16:30,15.2749,74.964,14.2431,2.386
18733,8/11/2026 16:45,15.2745,74.791,14.2453,2.38
18734,8/11/2026 17:00,15.2694,74.791,14.2475,2.364
18735,8/11/2026 17:15,15.269,74.619,14.2475,2.362
18736,8/11/2026 17:30,15.2684,74.446,14.2492,2.357
18737,8/11/2026 17:45,15.2719,74.446,14.2501,2.363
18738,8/11/2026 18:00,15.2697,74.271,14.2529,2.352
18739,8/11/2026 18:15,15.2662,74.271,14.2543,2.34
18740,8/11/2026 18:30,15.2625,74.098,14.2569,2.325
18741,8/11/2026 18:45,15.2654,73.926,14.2594,2.326
18742,8/11/2026 19:00,15.2671,73.926,14.2595,2.33
18743,8/11/2026 19:15,15.2649,73.753,14.2598,2.324
18744,8/11/2026 19:30,15.2632,73.753,14.2627,2.314
18745,8/11/2026 19:45,15.2645,73.58,14.2649,2.311
18746,8/11/2026 20:00,15.2661,73.58,14.2639,2.318
18747,8/11/2026 20:15,15.2691,73.407,14.2666,2.318
18748,8/11/2026 20:30,15.2639,73.407,14.2688,2.301
18749,8/11/2026 20:45,15.2635,73.234,14.2721,2.292
18750,8/11/2026 21:00,15.267,73.234,14.2735,2.297
18751,8/11/2026 21:15,15.2652,73.234,14.2737,2.293
18752,8/11/2026 21:30,15.2664,73.062,14.2762,2.29
18753,8/11/2026 21:45,15.2648,73.062,14.2787,2.28
18754,8/11/2026 22:00,15.263,73.062,14.2795,2.274
18755,8/11/2026 22:15,15.2626,72.891,14.2804,2.271
18756,8/11/2026 22:30,15.2609,72.891,14.2807,2.266
18757,8/11/2026 22:45,15.2638,72.718,14.2842,2.265
18758,8/11/2026 23:00,15.262,72.718,14.2872,2.254
18759,8/11/2026 23:15,15.2655,72.718,14.2826,2.273
18760,8/11/2026 23:30,15.2565,72.545,14.279,2.26
18761,8/11/2026 23:45,15.248,72.545,14.279,2.24
18762,8/12/2026 0:00,15.2462,72.545,14.2784,2.238
18763,8/12/2026 0:15,15.2446,72.545,14.2768,2.238
18764,8/12/2026 0:30,15.244,72.372,14.2737,2.243
18765,8/12/2026 0:45,15.239,72.372,14.2732,2.233
18766,8/12/2026 1:00,15.2355,72.372,14.2746,2.222
18767,8/12/2026 1:15,15.2372,72.372,14.2716,2.233
18768,8/12/2026 1:30,15.2304,72.372,14.27,2.221
18769,8/12/2026 1:45,15.2287,72.372,14.2694,2.218
18770,8/12/2026 2:00,15.2271,72.372,14.2694,2.214
18771,8/12/2026 2:15,15.2214,72.199,14.2679,2.204
18772,8/12/2026 2:30,15.2232,72.199,14.2663,2.212
18773,8/12/2026 2:45,15.2232,72.199,14.2663,2.212
18774,8/12/2026 3:00,15.2181,72.199,14.2642,2.205
18775,8/12/2026 3:15,15.2181,72.199,14.2621,2.21
18776,8/12/2026 3:30,15.2192,72.028,14.263,2.211
18777,8/12/2026 3:45,15.2243,72.028,14.2646,2.219
18778,8/12/2026 4:00,15.2243,72.028,14.2624,2.224
18779,8/12/2026 4:15,15.2243,72.028,14.2655,2.217
18780,8/12/2026 4:30,15.2261,72.028,14.2685,2.214
18781,8/12/2026 4:45,15.2278,72.028,14.2619,2.233
18782,8/12/2026 5:00,15.2291,71.856,14.2668,2.225
18783,8/12/2026 5:15,15.2307,71.856,14.2661,2.23
18784,8/12/2026 5:30,15.2359,71.856,14.2661,2.242
18785,8/12/2026 5:45,15.241,71.856,14.264,2.259
18786,8/12/2026 6:00,15.2406,71.683,14.2655,2.254
18787,8/12/2026 6:15,15.2423,71.683,14.2671,2.255
18788,8/12/2026 6:30,15.2491,71.683,14.2695,2.265
18789,8/12/2026 6:45,15.2507,71.683,14.2695,2.268
18790,8/12/2026 7:00,15.2525,71.683,14.271,2.269
18791,8/12/2026 7:15,15.2538,71.512,14.2716,2.271
18792,8/12/2026 7:30,15.2588,71.512,14.2768,2.27
18793,8/12/2026 7:45,15.2639,71.512,14.2806,2.273
18794,8/12/2026 8:00,15.2691,71.512,14.2833,2.279
18795,8/12/2026 8:15,15.2725,71.512,14.279,2.297
18796,8/12/2026 8:30,15.2777,71.512,14.2793,2.308
18797,8/12/2026 8:45,15.2781,71.683,14.2811,2.305
18798,8/12/2026 9:00,15.2764,71.683,14.2798,2.304
18799,8/12/2026 9:15,15.2799,71.683,14.281,2.309
18800,8/12/2026 9:30,15.2768,71.856,14.2807,2.303
18801,8/12/2026 9:45,15.282,71.856,14.2826,2.311
18802,8/12/2026 10:00,15.2842,72.028,14.2836,2.313
18803,8/12/2026 10:15,15.2812,72.199,14.282,2.31
18804,8/12/2026 10:30,15.2863,72.199,14.2845,2.316
18805,8/12/2026 10:45,15.2834,72.372,14.2839,2.311
18806,8/12/2026 11:00,15.2822,72.545,14.284,2.308
18807,8/12/2026 11:15,15.2774,72.718,14.2865,2.291
18808,8/12/2026 11:30,15.2796,72.891,14.2829,2.305
18809,8/12/2026 11:45,15.2716,73.062,14.2804,2.292
18810,8/12/2026 12:00,15.272,73.234,14.282,2.289
18811,8/12/2026 12:15,15.2746,73.58,14.2784,2.304
18812,8/12/2026 12:30,15.2667,73.753,14.2764,2.29
18813,8/12/2026 12:45,15.2722,73.926,14.2745,2.307
18814,8/12/2026 13:00,15.2693,74.098,14.2743,2.301
18815,8/12/2026 13:15,15.2641,74.098,14.2714,2.296
18816,8/12/2026 13:30,15.2612,74.271,14.2727,2.286
18817,8/12/2026 13:45,15.2578,74.271,14.2697,2.285
18818,8/12/2026 14:00,15.2565,74.446,14.2679,2.286
18819,8/12/2026 14:15,15.2468,74.619,14.2624,2.277
18820,8/12/2026 14:30,15.2472,74.791,14.2627,2.277
18821,8/12/2026 14:45,15.2404,74.791,14.2626,2.262
18822,8/12/2026 15:00,15.2409,74.964,14.263,2.262
18823,8/12/2026 15:15,15.2362,75.139,14.2572,2.264
18824,8/12/2026 15:30,15.2311,75.139,14.2579,2.251
18825,8/12/2026 15:45,15.2277,75.139,14.2598,2.239
18826,8/12/2026 16:00,15.2277,75.139,14.2592,2.24
18827,8/12/2026 16:15,15.222,74.964,14.2572,2.231
18828,8/12/2026 16:30,15.2152,74.964,14.2555,2.22
18829,8/12/2026 16:45,15.2136,74.964,14.2549,2.217
18830,8/12/2026 17:00,15.2066,74.964,14.2533,2.205
18831,8/12/2026 17:15,15.2062,74.791,14.2553,2.199
18832,8/12/2026 17:30,15.1994,74.791,14.2529,2.189
18833,8/12/2026 17:45,15.1976,74.791,14.2527,2.185
18834,8/12/2026 18:00,15.1937,74.619,14.2547,2.172
18835,8/12/2026 18:15,15.1955,74.619,14.2568,2.171
18836,8/12/2026 18:30,15.1933,74.446,14.2572,2.165
18837,8/12/2026 18:45,15.1894,74.271,14.2605,2.148
18838,8/12/2026 19:00,15.1878,74.271,14.2623,2.14
18839,8/12/2026 19:15,15.1872,74.098,14.26,2.144
18840,8/12/2026 19:30,15.192,73.926,14.2646,2.145
18841,8/12/2026 19:45,15.1902,73.926,14.2605,2.15
18842,8/12/2026 20:00,15.1914,73.753,14.2633,2.146
18843,8/12/2026 20:15,15.1892,73.58,14.2652,2.137
18844,8/12/2026 20:30,15.191,73.58,14.27,2.13
18845,8/12/2026 20:45,15.1905,73.407,14.2703,2.128
18846,8/12/2026 21:00,15.1923,73.407,14.2713,2.13
18847,8/12/2026 21:15,15.1918,73.234,14.2746,2.121
18848,8/12/2026 21:30,15.1884,73.234,14.2727,2.117
18849,8/12/2026 21:45,15.1913,73.062,14.2765,2.115
18850,8/12/2026 22:00,15.1913,73.062,14.278,2.112
18851,8/12/2026 22:15,15.1913,73.062,14.2817,2.103
18852,8/12/2026 22:30,15.1926,72.891,14.2832,2.103
18853,8/12/2026 22:45,15.1908,72.891,14.2826,2.1
18854,8/12/2026 23:00,15.1926,72.891,14.2811,2.107
18855,8/12/2026 23:15,15.1904,72.718,14.2811,2.102
18856,8/12/2026 23:30,15.1886,72.718,14.2811,2.098
18857,8/12/2026 23:45,15.1886,72.718,14.2804,2.1
18858,8/13/2026 0:00,15.1865,72.545,14.279,2.098
18859,8/13/2026 0:15,15.1847,72.545,14.282,2.087
18860,8/13/2026 0:30,15.1899,72.545,14.2814,2.101
18861,8/13/2026 0:45,15.1831,72.545,14.2798,2.089
18862,8/13/2026 1:00,15.1865,72.545,14.2762,2.105
18863,8/13/2026 1:15,15.186,72.372,14.2762,2.104
18864,8/13/2026 1:30,15.186,72.372,14.2746,2.107
18865,8/13/2026 1:45,15.186,72.372,14.2724,2.112
18866,8/13/2026 2:00,15.1792,72.372,14.2724,2.097
18867,8/13/2026 2:15,15.1775,72.372,14.2703,2.098
18868,8/13/2026 2:30,15.1736,72.199,14.2688,2.092
18869,8/13/2026 2:45,15.1685,72.199,14.2627,2.094
18870,8/13/2026 3:00,15.1634,72.199,14.2627,2.082
18871,8/13/2026 3:15,15.1599,72.199,14.2627,2.074
18872,8/13/2026 3:30,15.1582,72.199,14.2642,2.067
18873,8/13/2026 3:45,15.1566,72.199,14.2611,2.07
18874,8/13/2026 4:00,15.1531,72.199,14.2642,2.055
18875,8/13/2026 4:15,15.148,72.199,14.262,2.049
18876,8/13/2026 4:30,15.1509,72.028,14.2636,2.051
18877,8/13/2026 4:45,15.1527,72.028,14.2661,2.05
18878,8/13/2026 5:00,15.1492,72.028,14.2645,2.045
18879,8/13/2026 5:15,15.1459,72.028,14.2655,2.035
18880,8/13/2026 5:30,15.1492,72.028,14.27,2.033
18881,8/13/2026 5:45,15.1492,72.028,14.2669,2.04
18882,8/13/2026 6:00,15.1492,72.028,14.2669,2.04
18883,8/13/2026 6:15,15.1441,72.028,14.2669,2.028
18884,8/13/2026 6:30,15.1492,72.028,14.2685,2.036
18885,8/13/2026 6:45,15.1522,71.856,14.2685,2.043
18886,8/13/2026 7:00,15.1573,71.856,14.2685,2.055
18887,8/13/2026 7:15,15.1591,71.856,14.2716,2.052
18888,8/13/2026 7:30,15.1608,71.856,14.2737,2.051
18889,8/13/2026 7:45,15.1641,71.856,14.2737,2.058
18890,8/13/2026 8:00,15.1624,71.856,14.2721,2.058
18891,8/13/2026 8:15,15.1624,71.856,14.2732,2.056
18892,8/13/2026 8:30,15.1591,71.856,14.2737,2.047
18893,8/13/2026 8:45,15.1591,71.856,14.2713,2.052
18894,8/13/2026 9:00,15.1573,71.856,14.2746,2.041
18895,8/13/2026 9:15,15.1573,71.856,14.2782,2.032
18896,8/13/2026 9:30,15.1556,71.856,14.279,2.027
18897,8/13/2026 9:45,15.1509,72.028,14.2793,2.015
18898,8/13/2026 10:00,15.1492,72.028,14.2795,2.011
18899,8/13/2026 10:15,15.1463,72.199,14.2781,2.007
18900,8/13/2026 10:30,15.1463,72.199,14.2775,2.009
18901,8/13/2026 10:45,15.1416,72.372,14.2784,1.996
18902,8/13/2026 11:00,15.1335,72.545,14.2764,1.982
18903,8/13/2026 11:15,15.1353,72.545,14.2761,1.987
18904,8/13/2026 11:30,15.1374,72.718,14.2745,1.995
18905,8/13/2026 11:45,15.1311,72.891,14.2742,1.981
18906,8/13/2026 12:00,15.135,73.062,14.2716,1.996
18907,8/13/2026 12:15,15.1393,73.407,14.2694,2.012
18908,8/13/2026 12:30,15.1415,73.58,14.2674,2.021
18909,8/13/2026 12:45,15.1406,73.926,14.2662,2.022
18910,8/13/2026 13:00,15.1356,73.926,14.2659,2.011
18911,8/13/2026 13:15,15.1327,74.098,14.2611,2.015
18912,8/13/2026 13:30,15.128,74.271,14.2578,2.013
18913,8/13/2026 13:45,15.1232,74.446,14.2582,2
18914,8/13/2026 14:00,15.1221,74.619,14.255,2.005
18915,8/13/2026 14:15,15.1153,74.619,14.2542,1.991
18916,8/13/2026 14:30,15.1122,74.791,14.2516,1.991
18917,8/13/2026 14:45,15.1071,74.791,14.2507,1.981
18918,8/13/2026 15:00,15.1038,74.791,14.2495,1.976
18919,8/13/2026 15:15,15.1042,74.964,14.2479,1.98
18920,8/13/2026 15:30,15.1025,74.964,14.2482,1.976
18921,8/13/2026 15:45,15.099,74.964,14.2516,1.96
18922,8/13/2026 16:00,15.0939,74.964,14.2453,1.963
18923,8/13/2026 16:15,15.0974,74.964,14.2453,1.971
18924,8/13/2026 16:30,15.099,74.964,14.2418,1.983
18925,8/13/2026 16:45,15.0974,74.964,14.2443,1.973
18926,8/13/2026 17:00,15.0974,74.964,14.2443,1.973
18927,8/13/2026 17:15,15.1007,74.964,14.2423,1.986
18928,8/13/2026 17:30,15.0974,74.964,14.2433,1.975
18929,8/13/2026 17:45,15.0986,74.791,14.2479,1.967
18930,8/13/2026 18:00,15.0952,74.791,14.2472,1.961
18931,8/13/2026 18:15,15.0947,74.619,14.2492,1.955
18932,8/13/2026 18:30,15.0964,74.619,14.2504,1.957
18933,8/13/2026 18:45,15.0925,74.446,14.2497,1.949
18934,8/13/2026 19:00,15.0909,74.446,14.2511,1.942
18935,8/13/2026 19:15,15.0938,74.271,14.2533,1.944
18936,8/13/2026 19:30,15.092,74.271,14.2507,1.946
18937,8/13/2026 19:45,15.0916,74.098,14.2526,1.94
18938,8/13/2026 20:00,15.0894,73.926,14.2523,1.936
18939,8/13/2026 20:15,15.0894,73.926,14.2523,1.936
18940,8/13/2026 20:30,15.0873,73.753,14.2531,1.929
18941,8/13/2026 20:45,15.089,73.753,14.2526,1.934
18942,8/13/2026 21:00,15.0886,73.58,14.2565,1.924
18943,8/13/2026 21:15,15.0902,73.58,14.259,1.922
18944,8/13/2026 21:30,15.0897,73.407,14.2584,1.922
18945,8/13/2026 21:45,15.088,73.407,14.2614,1.911
18946,8/13/2026 22:00,15.0876,73.234,14.2624,1.908
18947,8/13/2026 22:15,15.091,73.234,14.2648,1.911
18948,8/13/2026 22:30,15.0889,73.062,14.2642,1.907
18949,8/13/2026 22:45,15.0838,73.062,14.2636,1.896
18950,8/13/2026 23:00,15.0799,72.891,14.2614,1.892
18951,8/13/2026 23:15,15.0781,72.891,14.2655,1.879
18952,8/13/2026 23:30,15.0781,72.891,14.2655,1.879
18953,8/13/2026 23:45,15.0742,72.718,14.2603,1.882
18954,8/14/2026 0:00,15.0726,72.718,14.2617,1.875
18955,8/14/2026 0:15,15.0726,72.718,14.2595,1.88
18956,8/14/2026 0:30,15.0652,72.545,14.2627,1.855
18957,8/14/2026 0:45,15.0619,72.545,14.2581,1.858
18958,8/14/2026 1:00,15.0601,72.545,14.2559,1.859
18959,8/14/2026 1:15,15.0584,72.545,14.2559,1.855
18960,8/14/2026 1:30,15.0567,72.545,14.2507,1.863
18961,8/14/2026 1:45,15.0511,72.372,14.2507,1.851
18962,8/14/2026 2:00,15.0477,72.372,14.2471,1.851
18963,8/14/2026 2:15,15.0461,72.372,14.2463,1.849
18964,8/14/2026 2:30,15.0426,72.372,14.2458,1.842
18965,8/14/2026 2:45,15.0404,72.199,14.2436,1.842
18966,8/14/2026 3:00,15.0387,72.199,14.2452,1.835
18967,8/14/2026 3:15,15.0371,72.199,14.2446,1.832
18968,8/14/2026 3:30,15.0336,72.199,14.2415,1.831
18969,8/14/2026 3:45,15.0319,72.199,14.243,1.824
18970,8/14/2026 4:00,15.0387,72.199,14.243,1.84
18971,8/14/2026 4:15,15.0382,72.028,14.2446,1.835
18972,8/14/2026 4:30,15.0417,72.028,14.243,1.847
18973,8/14/2026 4:45,15.0417,72.028,14.2491,1.833
18974,8/14/2026 5:00,15.0433,72.028,14.2531,1.827
18975,8/14/2026 5:15,15.0451,72.028,14.2531,1.831
18976,8/14/2026 5:30,15.0433,72.028,14.2562,1.82
18977,8/14/2026 5:45,15.0481,71.856,14.254,1.836
18978,8/14/2026 6:00,15.0464,71.856,14.2556,1.828
18979,8/14/2026 6:15,15.0481,71.856,14.255,1.833
18980,8/14/2026 6:30,15.0481,71.856,14.255,1.833
18981,8/14/2026 6:45,15.0497,71.856,14.2565,1.834
18982,8/14/2026 7:00,15.0497,71.856,14.2581,1.83
18983,8/14/2026 7:15,15.0549,71.856,14.2556,1.848
18984,8/14/2026 7:30,15.0549,71.856,14.2572,1.844
18985,8/14/2026 7:45,15.06,71.856,14.2578,1.855
18986,8/14/2026 8:00,15.0686,71.856,14.2614,1.866
18987,8/14/2026 8:15,15.0719,71.856,14.2584,1.881
18988,8/14/2026 8:30,15.0857,71.856,14.2614,1.906
18989,8/14/2026 8:45,15.1026,71.856,14.2605,1.947
18990,8/14/2026 9:00,15.1232,71.856,14.2603,1.995
18991,8/14/2026 9:15,15.1419,71.856,14.2592,2.041
18992,8/14/2026 9:30,15.3105,71.683,14.2598,2.429
18993,8/14/2026 9:45,15.3447,71.683,14.259,2.51
18994,8/14/2026 10:00,15.3498,71.683,14.26,2.519
18995,8/14/2026 10:15,15.3498,71.683,14.2575,2.525
18996,8/14/2026 10:30,15.3537,71.856,14.2608,2.527
18997,8/14/2026 10:45,15.3583,71.683,14.26,2.539
18998,8/14/2026 11:00,15.3482,71.683,14.2614,2.512
18999,8/14/2026 11:15,15.343,71.683,14.2605,2.502
19000,8/14/2026 11:30,15.3412,71.683,14.2562,2.508
19001,8/14/2026 11:45,15.355,71.683,14.2572,2.538
19002,8/14/2026 12:00,15.3537,71.856,14.2547,2.541
19003,8/14/2026 12:15,15.3673,71.856,14.2523,2.578
19004,8/14/2026 12:30,15.3712,72.028,14.2514,2.589
19005,8/14/2026 12:45,15.3781,72.028,14.2489,2.61
19006,8/14/2026 13:00,15.3849,72.028,14.2481,2.628
19007,8/14/2026 13:15,15.3969,72.028,14.2434,2.667
19008,8/14/2026 13:30,15.4207,72.028,14.2418,2.725
19009,8/14/2026 13:45,15.4327,72.028,14.2434,2.75
19010,8/14/2026 14:00,15.4532,72.028,14.2418,2.801
19011,8/14/2026 14:15,15.4805,72.028,14.2395,2.869
19012,8/14/2026 14:30,15.4976,72.028,14.2355,2.918
19013,8/14/2026 14:45,15.5232,72.028,14.2346,2.979
19014,8/14/2026 15:00,15.5369,72.028,14.2362,3.007
19015,8/14/2026 15:15,15.5523,72.028,14.2318,3.053
19016,8/14/2026 15:30,15.5727,72.028,14.2289,3.107
19017,8/14/2026 15:45,15.5966,72.028,14.2308,3.158
19018,8/14/2026 16:00,15.6155,72.028,14.2305,3.202
19019,8/14/2026 16:15,15.6564,72.028,14.2237,3.312
19020,8/14/2026 16:30,15.6957,72.028,14.227,3.395
19021,8/14/2026 16:45,15.7264,72.028,14.2249,3.472
19022,8/14/2026 17:00,15.7366,72.028,14.2253,3.494
19023,8/14/2026 17:15,15.7866,72.199,14.2308,3.597
19024,8/14/2026 17:30,15.7849,72.199,14.2301,3.595
19025,8/14/2026 17:45,15.8174,72.199,14.2301,3.67
19026,8/14/2026 18:00,15.8277,72.199,14.2326,3.688
19027,8/14/2026 18:15,15.8499,72.199,14.2289,3.748
19028,8/14/2026 18:30,15.8703,72.199,14.235,3.781
19029,8/14/2026 18:45,15.8771,72.199,14.2307,3.807
19030,8/14/2026 19:00,15.8976,72.199,14.2311,3.853
19031,8/14/2026 19:15,15.8686,72.199,14.2336,3.78
19032,8/14/2026 19:30,15.896,72.199,14.2344,3.841
19033,8/14/2026 19:45,15.8532,72.199,14.2384,3.734
19034,8/14/2026 20:00,15.8494,72.028,14.2384,3.725
19035,8/14/2026 20:15,15.9022,72.028,14.2394,3.844
19036,8/14/2026 20:30,15.8084,72.028,14.2415,3.622
19037,8/14/2026 20:45,15.8271,72.028,14.2411,3.667
19038,8/14/2026 21:00,15.8374,72.028,14.2449,3.682
19039,8/14/2026 21:15,15.8425,72.028,14.2449,3.694
19040,8/14/2026 21:30,15.8494,72.028,14.2471,3.705
19041,8/14/2026 21:45,15.8664,72.028,14.2516,3.733
19042,8/14/2026 22:00,15.8563,72.028,14.2471,3.72
19043,8/14/2026 22:15,15.8596,72.028,14.2424,3.739
19044,8/14/2026 22:30,15.8681,72.028,14.2471,3.748
19045,8/14/2026 22:45,15.904,72.028,14.2455,3.834
19046,8/14/2026 23:00,15.9637,72.028,14.2424,3.98
19047,8/14/2026 23:15,15.9518,72.028,14.2394,3.959
19048,8/14/2026 23:30,15.9176,72.028,14.2378,3.884
19049,8/14/2026 23:45,15.9536,72.028,14.2363,3.97
19050,8/15/2026 0:00,15.9053,71.856,14.2347,3.862
19051,8/15/2026 0:15,15.907,71.856,14.2331,3.87
19052,8/15/2026 0:30,15.9035,71.856,14.2301,3.869
19053,8/15/2026 0:45,15.9172,71.856,14.2301,3.9
19054,8/15/2026 1:00,15.8916,71.856,14.2286,3.845
19055,8/15/2026 1:15,15.8779,71.856,14.2301,3.809
19056,8/15/2026 1:30,15.8916,71.856,14.2301,3.841
19057,8/15/2026 1:45,15.8763,71.856,14.227,3.813
19058,8/15/2026 2:00,15.8609,71.856,14.2256,3.781
19059,8/15/2026 2:15,15.9103,71.856,14.2224,3.902
19060,8/15/2026 2:30,15.9376,71.856,14.2172,3.977
19061,8/15/2026 2:45,15.9701,71.856,14.2188,4.049
19062,8/15/2026 3:00,15.9808,72.028,14.221,4.069
19063,8/15/2026 3:15,15.9604,72.028,14.221,4.021
19064,8/15/2026 3:30,15.945,72.028,14.2179,3.993
19065,8/15/2026 3:45,15.9962,72.028,14.2163,4.115
19066,8/15/2026 4:00,15.9655,72.028,14.2147,4.048
19067,8/15/2026 4:15,15.974,72.028,14.2179,4.06
19068,8/15/2026 4:30,16.0167,72.028,14.2147,4.166
19069,8/15/2026 4:45,15.974,72.028,14.2157,4.065
19070,8/15/2026 5:00,15.9962,72.028,14.2172,4.113
19071,8/15/2026 5:15,16.0355,72.028,14.2147,4.21
19072,8/15/2026 5:30,15.9637,72.028,14.2179,4.036
19073,8/15/2026 5:45,15.9791,72.028,14.2179,4.072
19074,8/15/2026 6:00,15.9962,72.028,14.2194,4.108
19075,8/15/2026 6:15,15.9479,71.856,14.224,3.986
19076,8/15/2026 6:30,15.924,71.856,14.2224,3.934
19077,8/15/2026 6:45,15.953,71.856,14.221,4.004
19078,8/15/2026 7:00,15.9855,71.856,14.2224,4.076
19079,8/15/2026 7:15,15.9958,71.856,14.224,4.096
19080,8/15/2026 7:30,15.9514,71.856,14.2224,3.997
19081,8/15/2026 7:45,15.9446,71.856,14.221,3.985
19082,8/15/2026 8:00,15.9446,71.856,14.224,3.978
19083,8/15/2026 8:15,16.0351,71.856,14.2224,4.191
19084,8/15/2026 8:30,16.0726,71.856,14.2234,4.275
19085,8/15/2026 8:45,16.1801,71.856,14.2196,4.532
19086,8/15/2026 9:00,16.2331,71.856,14.2166,4.662
19087,8/15/2026 9:15,16.1716,71.856,14.2172,4.518
19088,8/15/2026 9:30,16.1003,72.028,14.2218,4.343
19089,8/15/2026 9:45,16.1311,72.028,14.2141,4.432
19090,8/15/2026 10:00,16.1858,72.028,14.2157,4.555
19091,8/15/2026 10:15,16.1858,72.028,14.221,4.543
19092,8/15/2026 10:30,16.3018,72.028,14.2141,4.827
19093,8/15/2026 10:45,16.3518,72.199,14.2102,4.951
19094,8/15/2026 11:00,16.369,72.199,14.2086,4.995
19095,8/15/2026 11:15,16.2038,72.372,14.2072,4.616
19096,8/15/2026 11:30,16.2806,72.372,14.2031,4.803
19097,8/15/2026 11:45,16.1514,72.545,14.2059,4.498
19098,8/15/2026 12:00,16.136,72.545,14.202,4.472
19099,8/15/2026 12:15,16.1906,72.545,14.1995,4.604
19100,8/15/2026 12:30,16.1343,72.545,14.1954,4.483
19101,8/15/2026 12:45,16.1479,72.545,14.1909,4.525
19102,8/15/2026 13:00,16.0592,72.545,14.1924,4.316
19103,8/15/2026 13:15,16.0864,72.545,14.1918,4.381
19104,8/15/2026 13:30,16.0655,72.372,14.1927,4.33
19105,8/15/2026 13:45,16.0574,72.545,14.1927,4.311
19106,8/15/2026 14:00,16.0352,72.545,14.1927,4.26
19107,8/15/2026 14:15,16.0471,72.545,14.1874,4.3
19108,8/15/2026 14:30,16.0609,72.545,14.186,4.335
19109,8/15/2026 14:45,16.0899,72.545,14.1798,4.416
19110,8/15/2026 15:00,16.037,72.545,14.1767,4.301
19111,8/15/2026 15:15,15.9977,72.545,14.1706,4.224
19112,8/15/2026 15:30,15.9465,72.545,14.1638,4.122
19113,8/15/2026 15:45,15.9362,72.545,14.1654,4.094
19114,8/15/2026 16:00,15.9515,72.545,14.1654,4.13
19115,8/15/2026 16:15,15.9788,72.545,14.1586,4.209
19116,8/15/2026 16:30,15.9687,72.545,14.1586,4.185
19117,8/15/2026 16:45,15.9379,72.545,14.1555,4.121
19118,8/15/2026 17:00,15.9652,72.545,14.1602,4.173
19119,8/15/2026 17:15,15.9105,72.545,14.1641,4.038
19120,8/15/2026 17:30,15.9665,72.372,14.1589,4.179
19121,8/15/2026 17:45,15.9118,72.372,14.1552,4.061
19122,8/15/2026 18:00,15.9544,72.372,14.1599,4.149
19123,8/15/2026 18:15,15.9272,72.372,14.1522,4.104
19124,8/15/2026 18:30,15.9169,72.372,14.15,4.085
19125,8/15/2026 18:45,15.9318,72.199,14.1513,4.116
19126,8/15/2026 19:00,15.9193,72.028,14.1557,4.077
19127,8/15/2026 19:15,15.9103,71.856,14.1465,4.078
19128,8/15/2026 19:30,15.9082,71.683,14.145,4.076
19129,8/15/2026 19:45,15.9231,71.512,14.1455,4.109
19130,8/15/2026 20:00,15.9196,71.512,14.1563,4.077
19131,8/15/2026 20:15,15.8799,71.339,14.1568,3.983
19132,8/15/2026 20:30,15.9175,71.339,14.1661,4.049
19133,8/15/2026 20:45,15.8674,71.168,14.1615,3.944
19134,8/15/2026 21:00,15.8738,70.995,14.1661,3.948
19135,8/15/2026 21:15,15.8768,70.824,14.1716,3.942
19136,8/15/2026 21:30,15.8694,70.651,14.1747,3.918
19137,8/15/2026 21:45,15.8866,70.651,14.1747,3.957
19138,8/15/2026 22:00,15.8486,70.48,14.1769,3.864
19139,8/15/2026 22:15,15.8468,70.48,14.1744,3.866
19140,8/15/2026 22:30,15.8639,70.48,14.1703,3.915
19141,8/15/2026 22:45,15.84,70.48,14.1725,3.854
19142,8/15/2026 23:00,15.8365,70.48,14.1684,3.856
19143,8/15/2026 23:15,15.8519,70.48,14.1716,3.884
19144,8/15/2026 23:30,15.8297,70.48,14.1722,3.831
19145,8/15/2026 23:45,15.8554,70.48,14.1728,3.889
19146,8/16/2026 0:00,15.8212,70.48,14.1811,3.791
19147,8/16/2026 0:15,15.8468,70.48,14.1811,3.85
19148,8/16/2026 0:30,15.8455,70.651,14.1847,3.839
19149,8/16/2026 0:45,15.8422,70.651,14.1822,3.837
19150,8/16/2026 1:00,15.8558,70.651,14.183,3.867
19151,8/16/2026 1:15,15.9109,70.824,14.1753,4.012
19152,8/16/2026 1:30,15.928,70.824,14.1712,4.061
19153,8/16/2026 1:45,15.9917,70.995,14.155,4.246
19154,8/16/2026 2:00,16.0655,71.168,14.1626,4.399
19155,8/16/2026 2:15,16.2316,71.339,14.1725,4.76
19156,8/16/2026 2:30,16.2373,71.512,14.1679,4.784
19157,8/16/2026 2:45,16.6754,71.856,14.1648,5.804
19158,8/16/2026 3:00,16.9371,72.028,14.1618,6.416
19159,8/16/2026 3:15,16.7742,72.372,14.1648,6.033
19160,8/16/2026 3:30,16.6569,72.545,14.1663,5.758
19161,8/16/2026 3:45,16.5424,72.545,14.167,5.492
19162,8/16/2026 4:00,16.3363,72.718,14.1715,5.005
19163,8/16/2026 4:15,16.0784,72.718,14.1731,4.405
19164,8/16/2026 4:30,16.2696,72.718,14.1761,4.84
19165,8/16/2026 4:45,16.2423,72.718,14.1731,4.784
19166,8/16/2026 5:00,16.2151,72.718,14.1761,4.714
19167,8/16/2026 5:15,16.1006,72.718,14.1798,4.441
19168,8/16/2026 5:30,16.2355,72.718,14.1798,4.753
19169,8/16/2026 5:45,16.2935,72.718,14.1874,4.87
19170,8/16/2026 6:00,16.2235,72.718,14.1844,4.715
19171,8/16/2026 6:15,16.2628,72.718,14.1951,4.781
19172,8/16/2026 6:30,16.2081,72.718,14.1982,4.647
19173,8/16/2026 6:45,16.2048,72.718,14.2028,4.629
19174,8/16/2026 7:00,16.3004,72.718,14.2075,4.839
19175,8/16/2026 7:15,16.1296,72.718,14.2136,4.43
19176,8/16/2026 7:30,16.2474,72.718,14.2136,4.703
19177,8/16/2026 7:45,16.2599,72.891,14.2188,4.719
19178,8/16/2026 8:00,16.2523,73.234,14.2256,4.686
19179,8/16/2026 8:15,16.2067,73.407,14.2256,4.581
19180,8/16/2026 8:30,16.4326,73.58,14.2292,5.095
19181,8/16/2026 8:45,16.3933,73.58,14.2314,4.999
19182,8/16/2026 9:00,16.3485,73.407,14.2359,4.885
19183,8/16/2026 9:15,16.3347,73.407,14.2402,4.843
19184,8/16/2026 9:30,16.3719,73.234,14.246,4.916
19185,8/16/2026 9:45,16.2985,73.234,14.2473,4.743
19186,8/16/2026 10:00,16.2381,73.062,14.2473,4.603
19187,8/16/2026 10:15,16.1801,73.062,14.2465,4.471
19188,8/16/2026 10:30,16.1967,72.891,14.2517,4.497
19189,8/16/2026 10:45,16.1762,72.891,14.2572,4.437
19190,8/16/2026 11:00,16.3253,73.062,14.2605,4.774
19191,8/16/2026 11:15,16.2249,73.234,14.2485,4.57
19192,8/16/2026 11:30,16.2319,73.234,14.2495,4.584
19193,8/16/2026 11:45,16.3497,73.234,14.2489,4.858
19194,8/16/2026 12:00,16.2864,73.234,14.2489,4.711
19195,8/16/2026 12:15,16.1652,73.234,14.2542,4.419
19196,8/16/2026 12:30,16.1276,73.234,14.2518,4.337
19197,8/16/2026 12:45,16.213,73.234,14.2521,4.534
19198,8/16/2026 13:00,16.1972,73.062,14.2497,4.503
19199,8/16/2026 13:15,16.1032,73.062,14.2482,4.289
19200,8/16/2026 13:30,16.1408,73.062,14.2485,4.375
19201,8/16/2026 13:45,16.1182,72.891,14.2478,4.325
19202,8/16/2026 14:00,16.0328,72.891,14.2533,4.114
19203,8/16/2026 14:15,15.9781,72.891,14.2491,3.998
19204,8/16/2026 14:30,16.0532,72.891,14.2469,4.177
19205,8/16/2026 14:45,15.9833,72.891,14.2417,4.027
19206,8/16/2026 15:00,15.9644,72.891,14.2401,3.987
19207,8/16/2026 15:15,16.0686,72.891,14.2382,4.232
19208,8/16/2026 15:30,16.0293,72.891,14.2384,4.141
19209,8/16/2026 15:45,15.9901,72.891,14.2424,4.041
19210,8/16/2026 16:00,15.9833,72.891,14.2421,4.026
19211,8/16/2026 16:15,15.9576,72.891,14.2429,3.965
19212,8/16/2026 16:30,16.0225,72.891,14.2382,4.126
19213,8/16/2026 16:45,15.9798,72.891,14.24,4.023
19214,8/16/2026 17:00,15.9935,72.891,14.2414,4.051
19215,8/16/2026 17:15,15.9456,72.891,14.2356,3.954
19216,8/16/2026 17:30,15.9879,72.718,14.2417,4.038
19217,8/16/2026 17:45,15.9726,72.718,14.2459,3.992
19218,8/16/2026 18:00,15.9623,72.718,14.2456,3.969
19219,8/16/2026 18:15,15.9605,72.718,14.2437,3.97
19220,8/16/2026 18:30,15.9588,72.718,14.2501,3.951
19221,8/16/2026 18:45,16.0185,72.718,14.2495,4.09
19222,8/16/2026 19:00,15.9981,72.718,14.2498,4.042
19223,8/16/2026 19:15,16.0699,72.718,14.2523,4.203
19224,8/16/2026 19:30,16.051,72.718,14.2539,4.155
19225,8/16/2026 19:45,16.0613,72.718,14.26,4.165
19226,8/16/2026 20:00,15.9998,72.718,14.26,4.023
19227,8/16/2026 20:15,16.046,72.718,14.2639,4.12
19228,8/16/2026 20:30,16.0135,72.718,14.2655,4.042
19229,8/16/2026 20:45,16.017,72.718,14.2633,4.055
19230,8/16/2026 21:00,16.0117,72.718,14.2642,4.041
19231,8/16/2026 21:15,16.0049,72.718,14.2674,4.017
19232,8/16/2026 21:30,16.0557,72.545,14.2666,4.136
19233,8/16/2026 21:45,16.0284,72.545,14.2713,4.063
19234,8/16/2026 22:00,16.0335,72.545,14.2707,4.076
19235,8/16/2026 22:15,16.0148,72.545,14.2707,4.032
19236,8/16/2026 22:30,15.9704,72.545,14.2685,3.935
19237,8/16/2026 22:45,15.9891,72.545,14.2669,3.982
19238,8/16/2026 23:00,15.9942,72.545,14.27,3.987
19239,8/16/2026 23:15,16.0471,72.545,14.2639,4.123
19240,8/16/2026 23:30,16.0284,72.545,14.2617,4.085
19241,8/16/2026 23:45,16.0728,72.545,14.2572,4.198
19242,8/17/2026 0:00,16.0284,72.545,14.2581,4.093
19243,8/17/2026 0:15,16.0027,72.545,14.2581,4.034
19244,8/17/2026 0:30,16.001,72.545,14.255,4.037
19245,8/17/2026 0:45,15.9447,72.545,14.2559,3.905
19246,8/17/2026 1:00,15.9566,72.545,14.2543,3.936
19247,8/17/2026 1:15,15.9687,72.545,14.2529,3.967
19248,8/17/2026 1:30,15.9887,72.372,14.2523,4.015
19249,8/17/2026 1:45,15.9494,72.372,14.2491,3.931
19250,8/17/2026 2:00,15.9391,72.372,14.2491,3.907
19251,8/17/2026 2:15,15.9015,72.372,14.2455,3.829
19252,8/17/2026 2:30,15.9186,72.372,14.2455,3.868
19253,8/17/2026 2:45,15.9391,72.372,14.2449,3.917
19254,8/17/2026 3:00,15.8776,72.372,14.2418,3.782
19255,8/17/2026 3:15,15.884,72.199,14.2433,3.793
19256,8/17/2026 3:30,15.9028,72.199,14.2427,3.838
19257,8/17/2026 3:45,15.8993,72.199,14.2443,3.826
19258,8/17/2026 4:00,15.8892,72.199,14.2452,3.801
19259,8/17/2026 4:15,15.9233,72.199,14.2482,3.873
19260,8/17/2026 4:30,15.9022,72.028,14.2491,3.822
19261,8/17/2026 4:45,15.8853,72.028,14.2491,3.783
19262,8/17/2026 5:00,15.9006,72.028,14.2485,3.82
19263,8/17/2026 5:15,15.8631,72.028,14.2501,3.729
19264,8/17/2026 5:30,15.907,71.856,14.2495,3.832
19265,8/17/2026 5:45,15.866,71.856,14.2518,3.732
19266,8/17/2026 6:00,15.8967,71.856,14.255,3.795
19267,8/17/2026 6:15,15.8642,71.856,14.255,3.72
19268,8/17/2026 6:30,15.8996,71.683,14.259,3.793
19269,8/17/2026 6:45,15.927,71.683,14.2584,3.858
19270,8/17/2026 7:00,15.8757,71.683,14.2614,3.732
19271,8/17/2026 7:15,15.8774,71.683,14.2645,3.729
19272,8/17/2026 7:30,15.8774,71.683,14.2675,3.722
19273,8/17/2026 7:45,15.8513,71.512,14.2713,3.653
19274,8/17/2026 8:00,15.8735,71.512,14.2719,3.703
19275,8/17/2026 8:15,15.8803,71.512,14.274,3.713
19276,8/17/2026 8:30,15.8616,71.512,14.2737,3.671
19277,8/17/2026 8:45,15.848,71.512,14.2703,3.647
19278,8/17/2026 9:00,15.8496,71.512,14.2721,3.647
19279,8/17/2026 9:15,15.8719,71.512,14.271,3.701
19280,8/17/2026 9:30,15.8616,71.512,14.2697,3.68
19281,8/17/2026 9:45,15.8467,71.683,14.2716,3.641
19282,8/17/2026 10:00,15.8467,71.683,14.2716,3.641
19283,8/17/2026 10:15,15.8365,71.683,14.2723,3.616
19284,8/17/2026 10:30,15.8143,71.683,14.2729,3.564
19285,8/17/2026 10:45,15.8313,71.683,14.272,3.605
19286,8/17/2026 11:00,15.808,71.856,14.2695,3.557
19287,8/17/2026 11:15,15.8033,72.028,14.2704,3.544
19288,8/17/2026 11:30,15.8169,72.028,14.2708,3.574
19289,8/17/2026 11:45,15.8323,72.028,14.2687,3.615
19290,8/17/2026 12:00,15.8135,72.028,14.2701,3.568
19291,8/17/2026 12:15,15.793,72.028,14.2646,3.534
19292,8/17/2026 12:30,15.793,72.028,14.2623,3.539
19293,8/17/2026 12:45,15.7987,72.199,14.2616,3.554
19294,8/17/2026 13:00,15.7849,72.199,14.2576,3.531
19295,8/17/2026 13:15,15.7576,72.199,14.2595,3.464
19296,8/17/2026 13:30,15.753,72.372,14.2552,3.463
19297,8/17/2026 13:45,15.7684,72.372,14.2556,3.498
19298,8/17/2026 14:00,15.7615,72.372,14.2539,3.486
19299,8/17/2026 14:15,15.753,72.372,14.2505,3.474
19300,8/17/2026 14:30,15.7655,72.545,14.2481,3.508
19301,8/17/2026 14:45,15.7671,72.545,14.2494,3.509
19302,8/17/2026 15:00,15.738,72.545,14.2442,3.454
19303,8/17/2026 15:15,15.7539,72.718,14.2421,3.495
19304,8/17/2026 15:30,15.7642,72.718,14.2429,3.517
19305,8/17/2026 15:45,15.7624,72.718,14.2447,3.509
19306,8/17/2026 16:00,15.7351,72.718,14.2414,3.454
19307,8/17/2026 16:15,15.733,72.545,14.2413,3.449
19308,8/17/2026 16:30,15.7586,72.545,14.2415,3.508
19309,8/17/2026 16:45,15.7398,72.545,14.2397,3.468
19310,8/17/2026 17:00,15.7415,72.545,14.2405,3.47
19311,8/17/2026 17:15,15.7244,72.545,14.2388,3.435
19312,8/17/2026 17:30,15.7159,72.545,14.2401,3.412
19313,8/17/2026 17:45,15.7227,72.545,14.2386,3.431
19314,8/17/2026 18:00,15.7119,72.372,14.2423,3.398
19315,8/17/2026 18:15,15.7273,72.372,14.245,3.427
19316,8/17/2026 18:30,15.7119,72.372,14.2458,3.39
19317,8/17/2026 18:45,15.724,72.372,14.245,3.419
19318,8/17/2026 19:00,15.7188,72.372,14.2504,3.395
19319,8/17/2026 19:15,15.6961,72.199,14.2555,3.331
19320,8/17/2026 19:30,15.686,72.199,14.2587,3.3
19321,8/17/2026 19:45,15.7047,72.199,14.2601,3.34
19322,8/17/2026 20:00,15.7012,72.199,14.2656,3.319
19323,8/17/2026 20:15,15.7008,72.028,14.265,3.319
19324,8/17/2026 20:30,15.7043,72.028,14.2653,3.327
19325,8/17/2026 20:45,15.6957,72.028,14.2692,3.298
19326,8/17/2026 21:00,15.6815,71.856,14.2742,3.254
19327,8/17/2026 21:15,15.685,71.856,14.2714,3.268
19328,8/17/2026 21:30,15.6867,71.856,14.2748,3.264
19329,8/17/2026 21:45,15.7003,71.856,14.2765,3.292
19330,8/17/2026 22:00,15.6879,71.683,14.2775,3.26
19331,8/17/2026 22:15,15.6828,71.683,14.2778,3.248
19332,8/17/2026 22:30,15.6709,71.683,14.2787,3.219
19333,8/17/2026 22:45,15.6703,71.512,14.2774,3.22
19334,8/17/2026 23:00,15.6892,71.512,14.2752,3.269
19335,8/17/2026 23:15,15.6721,71.512,14.2732,3.234
19336,8/17/2026 23:30,15.6602,71.512,14.274,3.204
19337,8/17/2026 23:45,15.6596,71.339,14.2735,3.204
19338,8/18/2026 0:00,15.6648,71.339,14.2727,3.218
19339,8/18/2026 0:15,15.658,71.339,14.2737,3.2
19340,8/18/2026 0:30,15.6494,71.339,14.2716,3.185
19341,8/18/2026 0:45,15.6545,71.339,14.271,3.198
19342,8/18/2026 1:00,15.6216,71.168,14.2703,3.124
19343,8/18/2026 1:15,15.637,71.168,14.2658,3.17
19344,8/18/2026 1:30,15.6319,71.168,14.2682,3.152
19345,8/18/2026 1:45,15.613,71.168,14.262,3.123
19346,8/18/2026 2:00,15.5976,71.168,14.2614,3.089
19347,8/18/2026 2:15,15.6097,71.168,14.2578,3.125
19348,8/18/2026 2:30,15.6211,70.995,14.2578,3.152
19349,8/18/2026 2:45,15.6126,70.995,14.2587,3.13
19350,8/18/2026 3:00,15.5955,70.995,14.2581,3.092
19351,8/18/2026 3:15,15.599,70.995,14.2581,3.1
19352,8/18/2026 3:30,15.6024,70.995,14.259,3.106
19353,8/18/2026 3:45,15.6053,70.824,14.2568,3.117
19354,8/18/2026 4:00,15.6019,70.824,14.2578,3.107
19355,8/18/2026 4:15,15.5968,70.824,14.2578,3.095
19356,8/18/2026 4:30,15.5831,70.824,14.2592,3.06
19357,8/18/2026 4:45,15.6036,70.824,14.2592,3.108
19358,8/18/2026 5:00,15.5882,70.824,14.2623,3.065
19359,8/18/2026 5:15,15.6104,70.824,14.2623,3.116
19360,8/18/2026 5:30,15.5968,70.824,14.2639,3.081
19361,8/18/2026 5:45,15.595,70.824,14.2608,3.084
19362,8/18/2026 6:00,15.6139,70.824,14.2633,3.122
19363,8/18/2026 6:15,15.5917,70.824,14.2617,3.074
19364,8/18/2026 6:30,15.5849,70.824,14.2617,3.059
19365,8/18/2026 6:45,15.6151,70.651,14.2648,3.121
19366,8/18/2026 7:00,15.6053,70.824,14.2663,3.095
19367,8/18/2026 7:15,15.6203,70.651,14.2694,3.123
19368,8/18/2026 7:30,15.6254,70.651,14.27,3.133
19369,8/18/2026 7:45,15.6304,70.651,14.2716,3.141
19370,8/18/2026 8:00,15.6236,70.651,14.27,3.129
19371,8/18/2026 8:15,15.6425,70.651,14.2707,3.171
19372,8/18/2026 8:30,15.6475,70.651,14.2735,3.176
19373,8/18/2026 8:45,15.6458,70.651,14.2755,3.168
19374,8/18/2026 9:00,15.6203,70.651,14.2746,3.111
19375,8/18/2026 9:15,15.6309,70.824,14.279,3.125
19376,8/18/2026 9:30,15.6343,70.824,14.2771,3.137
19377,8/18/2026 9:45,15.6412,70.824,14.2784,3.15
19378,8/18/2026 10:00,15.6412,70.824,14.279,3.149
19379,8/18/2026 10:15,15.66,70.824,14.278,3.195
19380,8/18/2026 10:30,15.6412,70.824,14.2793,3.148
19381,8/18/2026 10:45,15.6293,70.824,14.2784,3.123
19382,8/18/2026 11:00,15.6326,70.824,14.2811,3.124
19383,8/18/2026 11:15,15.6172,70.824,14.2793,3.093
19384,8/18/2026 11:30,15.6177,70.995,14.2775,3.098
19385,8/18/2026 11:45,15.6177,70.995,14.2781,3.097
19386,8/18/2026 12:00,15.633,70.995,14.2732,3.144
19387,8/18/2026 12:15,15.613,71.168,14.269,3.107
19388,8/18/2026 12:30,15.6165,71.168,14.2698,3.113
19389,8/18/2026 12:45,15.6187,71.339,14.2639,3.132
19390,8/18/2026 13:00,15.6226,71.512,14.2624,3.144
19391,8/18/2026 13:15,15.6059,71.683,14.2594,3.113
19392,8/18/2026 13:30,15.5684,71.683,14.2617,3.021
19393,8/18/2026 13:45,15.5855,71.683,14.2604,3.063
19394,8/18/2026 14:00,15.5837,71.683,14.259,3.063
19395,8/18/2026 14:15,15.5923,71.683,14.2576,3.085
19396,8/18/2026 14:30,15.5757,71.856,14.2556,3.052
19397,8/18/2026 14:45,15.5773,71.856,14.2576,3.051
19398,8/18/2026 15:00,15.574,71.856,14.2542,3.051
19399,8/18/2026 15:15,15.5795,72.028,14.2562,3.059
19400,8/18/2026 15:30,15.5659,72.028,14.2542,3.033
19401,8/18/2026 15:45,15.5813,72.028,14.2539,3.069
19402,8/18/2026 16:00,15.5562,72.199,14.2521,3.015
19403,8/18/2026 16:15,15.5595,72.199,14.2517,3.024
19404,8/18/2026 16:30,15.5595,72.199,14.2523,3.022
19405,8/18/2026 16:45,15.5608,72.028,14.2518,3.026
19406,8/18/2026 17:00,15.5404,72.028,14.2533,2.976
19407,8/18/2026 17:15,15.5454,72.028,14.254,2.986
19408,8/18/2026 17:30,15.5569,71.856,14.2555,3.009
19409,8/18/2026 17:45,15.5312,71.856,14.2562,2.948
19410,8/18/2026 18:00,15.545,71.856,14.2587,2.974
19411,8/18/2026 18:15,15.5444,71.683,14.2582,2.973
19412,8/18/2026 18:30,15.5411,71.683,14.2603,2.961
19413,8/18/2026 18:45,15.5393,71.683,14.2608,2.956
19414,8/18/2026 19:00,15.529,71.683,14.2601,2.934
19415,8/18/2026 19:15,15.536,71.683,14.2607,2.948
19416,8/18/2026 19:30,15.556,71.512,14.2629,2.99
19417,8/18/2026 19:45,15.5218,71.512,14.2652,2.905
19418,8/18/2026 20:00,15.5389,71.512,14.2695,2.935
19419,8/18/2026 20:15,15.5422,71.512,14.2724,2.936
19420,8/18/2026 20:30,15.5338,71.512,14.2723,2.916
19421,8/18/2026 20:45,15.5418,71.339,14.2729,2.933
19422,8/18/2026 21:00,15.5401,71.339,14.2749,2.925
19423,8/18/2026 21:15,15.5385,71.339,14.2761,2.918
19424,8/18/2026 21:30,15.5435,71.339,14.2774,2.927
19425,8/18/2026 21:45,15.5333,71.339,14.2769,2.904
19426,8/18/2026 22:00,15.526,71.168,14.2742,2.894
19427,8/18/2026 22:15,15.5414,71.168,14.2775,2.922
19428,8/18/2026 22:30,15.5363,71.168,14.2748,2.916
19429,8/18/2026 22:45,15.5277,71.168,14.2765,2.892
19430,8/18/2026 23:00,15.5363,71.168,14.2753,2.915
19431,8/18/2026 23:15,15.5225,71.168,14.2726,2.889
19432,8/18/2026 23:30,15.517,70.995,14.2719,2.878
19433,8/18/2026 23:45,15.5238,70.995,14.2737,2.89
19434,8/19/2026 0:00,15.5203,70.995,14.2716,2.887
19435,8/19/2026 0:15,15.5135,70.995,14.271,2.872
19436,8/19/2026 0:30,15.5034,70.995,14.2697,2.852
19437,8/19/2026 0:45,15.5067,70.995,14.2661,2.868
19438,8/19/2026 1:00,15.508,70.824,14.2655,2.872
19439,8/19/2026 1:15,15.4944,70.824,14.2642,2.844
19440,8/19/2026 1:30,15.5045,70.824,14.2636,2.869
19441,8/19/2026 1:45,15.4944,70.824,14.262,2.849
19442,8/19/2026 2:00,15.4773,70.824,14.2584,2.818
19443,8/19/2026 2:15,15.4841,70.824,14.2562,2.838
19444,8/19/2026 2:30,15.4807,70.824,14.2562,2.831
19445,8/19/2026 2:45,15.4876,70.824,14.2562,2.846
19446,8/19/2026 3:00,15.4887,70.651,14.2571,2.847
19447,8/19/2026 3:15,15.4802,70.651,14.2571,2.827
19448,8/19/2026 3:30,15.4887,70.651,14.254,2.854
19449,8/19/2026 3:45,15.4819,70.651,14.254,2.838
19450,8/19/2026 4:00,15.4836,70.651,14.2518,2.847
19451,8/19/2026 4:15,15.4751,70.651,14.2565,2.817
19452,8/19/2026 4:30,15.4768,70.651,14.2581,2.817
19453,8/19/2026 4:45,15.4786,70.651,14.259,2.819
19454,8/19/2026 5:00,15.4887,70.651,14.263,2.833
19455,8/19/2026 5:15,15.487,70.651,14.2614,2.833
19456,8/19/2026 5:30,15.4712,70.48,14.2685,2.78
19457,8/19/2026 5:45,15.4729,70.48,14.2617,2.8
19458,8/19/2026 6:00,15.4797,70.48,14.2658,2.806
19459,8/19/2026 6:15,15.4747,70.48,14.2688,2.787
19460,8/19/2026 6:30,15.4797,70.48,14.2704,2.795
19461,8/19/2026 6:45,15.4747,70.48,14.2719,2.78
19462,8/19/2026 7:00,15.4865,70.48,14.2735,2.804
19463,8/19/2026 7:15,15.4797,70.48,14.2787,2.776
19464,8/19/2026 7:30,15.4865,70.48,14.2793,2.791
19465,8/19/2026 7:45,15.4815,70.48,14.2814,2.774
19466,8/19/2026 8:00,15.4815,70.48,14.2804,2.776
19467,8/19/2026 8:15,15.5008,70.651,14.2848,2.811
19468,8/19/2026 8:30,15.4938,70.651,14.2853,2.793
19469,8/19/2026 8:45,15.4938,70.651,14.2845,2.795
19470,8/19/2026 9:00,15.5024,70.651,14.2856,2.812
19471,8/19/2026 9:15,15.487,70.651,14.2875,2.773
19472,8/19/2026 9:30,15.4955,70.651,14.2888,2.789
19473,8/19/2026 9:45,15.4876,70.824,14.2878,2.773
19474,8/19/2026 10:00,15.4995,70.824,14.2881,2.8
19475,8/19/2026 10:15,15.4982,70.995,14.2891,2.795
19476,8/19/2026 10:30,15.5051,70.995,14.2925,2.803
19477,8/19/2026 10:45,15.4884,71.168,14.2904,2.769
19478,8/19/2026 11:00,15.4953,71.168,14.2932,2.779
19479,8/19/2026 11:15,15.4855,71.339,14.2914,2.76
19480,8/19/2026 11:30,15.4855,71.339,14.2871,2.77
19481,8/19/2026 11:45,15.4893,71.512,14.2853,2.783
19482,8/19/2026 12:00,15.4809,71.512,14.2829,2.77
19483,8/19/2026 12:15,15.4842,71.512,14.2798,2.784
19484,8/19/2026 12:30,15.4761,71.683,14.2746,2.778
19485,8/19/2026 12:45,15.4761,71.683,14.2727,2.782
19486,8/19/2026 13:00,15.4728,71.683,14.2701,2.78
19487,8/19/2026 13:15,15.4728,71.683,14.2695,2.782
19488,8/19/2026 13:30,15.4715,71.856,14.2675,2.783
19489,8/19/2026 13:45,15.4646,71.856,14.2663,2.77
19490,8/19/2026 14:00,15.4651,72.028,14.2614,2.783
19491,8/19/2026 14:15,15.4635,72.028,14.2619,2.778
19492,8/19/2026 14:30,15.4639,72.199,14.2601,2.783
19493,8/19/2026 14:45,15.4639,72.199,14.2598,2.784
19494,8/19/2026 15:00,15.4678,72.372,14.2572,2.799
19495,8/19/2026 15:15,15.4644,72.372,14.2569,2.792
19496,8/19/2026 15:30,15.461,72.372,14.2556,2.787
19497,8/19/2026 15:45,15.4593,72.372,14.2597,2.774
19498,8/19/2026 16:00,15.4593,72.372,14.2559,2.782
19499,8/19/2026 16:15,15.4558,72.372,14.2601,2.764
19500,8/19/2026 16:30,15.4485,72.199,14.2591,2.75
19501,8/19/2026 16:45,15.4485,72.199,14.2565,2.756
19502,8/19/2026 17:00,15.4571,72.199,14.2576,2.773
19503,8/19/2026 17:15,15.4588,72.199,14.2603,2.771
19504,8/19/2026 17:30,15.4446,72.028,14.2608,2.737
19505,8/19/2026 17:45,15.4396,72.028,14.2574,2.733
19506,8/19/2026 18:00,15.4446,72.028,14.2605,2.738
19507,8/19/2026 18:15,15.4499,72.028,14.2623,2.746
19508,8/19/2026 18:30,15.4567,72.028,14.2643,2.757
19509,8/19/2026 18:45,15.4515,72.028,14.2671,2.738
19510,8/19/2026 19:00,15.4477,71.856,14.2668,2.73
19511,8/19/2026 19:15,15.4613,71.856,14.2679,2.759
19512,8/19/2026 19:30,15.4391,71.856,14.2737,2.694
19513,8/19/2026 19:45,15.4493,71.856,14.2723,2.721
19514,8/19/2026 20:00,15.4477,71.856,14.2753,2.71
19515,8/19/2026 20:15,15.4557,71.683,14.2798,2.718
19516,8/19/2026 20:30,15.4557,71.683,14.2798,2.718
19517,8/19/2026 20:45,15.4557,71.683,14.2809,2.716
19518,8/19/2026 21:00,15.4609,71.683,14.2826,2.724
19519,8/19/2026 21:15,15.4574,71.683,14.2836,2.714
19520,8/19/2026 21:30,15.4552,71.512,14.2829,2.71
19521,8/19/2026 21:45,15.4603,71.512,14.2817,2.725
19522,8/19/2026 22:00,15.462,71.512,14.2848,2.722
19523,8/19/2026 22:15,15.448,71.339,14.2842,2.69
19524,8/19/2026 22:30,15.4445,71.339,14.2798,2.692
19525,8/19/2026 22:45,15.453,71.339,14.2817,2.708
19526,8/19/2026 23:00,15.4496,71.339,14.282,2.699
19527,8/19/2026 23:15,15.4445,71.339,14.2782,2.696
19528,8/19/2026 23:30,15.4406,71.168,14.2777,2.688
19529,8/19/2026 23:45,15.4406,71.168,14.2746,2.695
19530,8/20/2026 0:00,15.4355,71.168,14.271,2.692
19531,8/20/2026 0:15,15.43,70.995,14.274,2.672
19532,8/20/2026 0:30,15.4179,70.995,14.2703,2.653
19533,8/20/2026 0:45,15.4265,70.995,14.2682,2.678
19534,8/20/2026 1:00,15.4243,70.824,14.2661,2.677
19535,8/20/2026 1:15,15.4107,70.824,14.2648,2.649
19536,8/20/2026 1:30,15.4193,70.824,14.2627,2.673
19537,8/20/2026 1:45,15.4085,70.651,14.262,2.65
19538,8/20/2026 2:00,15.4171,70.651,14.26,2.675
19539,8/20/2026 2:15,15.4098,70.48,14.2592,2.66
19540,8/20/2026 2:30,15.4149,70.48,14.2572,2.676
19541,8/20/2026 2:45,15.4046,70.48,14.2545,2.659
19542,8/20/2026 3:00,15.3991,70.308,14.2539,2.647
19543,8/20/2026 3:15,15.4092,70.308,14.2547,2.669
19544,8/20/2026 3:30,15.3987,70.137,14.2556,2.642
19545,8/20/2026 3:45,15.4055,70.137,14.2536,2.662
19546,8/20/2026 4:00,15.4088,70.137,14.256,2.664
19547,8/20/2026 4:15,15.4049,69.964,14.2585,2.65
19548,8/20/2026 4:30,15.4033,69.964,14.2563,2.651
19549,8/20/2026 4:45,15.4033,69.964,14.2572,2.649
19550,8/20/2026 5:00,15.4027,69.793,14.2582,2.645
19551,8/20/2026 5:15,15.4045,69.793,14.2613,2.642
19552,8/20/2026 5:30,15.3976,69.793,14.2621,2.624
19553,8/20/2026 5:45,15.404,69.622,14.2632,2.637
19554,8/20/2026 6:00,15.4007,69.622,14.261,2.634
19555,8/20/2026 6:15,15.4023,69.622,14.264,2.631
19556,8/20/2026 6:30,15.4058,69.622,14.2681,2.629
19557,8/20/2026 6:45,15.4087,69.449,14.2711,2.629
19558,8/20/2026 7:00,15.4104,69.449,14.2742,2.626
19559,8/20/2026 7:15,15.4121,69.449,14.2794,2.618
19560,8/20/2026 7:30,15.4139,69.449,14.2784,2.624
19561,8/20/2026 7:45,15.4104,69.449,14.2797,2.613
19562,8/20/2026 8:00,15.4069,69.449,14.2814,2.601
19563,8/20/2026 8:15,15.4172,69.449,14.2853,2.616
19564,8/20/2026 8:30,15.4121,69.449,14.2848,2.606
19565,8/20/2026 8:45,15.4091,69.622,14.2842,2.6
19566,8/20/2026 9:00,15.4143,69.622,14.2851,2.61
19567,8/20/2026 9:15,15.4079,69.793,14.2891,2.586
19568,8/20/2026 9:30,15.4117,69.964,14.2884,2.596
19569,8/20/2026 9:45,15.4105,70.137,14.2864,2.598
19570,8/20/2026 10:00,15.4059,70.308,14.2878,2.584
19571,8/20/2026 10:15,15.4136,70.651,14.2864,2.606
19572,8/20/2026 10:30,15.409,70.824,14.2855,2.597
19573,8/20/2026 10:45,15.4056,70.824,14.2865,2.587
19574,8/20/2026 11:00,15.4047,71.168,14.2875,2.583
19575,8/20/2026 11:15,15.3968,71.339,14.2878,2.564
19576,8/20/2026 11:30,15.3984,71.339,14.2855,2.573
19577,8/20/2026 11:45,15.3955,71.512,14.2853,2.566
19578,8/20/2026 12:00,15.3994,71.683,14.2848,2.577
19579,8/20/2026 12:15,15.3969,72.028,14.2827,2.576
19580,8/20/2026 12:30,15.3956,72.199,14.2816,2.576
19581,8/20/2026 12:45,15.391,72.372,14.2765,2.577
19582,8/20/2026 13:00,15.385,72.718,14.2769,2.562
19583,8/20/2026 13:15,15.3907,72.891,14.2752,2.579
19584,8/20/2026 13:30,15.3786,72.891,14.271,2.561
19585,8/20/2026 13:45,15.3826,73.062,14.2708,2.571
19586,8/20/2026 14:00,15.3404,73.234,14.2691,2.477
19587,8/20/2026 14:15,15.2942,73.234,14.2674,2.374
19588,8/20/2026 14:30,15.3425,73.407,14.2656,2.49
19589,8/20/2026 14:45,15.3476,73.407,14.2669,2.499
19590,8/20/2026 15:00,15.3412,73.58,14.2681,2.482
19591,8/20/2026 15:15,15.3434,73.753,14.2648,2.494
19592,8/20/2026 15:30,15.3434,73.753,14.2648,2.494
19593,8/20/2026 15:45,15.3422,73.926,14.2617,2.499
19594,8/20/2026 16:00,15.3388,73.926,14.2626,2.489
19595,8/20/2026 16:15,15.3372,73.926,14.2613,2.488
19596,8/20/2026 16:30,15.335,73.753,14.2623,2.481
19597,8/20/2026 16:45,15.3264,73.753,14.2632,2.459
19598,8/20/2026 17:00,15.3332,73.753,14.265,2.47
19599,8/20/2026 17:15,15.3293,73.58,14.261,2.47
19600,8/20/2026 17:30,15.3276,73.58,14.262,2.464
19601,8/20/2026 17:45,15.3276,73.58,14.264,2.459
19602,8/20/2026 18:00,15.3311,73.58,14.2639,2.468
19603,8/20/2026 18:15,15.334,73.407,14.2661,2.469
19604,8/20/2026 18:30,15.3306,73.407,14.2636,2.467
19605,8/20/2026 18:45,15.3353,73.234,14.2658,2.473
19606,8/20/2026 19:00,15.3353,73.234,14.2672,2.47
19607,8/20/2026 19:15,15.3353,73.234,14.2687,2.466
19608,8/20/2026 19:30,15.3314,73.062,14.2678,2.459
19609,8/20/2026 19:45,15.3314,73.062,14.2682,2.458
19610,8/20/2026 20:00,15.3347,73.062,14.2726,2.456
19611,8/20/2026 20:15,15.3382,73.062,14.2784,2.45
19612,8/20/2026 20:30,15.3428,72.891,14.2775,2.463
19613,8/20/2026 20:45,15.3411,72.891,14.2797,2.454
19614,8/20/2026 21:00,15.3411,72.891,14.2858,2.44
19615,8/20/2026 21:15,15.3377,72.891,14.2822,2.441
19616,8/20/2026 21:30,15.336,72.891,14.2836,2.433
19617,8/20/2026 21:45,15.3389,72.718,14.2846,2.438
19618,8/20/2026 22:00,15.3406,72.718,14.2861,2.438
19619,8/20/2026 22:15,15.3441,72.718,14.2855,2.448
19620,8/20/2026 22:30,15.3406,72.718,14.2849,2.441
19621,8/20/2026 22:45,15.3406,72.718,14.2842,2.443
19622,8/20/2026 23:00,15.3389,72.718,14.2852,2.436
19623,8/20/2026 23:15,15.3406,72.718,14.283,2.445
19624,8/20/2026 23:30,15.3373,72.718,14.2798,2.445
19625,8/20/2026 23:45,15.3321,72.718,14.2809,2.431
19626,8/21/2026 0:00,15.3303,72.718,14.2778,2.434
19627,8/21/2026 0:15,15.327,72.718,14.2771,2.428
19628,8/21/2026 0:30,15.327,72.718,14.274,2.435
19629,8/21/2026 0:45,15.3219,72.718,14.2719,2.428
19630,8/21/2026 1:00,15.318,72.545,14.2688,2.426
19631,8/21/2026 1:15,15.3198,72.545,14.2666,2.435
19632,8/21/2026 1:30,15.318,72.545,14.263,2.439
19633,8/21/2026 1:45,15.3112,72.545,14.2617,2.427
19634,8/21/2026 2:00,15.306,72.545,14.2575,2.424
19635,8/21/2026 2:15,15.3077,72.545,14.2568,2.43
19636,8/21/2026 2:30,15.3077,72.545,14.2556,2.433
19637,8/21/2026 2:45,15.3044,72.545,14.2575,2.42
19638,8/21/2026 3:00,15.3038,72.372,14.2553,2.424
19639,8/21/2026 3:15,15.2987,72.372,14.254,2.415
19640,8/21/2026 3:30,15.3022,72.372,14.2518,2.428
19641,8/21/2026 3:45,15.3016,72.199,14.2529,2.425
19642,8/21/2026 4:00,15.2983,72.199,14.2498,2.424
19643,8/21/2026 4:15,15.2966,72.199,14.2537,2.411
19644,8/21/2026 4:30,15.2983,72.199,14.2562,2.409
19645,8/21/2026 4:45,15.2983,72.199,14.2547,2.413
19646,8/21/2026 5:00,15.2961,72.028,14.2578,2.401
19647,8/21/2026 5:15,15.2979,72.028,14.2578,2.405
19648,8/21/2026 5:30,15.3012,72.028,14.2592,2.409
19649,8/21/2026 5:45,15.2995,72.028,14.2614,2.4
19650,8/21/2026 6:00,15.3064,72.028,14.2675,2.402
19651,8/21/2026 6:15,15.3064,72.028,14.2675,2.402
19652,8/21/2026 6:30,15.3047,72.028,14.2691,2.394
19653,8/21/2026 6:45,15.3064,72.028,14.2707,2.395
19654,8/21/2026 7:00,15.3102,72.199,14.2774,2.388
19655,8/21/2026 7:15,15.3154,72.199,14.2795,2.395
19656,8/21/2026 7:30,15.3119,72.199,14.2817,2.382
19657,8/21/2026 7:45,15.3187,72.199,14.2835,2.394
19658,8/21/2026 8:00,15.317,72.199,14.2859,2.384
19659,8/21/2026 8:15,15.3141,72.372,14.2875,2.373
19660,8/21/2026 8:30,15.3176,72.372,14.2839,2.39
19661,8/21/2026 8:45,15.3158,72.372,14.2885,2.375
19662,8/21/2026 9:00,15.3198,72.545,14.2885,2.384
19663,8/21/2026 9:15,15.3198,72.545,14.2848,2.393
19664,8/21/2026 9:30,15.3214,72.545,14.2881,2.389
19665,8/21/2026 9:45,15.3202,72.718,14.2907,2.38
19666,8/21/2026 10:00,15.3138,72.891,14.2898,2.368
19667,8/21/2026 10:15,15.3224,72.891,14.2903,2.386
19668,8/21/2026 10:30,15.3177,73.062,14.2919,2.372
19669,8/21/2026 10:45,15.3164,73.234,14.2919,2.369
19670,8/21/2026 11:00,15.3174,73.58,14.29,2.376
19671,8/21/2026 11:15,15.3144,73.753,14.2887,2.372
